,SMILES,True
0,Cc1cn(-c2ccnc(Nc3cc(C)c(OCCO)c(C)c3)n2)cc1CN1CCC(O)C1,-4.987162775294828
1,O=C(O)C1CCN(c2nc(-c3ccc(Br)cc3)cs2)CC1,-4.486782399932061
2,N#Cc1ccc2cc3c(=O)[nH]c(=O)nc-3n(-c3ccccc3)c2c1,-6.356547323513812
3,CCCC(CC1(C(=O)NC2(CO)Cc3ccccc3C2)CCCC1)C(=O)O,-5.221848749712267
4,Cc1cc(CC(NC(=O)N2CCC(c3cc4ccccc4[nH]c3=O)CC2)C(=O)N2CCN(C3CCN(C)CC3)CC2)cc2cn[nH]c12,-5.795880017344075
5,O=C1C(NS(=O)(=O)c2cc3ccc(Cl)nc3s2)CCCN1c1ccc(-n2ccccc2=O)cc1F,-5.080921907623926
6,CC(=O)OC(C)OC(=O)C(Cc1ccc(-c2c(C)n(C)c(=O)n(C)c2=O)cc1)NC(=O)c1c(F)cccc1F,-4.920818753952375
7,CC(=O)NC1CCN(C(=O)c2ccc(O)cc2OCC(O)CN2CCC3(CC2)Cc2cc(Cl)ccc2O3)C1,-6.698970004336019
8,CC(C)C(N)C(=O)OCC1OC(n2cc(F)c(=O)[nH]c2=O)CC1O,-5.6500001
9,Cc1ncnc(C)c1C(=O)N1CC2CN(CCC3(c4cccc(F)c4)CCN(C(=O)C(C)(C)C)CC3)CC2C1,-5.525783735923745
10,N=C(N)c1cccc(CC(CC(=O)N2CCCCC2C(=O)O)NS(=O)(=O)c2ccc3ccccc3c2)c1,-7.381874764719775
11,Cc1nc2cc(C3CCCCN3C(=O)c3ccccc3NS(C)(=O)=O)nn2c(C)c1C,-4.657577319177793
12,CCCC(=O)c1cc(C#N)c(N2CCC(C(=O)NS(=O)(=O)Cc3ccc(C)cc3)CC2)nc1C,-5.853871964241321
13,Cc1nc(-n2ccc(C3CC3)cc2=O)sc1C(=O)NCc1ccccc1,-4.552841968743335
14,O=C(O)c1cc(-c2ccc(F)c(F)c2)ncn1,-4.866461091629782
15,c1ccc(Cn2cnc3ccccc32)cc1,-4.148961377453436
16,CC(C)(C)CCN1C(=O)C(=C2NS(=O)(=O)c3ccccc32)C(=O)C1C(C)(C)C,-5.004364805
17,CCC(=O)OC1(CCN(C)CCCc2nc3ccccc3[nH]2)CCc2cc(F)ccc2C1C(C)C,-5.3381872
18,CCc1nc(N)nc(N)c1-c1ccc2c(c1)N(CCCCO)C(=O)C(C)(c1cc(F)cc(F)c1)O2,-4.97469413473523
19,Cn1c(N2CCCN(CCCN3c4cc(C(=O)O)ccc4COc4ccccc43)CC2)cc(=O)n(C)c1=O,-5.7958800171720375
20,CC(C)CCOC(=O)c1cnc(N2CCN(C(=O)NS(=O)(=O)c3ccc(Cl)s3)CC2)c(Cl)c1,-6.356547323513812
21,CC(CO)NC(=O)C1C=C2c3cccc4[nH]cc(c34)CC2N(C)C1,-5.168033097021803
22,CCCCn1c(=O)c2cccnc2n1Cc1ccc(-c2ccccc2-c2nn[nH]n2)cc1,-5.749579997691106
23,CC(C)CC1NC(=O)C(CC(C)C)NC(=O)C(Cc2c[nH]c3ccccc23)NC(=O)C2CCCN2C(=O)C(CC(C)C)NC(=O)C(CC(C)C)NC1=O,-5.002432997606288
24,Cn1ncc2cc(Cc3[nH]nc4ccc(C(=O)N5CCC(F)(F)C5)cc34)ccc21,-4.4762535330942175
25,NCc1cccc(Cc2ncccn2)c1,-4.5968794920590685
26,CC(CO)Nc1cc(NS(=O)(=O)N2CCNCC2)nc(SCc2cccc(Cl)c2F)n1,-7.0
27,Cn1nnc(-c2ccc3c(c2)c(C2CCN(CCN4CCNC4=O)CC2)cn3-c2ccc(F)cc2)n1,-4.920818753952375
28,Cc1ccc(NS(C)(=O)=O)c(C(=O)N2CCCCC2c2cc3nc(C4CC4)c(C)cn3n2)c1,-4.481486060122112
29,CNCC(=O)NC(c1cccc(F)c1N1CCN(C(=O)C(C)Cc2ccc(Cl)cc2Cl)CC1)C(C)C,-5.69957071844534
30,CC(C(=O)NCCc1ccc(O)cc1)c1cccc(C(=O)c2ccccc2)c1,-4.886056647693163
31,COc1ccc2c(OC3CC4C(=O)NC5(C(=O)NS(=O)(=O)C6CC6)CC5C=CCCCCCC(NC(=O)c5ccn(C)n5)C(=O)N4C3)cc(OC(C)C)nc2c1C,-6.096910013008056
32,CCCC(=O)c1cnn(-c2ccc(NC(=O)c3cn(CC(=O)N4CCN(C)CC4)c4ccc(Cl)cc34)nn2)c1C,-6.096910013008056
33,CC(=O)NC(Cc1ccccc1)C(O)CNC1CC(C)(C)Oc2sc(CC(C)(C)C)cc21,-5.251811972995349
34,COc1cc(Sc2c(-c3cccnc3)[nH]c3ccccc23)cc(OC)c1OC,-5.262641144450221
35,N=C(N)NCCCC1NC(=O)C(Cc2ccccc2)NC(=O)C(Cc2ccccc2)NC(=O)CCCCC(=O)NCCCN(CC(N)=O)C(=O)C(Cc2c[nH]c3ccccc23)NC1=O,-4.721246399047171
36,CN(C)CCCN1c2ccccc2Sc2ccc(Cl)cc21,-4.877325408711676
37,NC(CC(=O)O)C(=O)OCC1OC(n2cc(F)c(=O)[nH]c2=O)CC1O,-6.4899998
38,CCCCCCC(N)C(=O)NC(Cc1c(C)cc(O)cc1C)C(=O)N1CCCC1C(=O)NC(Cc1c[nH]c2ccccc12)C(=O)NC(Cc1ccccc1)C(N)=O,-6.267149017824758
39,CC(C)CC1C(=O)N2CCCC2C2(O)OC(NC(=O)C3C=C4c5cccc6[nH]c(Br)c(c56)CC4N(C)C3)(C(C)C)C(=O)N12,-5.845
40,CC(CO)Nc1cc(NS(=O)(=O)N(C)C)nc(SCc2cccc(Cl)c2F)n1,-5.1938200260161125
41,CC(C)(NC(=O)c1nc(-c2cccc(-c3ccc(N)nc3)c2)cnc1N)C1CCNCC1,-5.924453038803735
42,Cn1ncc([N+](=O)[O-])c1C(=O)O,-5.267606240177032
43,CCCCC1C(=O)C(=O)N(c2ccccc2)N1c1ccccc1,-4.9982662
44,Cc1cc(COc2ccc(C(=O)NC3(CC(=O)NO)CCN(Cc4ccccc4)CC3)cc2)c2ccccc2n1,-7.0
45,O=C(NC1CCCCC1)c1cccnc1NC1CCCCC1,-5.013228265800316
46,NC(N)=NN=Cc1c(Cl)cccc1Cl,-4.483951806357073
47,C=CCC1(O)CCC2C3CCC4=CC(=O)CCC4=C3C(c3ccc(P(=O)(c4ccccc4)c4ccccc4)cc3)CC21C,-5.585026652029182
48,NCc1cccc(-n2nc(C(F)(F)F)cc2C(=O)Nc2ccc(-c3ccccc3S(N)(=O)=O)cc2F)c1,-6.01535947787959
49,Cc1cn2nc(C3CCCCN3C(=O)c3cc(Cl)ccc3NS(C)(=O)=O)cc2nc1N1CCC(C#N)C1,-4.75713928675921
50,O=C1CC(c2ccc(CC(Nc3nc4cc(Cl)ccc4s3)c3nc4ccccc4[nH]3)cc2)S(=O)(=O)N1,-6.096910013008056
51,C=CCNC(=O)c1cccnc1NCC=C,-4.329754146944407
52,CCN1CCN(c2ccc(Nc3nc4cc(Oc5ccnc(C(=O)NC)c5)ccc4o3)cc2)CC1,-5.0
53,Cc1nc(-c2nc[nH]n2)ccc1-c1cnc2c(n1)N(CCC1CCOCC1)CC(=O)N2,-5.096910013008056
54,Cc1cc(COc2ccc(NC(=O)C3NCCCC3C(=O)NO)cc2)c2ccccc2n1,-5.6575773190888965
55,NC(=O)c1sc2ncccc2c1N,-4.892790030352131
56,CCc1cc(S(=O)(=O)Nc2ccc(F)cc2F)cc2c1NC(=O)C(C)(CC)NC2=O,-4.619788758288394
57,CC(C)(C)CCN1C(=O)C(C2=NS(=O)(=O)c3cc(NS(C)(=O)=O)ccc3N2)=C(O)C2CCCC21,-5.381951903287908
58,Nc1noc2ccc(-n3nc(C(F)(F)F)cc3C(=O)Cc3ccc(-n4ccccc4=O)cc3F)cc12,-5.119186407789407
59,CNC(=O)c1ccc(O)cc1OCC(O)CN1CCC2(CC1)Cc1cc(Cl)ccc1O2,-4.853871964321762
60,COc1cc(CNC(=O)C(CC2CCCCC2)NC(=N)NC(=O)Cc2ccc(OC)c(OC)c2)ccc1F,-5.301029995663981
61,Cc1cc(F)ccc1-c1c(Oc2ccc(C=CC(=O)O)cc2)c2ccc(O)cc2oc1=O,-4.721246399035378
62,COc1cccc(C(=O)Nc2ccc(NC(=O)c3ccco3)cc2)c1,-4.958607314841775
63,COC(=O)c1c(Cc2ccc(C(=O)NCCO)cc2)c(=O)c2ccc(C)nc2n1-c1ccccc1,-7.664174490037768
64,CC(C)CNC(=O)C(C)NCC(Cc1ccccc1)NC(=O)c1cc(CCC2CC2C)cc(N(C)S(C)(=O)=O)c1,-4.619788659358147
65,C=CCNC(=O)C(=O)C(CCC)NC(=O)C1CC2CN1C(=O)C(C1CCCCC1)NC(=O)Cc1cccc(c1)OCCC(C)(C)O2,-5.0300002
66,CCOC(=O)c1cc(C#N)c(N2CCN(C(=O)NS(=O)(=O)c3ccc(Cl)s3)CC2C)nc1C,-6.508638306165727
67,CC(c1cc(C(=O)N2CCC(O)CC2)cc2c(=O)cc(N3CCOCC3)oc12)N(C)c1cc(F)cc(F)c1,-5.337242168318426
68,C=CCCCS(=O)(=O)NC(=O)c1ccccc1NC(=O)C(NC(=O)C(NC(=O)OC(C)(C)C)C(C)(C)C)c1ccc(Oc2cc(OC)nc(-c3ccccc3)n2)cc1,-6.657577319133345
69,CNC(=O)c1ccc(C)c(-n2c(C)cc(OCc3ccc(F)cc3F)c(Br)c2=O)c1,-4.770360814989953
70,CCN(C(=O)c1ccc(C#N)cc1)c1ccc(C(O)(C(F)(F)F)C(F)(F)F)cc1,-4.412289034981089
71,O=C(O)CCCN1CC(c2nn[nH]n2)Oc2c(CCc3ccc(OCCCCc4ccccc4)cc3)cccc21,-6.2839966561826
72,Cc1c(Cc2ccc(=O)n(Cc3ccc(F)cc3F)n2)c2cc(F)ccc2n1CC(=O)O,-5.1487416512809245
73,CCC(C)CN1C(=O)c2ccccc2C(C(=O)O)C1c1cc2ccccc2o1,-4.920818753952375
74,CS(=O)(=O)Nc1ccc2c(c1)S(=O)(=O)N=C(C1=C(O)C3CCCC3N(Cc3ccc(F)cc3)C1=O)N2,-5.795880017344075
75,CCOc1cc(NC(=O)C2(NC(=O)c3ccc4c(C5CCCC5)c(-c5ncc(Cl)cn5)n(C)c4c3)CCC2)ncc1C=CC(=O)O,-4.823908740944319
76,COC(=O)NC(C(=O)NN(Cc1ccc(-c2cccnc2)cc1)CC(O)(Cc1ccccc1)C(=O)NC1c2ccccc2CC1O)C(C)(C)C,-4.481486060122112
77,COc1ccc(-c2nc(OC3CC4C(=O)NC5(C(=O)NS(=O)(=O)C6CC6)CC5C=CCCCCN(C)C(=O)C4C3)c3ccc(OC)c(C)c3n2)cc1,-5.048409183960253
78,C=C(C)CN1CC(NC(=O)c2ccc(OCc3cc(C)nc4ccccc34)cc2)C(C(=O)NO)C1,-5.008773924307505
79,COc1ccc2ccc(=O)n(CCN3CCC(NCc4ccc5c(n4)NC(=O)CO5)CC3)c2n1,-5.9586073148813306
80,NCC(=O)CCC(=O)O,-5.340000200000001
81,CCCC(=O)c1cnn(-c2ccc(NC(=O)c3cn(CC(=O)N4CCN(CCOC)CC4)c4ccc(Cl)cc34)cc2)c1C,-5.366531544420414
82,Cc1ccc(NC(=O)c2ccc3nc(-c4c(C)cc(CCC(=O)O)cc4C)[nH]c3c2)cc1C,-6.259637310505756
83,O=C(NC1CC1)c1ccc(O)cc1OCC(O)CN1CCC2(CC1)Cc1cc(Cl)ccc1O2,-4.920818753952375
84,COC(=O)NC1(c2ccccc2)CCN(CC2CC2(C(=O)N(C)Cc2ccccc2)c2ccc(Cl)c(Cl)c2)CC1,-6.397940008754028
85,Clc1ccc(Cn2cc(NCCN3CCOCC3)nn2)cc1Cl,-4.335358024443875
86,Clc1ccc(Nc2nnc(-c3cccnc3CCc3ccncc3)o2)cc1Cl,-5.320284486403976
87,CCCCCCc1nc2cc(C=CC(=O)NO)ccc2n1CCN(C)C,-5.018181392829336
88,CNCc1cc(OCc2ccc3ccc(N)nc3c2)ccc1Cl,-5.638272163982407
89,CCc1nc(Cl)ncc1C(=O)Nc1cc(C(F)(F)F)cc(C(F)(F)F)c1,-5.236572006437063
90,COc1cc(N2CCN(C)CC2)ccc1-c1nc2c(NC3C4C=CC(C4)C3C(N)=O)c(Cl)cnc2[nH]1,-5.301029995747986
91,NC(=O)Nc1ccccc1OCC(O)CN1CCC2(CC1)Cc1cc(Cl)ccc1O2,-4.853871964321762
92,CCCC(=O)c1cnn(-c2ccc(NC(=O)c3cn(CC(=O)N4CCN(C)CC4)c4cc(F)c(Cl)cc34)cc2)c1C,-5.958607314841775
93,CS(=O)(=O)Nc1ccc2c(c1)S(=O)(=O)N=C(C1=C(O)C3CCCC3N(Cc3ccc(F)c(F)c3)C1=O)N2,-6.080921907623926
94,O=C(CCC1=CCN(CCCc2ccc3ccccc3c2)C1=O)NO,-4.787812395596042
95,CC(C)C1(C)CC(=O)N(Cc2cccc(C(=O)NCc3ccccc3)c2)C(=N)N1,-7.045757490560675
96,O=[N+]([O-])c1ccc(C2=NOC(c3ccc(N4CCOCC4)cc3)C2)o1,-4.764976840504777
97,Oc1cc(O)c2c(c1)OC(c1cc(O)c(O)c(O)c1)C(O)C2,-6.828008532896932
98,CC(C)OC(=O)CCCC=CCC1C(O)CC(O)C1CNCC(=O)Nc1nnc(S(N)(=O)=O)s1,-5.6777807052660805
99,C=CCN1CCC2(C)c3cc(O)ccc3CC1C2C,-4.694648630665032
100,COc1ccc(-c2nnc(C(=O)N3CC(Oc4ccc(CN(C)C)cc4)C3)o2)cc1,-4.173925197299173
101,Cn1c(N2CCCN(CCCN3c4ccccc4Sc4ccc(C=CC(=O)O)cc43)CC2)cc(=O)n(C)c1=O,-4.753301473397014
102,CC1COCCN1c1nc(-c2cncc3[nH]ccc23)cc2c1ncn2C(C)S(C)(=O)=O,-5.698970004252014
103,CCc1c(CCCC(=O)O)cccc1-c1ccc(-c2ccc(OC(C)C)c(C#N)c2)s1,-4.522878745280337
104,CC(C)(C)c1nn2ccccc2c1Cc1ccc(C(=O)NC2CCOCC2C(=O)NO)cc1,-5.366531454157655
105,COC(=O)OC1CC2OCC2(OC(C)=O)C2C(OC(=O)c3ccccc3)C3(O)CC(OC(=O)C(O)C(NC(=O)OC(C)(C)C)c4ccccn4)C(C)=C(C(OC)C(=O)C12C)C3(C)C,-5.343901797990377
106,CC(C)n1c(=O)c(C(=O)NC2CC3CCC(C2)N3CCCCCCCN2CCC(CNS(C)(=O)=O)CC2)cc2ccccc21,-5.698970004336019
107,CC(CCC(=O)NCC(=O)[O-])C1CCC2C3C(O)CC4CC(O)CCC4(C)C3CC(O)C12C,-5.7141905
108,CCN(Cc1ccccc1C(F)(F)F)C(=O)C1CCN(S(=O)(=O)c2ccc3[nH]ncc3c2)CC1,-4.6020599913279625
109,CCN(CC)CCN(Cc1ccc(-c2ccc(C(F)(F)F)cc2)cc1)C(=O)Cn1cc(C)c(=O)nc1SCc1ccc(F)cc1,-4.653234229606962
110,COc1cc(Nc2cnc(C#N)c(OC(C)CN(C)C)n2)ncc1-c1cnn(C)c1,-4.537602002101044
111,COc1cc(C(C)C)c(Oc2cnc(NC(CO)CO)nc2N)cc1I,-5.025488307262672
112,Nc1noc2ccc(-n3nc(C(F)(F)F)cc3C(=O)Nc3ccc(-c4ccccc4CNC4CCC4)cc3F)cc12,-6.080921907623926
113,CSc1cn2c(-c3cn[nH]c3)cnc2c(Nc2cc(C)ns2)n1,-4.198596289982645
114,CC(=O)NC(Cc1ccccc1)C(=O)NCCc1ccccc1,-4.418549758462624
115,Cc1cnc2nnn(Cc3ccc4ncccc4c3)c2n1,-4.450996737974212
116,O=C(NCCCNc1nc(Nc2ccc(-n3cncn3)cc2)ncc1C1CC1)C1CCC1,-5.0
117,N#Cc1ccc(NCC(F)(F)c2ccccc2)c(F)c1CC(=O)NCCONC(=N)N,-5.764430493065666
118,Cc1c(CN(CCc2ccc([N+](=O)[O-])cc2)C2CCN(C(=O)c3ccccn3)CC2)c(=O)n(-c2ccc(F)cc2)n1C,-5.107905397232139
119,CN1C(=O)CC(N2CCCN(CCC=C3c4ccccc4COc4ccc(C(=O)O)cc43)CC2)N(C)C1=O,-5.420000099999999
120,Cn1cncc1CN1CC(N(CC2CCN(C(=O)c3ccccc3)CC2)S(=O)(=O)c2ccccn2)Cc2cc(C#N)ccc21,-6.301029995663981
121,COc1ccc(N2N=C(S(C)(=O)=O)C3CCN(c4ccc(C5(CN(C)C)CC5)cc4)C(=O)C32)cc1,-6.096910013006042
122,COCN1C(=O)N(COC)C(=O)C(c2ccccc2)(c2ccccc2)C1=O,-4.4499998
123,O=C1COc2ccc(CNC3CCN(CCn4c(=O)ccc5ncc(F)cc54)CC3F)nc2N1,-5.105350694455378
124,Cn1c(-c2cccc(N)n2)c(C2CCCC2)c2ccc(C(=O)NC3(C(=O)Nc4ccc(C=CC(=O)O)cc4)CCC3)cc21,-5.7447274948966935
125,O=C(CCCN1CCC(O)(c2cccc(Cl)c2)CC1)c1ccc(F)cc1,-4.7918277
126,CC(C)n1c(N)nc2ccc(C(C(N)=O)c3cccc(F)c3F)cc21,-5.179313664996436
127,Nc1nc2c(c(-c3c(Cl)cc(Cl)cc3OCCn3cccn3)n1)CN(C(=O)NCC(F)(F)F)C2,-6.017728766960431
128,COc1cc(OC)cc(-c2cc(NC(C)=O)nc(-n3nc(C)cc3C)n2)c1,-5.619788758288394
129,O=C(N1CCC(c2cn[nH]c2)C1)N1CCNc2ccccc21,-4.856985199745905
130,Cc1ccc(C(=O)Nc2ccc(OC(CCN(C)C)c3ccccc3)cc2)cc1Cl,-4.70114692369272
131,Cc1cc(Cc2cccc(C(=O)NC3COCC3C(=O)NO)c2)c2ccccc2n1,-7.0
132,CC(C)NCC(C(=O)N1CCN(c2ncnc3c2C(C)CC3)CC1)c1ccc(Cl)cc1,-4.87942606879415
133,COc1cc(NC(=O)C2(NC(=O)c3ccc4c(C5CCCC5)c(-c5ccccn5)n(C)c4c3)CCC2)cc(OC)c1C=CC(=O)O,-4.7544873321858505
134,CC1OC(OC2C(=O)c3c(O)cc(O)cc3OC2c2ccc(O)c(O)c2)C(O)C(O)C1O,-6.8200002
135,CCCCN1C(=O)C(CC2CCCCC2)NC(=O)C12CCN(CCc1cccc(Oc3ccc(C(=O)O)cc3)c1)CC2,-4.578396073130169
136,Cc1cc(Cc2ccc(C(=O)NC3CCOCC3C(=O)NO)cc2)c2ccccc2n1,-6.221848749616356
137,NCC1CC1(C(=O)C1NCc2ccccc21)c1ccsc1,-5.327902142048212
138,O=c1c(O)c(-c2ccc(O)c(O)c2)oc2cc(O)c(O)c(O)c12,-6.6999998
139,CN1CCN(C2=c3ccccc3=Nc3ccc(Cl)cc3N2)CC1,-4.5100002
140,Cc1[nH]n(-c2nc3ccccc3s2)c(=O)c1-c1ccccc1,-5.173925197299173
141,Cc1onc(-c2ccccc2Cl)c1C(=O)NC1C(=O)N2C1SC(C)(C)C2C(=O)O,-5.579999900000001
142,Cn1c(-c2cnccn2)c(C2CCCC2)c2ccc(C(=O)NC3(C(=O)Nc4ccc(C=CC(=O)O)cc4)CCC3)cc21,-5.0
143,Brc1ccc(C2(Cc3cccnc3)c3ccccc3-c3nccn32)cc1,-4.508638306165727
144,N#Cc1ccc2cc3c(=O)[nH]c(=O)nc-3n(-c3cccc(-c4nnn[nH]4)c3)c2c1,-5.872895201635193
145,Cc1cc(CC(NC(=O)N2CCN(c3ccccc3Br)CC2)C(=O)N2CCC(N3CCCCC3)CC2)cc2cn[nH]c12,-5.251811972993799
146,CC(=O)SC1CC2=CC(=O)CCC2(C)C2CCC3(C)C(CCC34CCC(=O)O4)C12,-4.940681709894516
147,Cc1ncc2n1-c1ccc(Cl)cc1C(c1ccccc1F)=NC2,-4.314008134092068
148,Cc1coc2cc(Cl)c(Oc3ccncc3C(=O)N3CCN(C4CC4)c4ccccc43)cc12,-5.67778070519956
149,CN(Cc1ccc(F)cc1)C(=O)C1(c2ccc(Cl)c(Cl)c2)CC1CN1CCN(C(=O)CN2CCOCC2)CC1,-4.455931955649724
150,O=C(c1ccc(O)cc1OCC(O)CN1CCC2(CC1)Cc1cc(Cl)ccc1O2)N1CCC(O)C1,-6.548455006504028
151,Cc1ccc(-c2nn(Cc3ccccc3)c(=O)c(C3=CS(=O)(=O)c4ccccc4N3)c2O)s1,-6.522878745280337
152,N#CCNC(=O)c1ccc(-c2ccnc(Nc3ccc(N4CCOCC4)cc3)n2)cc1,-4.517126416293435
153,CCC1(C)NC(=O)c2cc(S(=O)(=O)Nc3ccc(C(F)(F)F)cc3F)cc(Cl)c2NC1=O,-4.537602002101044
154,Cc1cc(CN(C)C(=O)c2ccc(Oc3ccc(C#CC4(O)CN5CCC4CC5)cc3)cc2)on1,-5.086186147712213
155,CNc1cc(F)cc(-c2c[nH]c(=O)c(NC(=O)c3ccc(N4CCCC4CN4CCCC4)cc3)c2)c1,-5.481486060122113
156,N#Cc1ccc(C2CCN(CCc3cnn(-c4nccc5c(O)ncnc45)c3)CC2)cc1,-5.735182176995232
157,Cc1nsc(-c2nnc3n2CCN(C(=O)c2ccc(F)cc2)C3CCO)n1,-5.04095860775918
158,Cc1ccccc1C(OCCN(C)C)c1ccccc1,-4.9788108
159,COc1ccc(-n2nc(C(N)=O)c3c2C(=O)N(c2ccc(C4(CN5CCCC5=O)CC4)cc2)CC3)cc1,-6.096910013006042
160,Cc1ccc(Cn2cnc(=O)c3cc(Oc4ncccc4C(F)(F)F)ccc32)c(F)c1,-5.075720713938118
161,CCc1ccccc1Nc1nc2cc(Oc3ccnc(C(=O)NC)c3)ccc2o1,-5.0
162,O=C(Cc1nc(O)cc(N2CCOCC2)n1)N1CCc2c(F)cccc21,-5.267606240088516
163,COC(=O)OC1C(=O)C2(C)C(OC)CC3OCC3(OC(C)=O)C2C(OC(=O)c2ccccc2)C2(O)CC(OC(=O)C(O)C(NC(=O)c3ccccc3)c3ccccc3)C(C)=C1C2(C)C,-5.358525889371926
164,CC(=O)N1CCC(CN2CCC(CNC(=O)c3cccc4[nH]c(C(C)C)nc34)CC2)CC1,-5.221848749616356
165,COCCNC(=O)C(NC(=O)C(O)(Cc1ccccc1)CN(Cc1ccc(Br)cc1)NC(=O)C(CC(=O)OC)C(C)(C)C)C(C)C,-5.3200002
166,Cc1nnc(C(C)C)n1C1CC2CCC(C1)N2CCC(NC(=O)C1CCC(F)(F)CC1)c1ccccc1,-6.0
167,N=C(N)NCCCNC(=O)C1CCCCN1C(=O)C(CC1CCCCC1)NCC(=O)O,-7.214670164989233
168,CC1COc2c(N3CCN(C)CC3)c(F)cc3c(=O)c(C(=O)O)cn1c23,-4.672156797658704
169,COc1ccc(-c2cc(=O)c3c(O)cc(O)cc3o2)cc1O,-4.1180450286604
170,N=C(N)NCCCC1NC(=O)C(Cc2ccccc2)NC(=O)C(Cc2ccccc2)NC(=O)CCC(=O)NCCN(CC(N)=O)C(=O)C(Cc2c[nH]c3ccccc23)NC1=O,-4.749579997691106
171,CN(OCCNC(=O)Cc1c(C#N)ccc(NCC(F)(F)c2ccccn2)c1F)C(=N)N,-6.309649079038786
172,N#Cc1cccnc1N1CCN(C(=O)c2cccc(C(N)c3n[nH]c(=O)c4ccccc34)c2)CC1,-6.698970004336019
173,Cc1ncnc(C)c1C(=O)N1CCC(C)(N2CCC(N3C(=O)N(CC4CCOCC4)CC3c3ccccc3)CC2)CC1,-6.349485002168009
174,Cn1cncc1CN1CC(N(CC2CCN(C(=O)OC(C)(C)C)CC2)S(=O)(=O)c2ccccn2)Cc2cc(C#N)ccc21,-4.809668301829708
175,O=C(NC1(C(=O)NC(CCCN2CCN(CC3CCOCC3)CC2)Cc2ccccc2)CCCC1)c1cc2ccccc2cn1,-4.598599459218456
176,CCCCC1c2ncccc2C(=O)N1Cc1ccc(-c2ccccc2-c2nn[nH]n2)cc1,-5.251811972993799
177,CN(Cc1ccccc1)C(=O)C(NC(=O)c1cc2cc(NC(=O)c3ccccc3-c3ccc(C(F)(F)F)cc3)ccc2n1C)c1ccccc1,-6.122068286773508
178,O=C(NC(Cc1ccc(Cl)c(Br)c1)C(=O)O)c1ccc(Br)cc1NS(=O)(=O)c1cccc2nsnc12,-7.0
179,CC(C)c1nc2ccccc2n1Cc1ccc(C(=O)NC2CCCC2C(=O)NO)cc1,-7.0
180,OCC1OC(Oc2ccc(-c3ccccc3)cc2)C(O)C(O)C1O,-5.0
181,Nc1noc2ccc(-n3nc(C(F)(F)F)cc3C(=O)Nc3ccc(-c4ccccc4CN4CCC(O)C4)cc3F)cc12,-5.431798275933005
182,CCCC(CC1(C(=O)Nc2nnc(CC)s2)CCCC1)C(=O)O,-5.045757490670506
183,Cc1cc(COc2ccc(C(=O)NC3CN(C(=O)OC(C)C)CC3C(=O)NO)cc2)c2ccccc2n1,-5.769551078716296
184,CCOC(=O)c1cc(C#N)c(N2CCN(C(=O)NS(=O)(=O)c3ccc(Cl)s3)CC2)nc1C,-7.236572006437063
185,Cc1nn(-c2cccc(NC(=O)C3CC3c3ccccc3)c2)c(C)c1CC(=O)O,-5.522878745280337
186,NC(C(=O)NC1C(=O)N2C(C(=O)O)=C(CSc3c[nH]nn3)CSC12)c1ccc(O)cc1,-6.1191864
187,CC(=O)CCCCn1c(=O)c2c(ncn2C)n(C)c1=O,-4.1799998
188,CN(c1ccncc1)c1ccc(-c2ccc3c(C(N)=O)nn(-c4ccc5onc(N)c5c4)c3c2F)c(F)c1,-5.853871964241321
189,CCCS(=O)(=O)N1CCC(CNC(=O)C2CC2)(C(=O)N2CCOCC2)CC1,-4.6575773190888965
190,COc1ccc(C23Oc4cc(C#N)cc(OC)c4C2(O)C(O)C(C(=O)N(C)C)C3c2ccccc2)cc1,-5.455931955649724
191,c1cc(C2CC(CN3CCOCC3)C2)ccc1CN1CCCC1,-5.086186147616283
192,Cc1cccc(Nc2ccccc2C(=O)O)c1C,-4.7474640452289245
193,CC(C)(C)C(CO)Nc1nc(SCc2ccccc2)nc2nc(N)sc12,-5.096910013008056
194,Nc1nc(O)c2ncn(C3CC(CO)C3CO)c2n1,-6.055517242629125
195,CC#CCN1CC(NC(=O)c2ccc(Cc3cc(C)nc4ccccc34)cc2)C(C(=O)NO)C1,-5.721246399047171
196,O=C(CC1CC(=O)c2c(F)cc(F)cc21)NC1OC(CO)C(O)C(O)C1O,-5.498940737782249
197,CCc1ccncc1,-3.972934008683807
198,CC(CO)Nc1cc(NS(=O)(=O)N2CCC2)nc(SCc2cccc(F)c2F)n1,-4.995678626217358
199,CC(C)(C)c1cc(NC(=O)C2CCC(=O)N2c2ccc(Cl)cc2)on1,-4.958607314841775
200,COC(=O)c1cn(C2CC2)c2cc(N3CCNCC3)c(F)cc2c1=O,-5.644275688830195
201,NS(=O)(=O)c1ccccc1-n1nc(C(F)(F)F)c2c1C(=O)N(c1ccc(-c3ccccc3CN3CCC(O)C3)cc1)CC2,-5.958607314920887
202,Cc1nc2cc(-c3nc(=O)n(CCC4CCCO4)c4c3oc3ncc(-c5cnn(C)c5)cc34)ccc2n1C,-4.853871964321762
203,COc1ccc2c3c1OC1C(=O)CCC4(O)C(C2)N(C)CCC314,-4.7520266
204,COc1cc(Br)c(S(=O)(=O)Cc2ccc(Cl)c(OC3CCN(C)C3)c2)cc1OC,-6.107905397309519
205,O=C1C(=Cc2cccc(O)c2)CNCC1=Cc1cccc(O)c1,-4.8124792791635365
206,COc1cc(-c2cn(C)c(=O)c3cnccc23)cc(OC)c1CN(C)C,-5.853871964321762
207,O=C(CC1CNC(=O)c2cc(-c3cccc(F)c3)cn21)NC(CO)C1CCCCC1,-5.9586073148813306
208,CC1Cc2cc(F)ccc2N1C(=O)Cc1nc(N2CCOCC2)sc1C(N)=O,-4.714442690992226
209,COC(=O)N1CC(NC(=O)c2ccc(OCc3cc(C)nc4ccccc34)cc2)C(C(=O)NO)C1,-6.397940008754028
210,Cc1ccc(C(=O)NC2CC2)cc1-c1cc2cnn(-c3c(F)cccc3F)c2n(C)c1=O,-4.568636235841013
211,CCCCOC(=O)COc1ccc(C(=O)CN2CCN(C3CCNCC3)CC2=O)cc1,-5.79
212,CC#CCn1c(N2CCCNCC2)c(C#N)c2ncn(Cc3nccc4ccccc34)c(=O)c21,-6.0
213,O=S(=O)(Nc1cccc(CO)c1)c1ccc(-c2ccc(Cl)cc2Cl)cc1,-5.82390874095824
214,CC1Cn2ncc(C3CCN(S(C)(=O)=O)CC3)c2CN1c1cc(Cl)nc2[nH]ccc12,-4.7447274948966935
215,CN1C(=O)NC(=O)C12Cc1ccc(NC(=O)Cn3c(=O)n(C4CCOC4)c4ccccc43)cc1C2,-5.397940008836018
216,NC(=O)C(Cc1ccccc1)NC(=O)OCc1ccccc1,-4.508638306165727
217,Cc1ccc(-c2cc(C(F)(F)F)nn2-c2ccc(S(=O)(=O)NC(=O)CCc3cccc(N=Nc4ccc(O)c(C(=O)O)c4)c3)cc2)cc1,-5.439495584853708
218,COC(=O)c1c(Cc2ccc(S(=O)(=O)N3CCNCC3)cc2)c(=O)c2ccc(Cl)cc2n1-c1ccccc1,-7.397940008672037
219,COc1cncc(-c2cccc(C3(c4ccc(OC(F)F)cc4)N=C(N)N4CC(F)(F)CN=C43)c2)c1,-5.619788758216295
220,Clc1ccncc1,-4.220252377185544
221,N#CC1(c2ccccc2)CCN(Cc2cc(C(=O)O)c(=O)n3ccccc23)CC1,-4.568636235841013
222,Cc1cc(CC(NS(=O)(=O)c2ccccc2)c2nc3ccccc3[nH]2)ccc1C1CC(=O)N=S1(=O)[O-],-6.3989701
223,O=C1c2ncc3c(c(COCc4ccccn4)cn3Cc3ccc(F)cc3)c2CCN1O,-5.021363051615525
224,N#CCCCn1c(Cn2c(=O)n(C3CCC3)c3ccncc32)nc2ccccc21,-4.774690718274138
225,O=C(Cc1nc(N2CCOCC2)cc(=O)[nH]1)Nc1ccc(F)cc1,-6.221848749616356
226,CCOc1ccc(C(Nc2nc(N3CCN(C(C)=O)CC3)nc3c2CN(C(C)C)C3=O)C(F)(F)F)cc1,-5.698970004336019
227,O=C1CC(c2ccc(OC3OC(CO)C(O)C(O)C3O)cc2)Oc2cc(O)ccc21,-6.587927884009727
228,CC(C(=O)Nc1ccc2cc[nH]c2c1)c1cccc(C(=O)c2ccccc2)c1,-4.913640169325252
229,CNC(C)C(O)c1ccccc1,-4.975730847059521
230,Cc1cc(S(=O)(=O)Nc2ccc(C(F)(F)F)cc2)cc2c1NC(=O)C(C)(C)NC2=O,-5.154901959989307
231,CCNC(=O)c1noc(-c2cc(C(C)C)c(O)cc2O)c1-c1ccc(CN2CCOCC2)cc1,-5.721246399035378
232,NCC(NC(=O)CC1CNC(=O)c2cc(-c3cccc(F)c3)cn21)c1ccccc1,-6.221848749712267
233,NC1CCC(Nc2cc(Nc3ccc(F)c(Cl)c3)n3nccc3n2)CC1,-5.148741651210694
234,O=C(NCc1cc(Cl)ccc1-n1cnnn1)C1C2CC2CN1C(=O)C(O)c1ccccc1F,-5.638272163986805
235,O=C(O)CC(CC1CCN(C(=O)CCc2ccc3c(n2)NCCC3)CC1)C1CNc2ccccc2C1,-5.5999999
236,Cc1nc(-n2ccc(CCc3ccccc3)cc2=O)sc1C(=O)NCc1ccccc1,-6.221848749712267
237,COc1cccc2c1c(NCC(C)(C)c1ccccc1)nn2C,-5.638272163982407
238,CCS(=O)(=O)CCCn1c(Cn2c(=O)n(C(F)F)c3ccncc32)nc2ccccc21,-5.229147988357856
239,O=C(Nc1ccc(C2CCN(C(=O)C3CCC(C(=O)O)CC3)CC2)cc1)c1nc(-c2ccccc2)oc1C(F)(F)F,-4.610833915635467
240,Cc1cc(C(=O)N2CCN(c3ccc(C(=O)NCCC4CC4)nn3)CC2)c(C(F)(F)F)o1,-4.6777807052660805
241,NCCc1c[nH]c2ccc(O)cc12,-4.8600001
242,O=C(NC1Cc2ccccc2N(CC(O)CO)C1=O)c1cc2cc(Cl)sc2[nH]1,-4.537602002101044
243,CC(=O)NC(CC1CCCCC1)C(=O)NCCc1ccccc1,-4.355519673846376
244,CCOC(=O)C1=CC(OC(CC)CC)C(NC(C)=O)C(N)C1,-4.9208188
245,COC(=O)c1c(Cc2ccc(C(=O)NCCO)cc2)c(=O)c2ccc(Cl)cc2n1-c1ccccc1,-7.330977707527083
246,CS(=O)(=O)CCCn1c(Cn2c(=O)n(CC(F)(F)F)c3ccncc32)nc2ccccc21,-5.443697499232713
247,CC(C)CC(CO)Nc1nc(SC(C)c2ccccc2)nc2[nH]c(=O)sc12,-4.698970004336019
248,NC(=O)C(Cc1cccc(F)c1)NC(=O)C(N)Cc1ccccc1,-5.82390874095824
249,c1ccc(C(C(c2ccccc2)N2CCCC2)N2CCCC2)cc1,-4.865010161633004
250,CC#CCn1c(N2CCCC(N)C2)nc2c1c(=O)n(Cc1nc(C)c3ccccc3n1)c(=O)n2C,-6.096910013008056
251,CC1(C)OC2COC3(COS(N)(=O)=O)OC(C)(C)OC3C2O1,-4.5400047
252,Oc1c2c(nn1-c1nc3ccccc3s1)CCc1ccccc1-2,-4.681936665037238
253,Cc1cccc(Cl)c1C(=O)NC(Cc1ccc(-c2c(C)n(C)c(=O)n(C)c2=O)cc1)C(=O)O,-5.537602002101044
254,CN(C)CC1CCC(CNc2nc(NCc3ccccc3Cl)ncc2[N+](=O)[O-])CC1,-4.97469413473523
255,COC1CC2(C)C(CC1O)C(=O)C=C1C2CCC2(C)C(C(C)(O)C(O)CCC(C)C)CCC12O,-4.6999998
256,CS(=O)(=O)Nc1ccc2c(c1)S(=O)(=O)N=C(C1=C(O)C3CCCN3N(Cc3ccc(F)cc3)C1=O)N2,-6.698970004336019
257,CCCCCCc1nc2cc(C=CC(=O)NO)ccc2n1CCNCC,-6.013228265733755
258,CC(C)C1=NC(C)(c2cccc(-c3cccnc3)c2)N=C1N,-4.420216403287393
259,CC#Cc1ccc2c(c1)C(=O)N(C(C)c1ccc(Cl)cc1)C(c1ccc(Cl)cc1)C(=O)N2CCCCC(=O)O,-4.70114692369272
260,C=CCN(C(=O)Cc1ccc(S(=O)(=O)NC)cc1)C1CCN(CC2CN(C(=O)C3CCCC3)CC2(O)c2ccccc2)CC1,-5.325138859196642
261,O=C(Cc1nc(N2CCOCC2)cc(=O)[nH]1)N1CCc2cc(Cl)ccc21,-5.853871964321762
262,CC1C(=O)OC2C(O)C34C5CC(C(C)(C)C)C36C(OC(=O)C6O)OC4(C(=O)O5)C12O,-5.9829664
263,O=C1CN(N=Cc2ccc([N+](=O)[O-])o2)C(=O)N1,-5.9255669740898185
264,COc1ccc2c(c1)C=C1Cn3c-2c(C2CCCCC2)c2ccc(cc23)C(=O)NS(=O)(=O)N(C)CCOCCN(C)C1=O,-6.552841968657781
265,CCCS(=O)(=O)Nc1ccc(F)c(C(=O)Nc2cnc3ccnn3c2)c1F,-4.943095148663527
266,CS(=O)(=O)NCC1CCC(Nc2nc3c(s2)CCSc2ccccc2-3)CC1,-4.435333935810933
267,Cc1[nH]n(-c2ccccn2)c(=O)c1C(=O)Nc1ccc2c(c1)OCO2,-5.031517051446065
268,Cc1[nH]c2cc(C3CCCCN3C(=O)c3cc(-c4ccccc4)ccc3NS(C)(=O)=O)nn2c(=O)c1C,-6.045757490560675
269,O=C([O-])c1ccc(Nc2ncc3c(n2)-c2ccc(Cl)cc2C(c2ccccc2F)=NC3)cc1,-4.236572006437063
270,Cn1c(S)nc2ccccc21,-5.089375595110798
271,CC(C)=CCn1c(N2CCCC(N)C2)c(C#N)c2ncn(Cc3ccnc4ccccc34)c(=O)c21,-5.769551078621726
272,COc1ccc(C=CCCO)cc1OC,-4.8285538506439
273,Cn1c(CCC(=O)O)nnc1-c1ccc(NC(=O)c2ccc3ccccc3c2)cc1,-6.275724130399211
274,CC(NC(=O)C(C)NC(=O)C(Cc1ccccc1)NCCC(=O)O)C(=O)NC(C)C(=O)NC(C)C(=O)N(CCN)C(Cc1ccccc1)C(N)=O,-6.698970004336019
275,CCC(CC)OC1C=C(C(=O)O)CC(N)C1NC(C)=O,-6.3467875
276,Fc1ccc(Oc2ncnc3[nH]ccc23)cc1,-4.7447274948966935
277,O=C(NC1CCCC1C(=O)NO)c1ccc(Cn2c(C3CC3)nc3ccccc32)cc1,-5.698970004252014
278,CN1C(C(=O)Nc2ccccn2)=Cc2sccc2S1(=O)=O,-4.6073031
279,N#Cc1ccc(Cn2cncc2CN2CCN(C(=O)C34CC5CC(CC(C5)C3)C4)CCC2c2ccccc2)cc1,-5.443697499174535
280,CN(C)CCN1CCN(C(=O)c2cc(C(C)(C)C)sc2NC(=O)Nc2cccc(Cl)c2Cl)CCC1=O,-6.193180977047353
281,O=c1[nH]cnc2c(-n3cc(CCN4CCCC4)cn3)nccc12,-5.511449283499556
282,O=C(OC(C(=O)N1N=CCC1C(=O)NCc1cc(Cl)ccc1-n1cnnn1)c1ccc(F)cc1)c1ccccc1,-4.366531544420414
283,CCOC(=O)c1c(Cl)cccc1-c1cnc(C(C)NC(=O)C2(NC(=O)C(F)(F)F)CC2)c(F)c1,-4.552842050746667
284,O=C(C=Cc1ccc2c(c1)nc(CCc1ccccc1)n2CCN1CCCC1)NO,-5.521039261942155
285,Cc1ccc(N2CCN(C(=O)C(C)Cc3ccc(Cl)cc3F)CC2)c(C(NC(=O)CCN(C)C)C(C)C)c1,-4.431236290983252
286,CCCCc1ccc(Nc2nc3cc(Oc4ccnc(C(=O)NC)c4)ccc3o2)cc1,-5.0
287,COC1CCC(N2CC(=O)Nc3ncc(-c4ccc(-c5nc[nH]n5)nc4C)nc32)CC1,-4.8297382846050425
288,CC(C)NCC(O)COc1cccc2[nH]ccc12,-4.531551503188045
289,CC=C(C)C(=O)OC(c1cc2ccc(=O)oc2cc1OC)C(O)C(C)(C)O,-4.812963033675854
290,CCCS(=O)(=O)N1CCC(CNC(=O)CC)(C(=O)N2CCOCC2)CC1,-4.6575773190888965
291,CCCC(=O)c1cc(C#N)c(N2CCC(C(=O)NS(=O)(=O)C(C)c3ccccc3)CC2)nc1C,-6.0
292,CC(c1cc(C(=O)N(C)CCO)cc2c(=O)cc(N3CCOCC3)oc12)N(C)c1cc(F)cc(F)c1,-5.154901959985743
293,Cc1cc(O)cc(C)c1CC(N)C(=O)NCCCc1nc(O)c(CCCNC(=O)C(N)Cc2c(C)cc(O)cc2C)nc1C,-6.262012673749927
294,CC(C)CC1C(=O)NCC(=O)N(C)C(CCCN=C(N)N)C(=O)NCC(=O)NC(CC(=O)O)C(=O)N(C)C(Cc2ccccc2)C(=O)N1C,-7.522878745140169
295,CCCS(=O)(=O)N1CCC(CNC(=O)c2ccc(Cl)cc2Cl)(C(=O)N2CCOCC2)CC1,-4.627087997029894
296,CN(C)Cc1ccccc1-c1ccc(N2CCc3c(C(F)(F)F)nn(-c4ccc5onc(N)c5c4)c3C2=O)c(F)c1,-5.050609993355088
297,Cc1cc(C(F)(F)F)c(-c2ccc(CC(NC(=O)c3c(Cl)cccc3Cl)C(=O)OCC(=O)N(C)C)cc2)c(=O)n1C,-5.200659450659813
298,COc1cccc(-c2c(C)n(Cc3c(F)cccc3C(F)(F)F)c(=O)n(CC(NCCCC(=O)O)c3ccccc3)c2=O)c1F,-5.55284196882889
299,O=C(c1ccc(Cl)cc1NS(=O)(=O)c1cccc2nsnc12)N1CCCCC1,-4.6439741428068775
300,Cc1cc(COc2ccc(C(=O)NC3COCCC3C(=O)NO)cc2)c2ccccc2n1,-6.397940008754028
301,Cn1ncc2cc(Cc3[nH]nc4ccc(C(=O)N5CC(O)C5)cc34)ccc21,-4.917214629841775
302,O=c1[nH][nH]c2nc(-c3ccco3)c(-c3ccncn3)cc12,-5.455931955649724
303,CCC=C(C(=O)NC1C(=O)N2C(C(=O)OCOC(=O)C(C)(C)C)=C(COC(N)=O)CSC12)c1csc(N)n1,-5.1100001
304,Cc1cnc(NCCc2ccc(F)cc2)c(=O)n1CC(=O)NCCON=C(N)N,-6.259637310752877
305,Nc1nnc(-c2cccc(Cl)c2Cl)c(N)n1,-4.25424767538429
306,O=S(=O)(NCC1CCCC2(S(=O)(=O)c3ccc(C(F)(F)F)cc3)c3c(F)ccc(F)c3OCC12)C(F)(F)F,-4.638272163982407
307,Cc1cc(OC(F)(F)F)ccc1-c1c(Oc2ccc(C=CC(=O)O)cc2)c2ccccc2oc1=O,-4.4089353929735005
308,CC(C)C(=O)OC1C(CNS(=O)(=O)NC(=O)c2ccccc2O)OC(n2cnc3c(N)ncnc32)C1F,-6.397940008754028
309,COc1ccc2oc(C(=O)NC3(C(=O)NC(CCCN4CCN(CC5CCOCC5)CC4)Cc4ccccc4)CCCC3)cc2c1,-5.0655015487564325
310,CN(C)Cc1ccc2c(c1)CCN(C(=O)c1cc3cc(Cl)ccc3n1C)C2,-5.107905397309519
311,N=C(N)c1cccc(CC(CC(=O)N2CCCC(C(=O)O)C2)NS(=O)(=O)c2ccc3ccccc3c2)c1,-7.3825310870859
312,C[S+]([O-])CCCCN=C=S,-3.85078088734462
313,Cc1cc(S(=O)(=O)N2CCN(C)CC2)c(C)cc1-c1cnc(N)c(C(=O)Nc2cccnc2)n1,-4.42021640338319
314,Cn1c(N2CCCN(CCCN3c4ccccc4COc4ccc(C(=O)O)cc43)CC2)cc(=O)n(C)c1=O,-5.200659450773209
315,NC1=NC(c2ccncc2)(c2cccc(-c3cncnc3)c2)c2cccc(F)c21,-4.78919803654286
316,NCC(NC(=O)CC1CNC(=O)c2cc(-c3ccnc(F)c3)cn21)c1ccccc1,-6.045757490560675
317,O=C(Cc1nc(O)cc(N2CCOCC2)n1)N1CCc2c(-c3ccccc3)cccc21,-5.148741651140462
318,COCCN(c1c(Cl)c(C)cc2[nH]c(=O)c(=O)[nH]c12)S(C)(=O)=O,-6.853871964321762
319,O=C(NC1(C(=O)NC(Cc2ccccc2)C(=O)NCCC(=O)N2CCN(C3CCOCC3)CC2)CCCC1)c1cc2ccccc2s1,-5.887206661564387
320,CN(c1cc2cc(n1)CCCCCc1cccc(c1)CC(C)(N)C(=O)OC2)S(C)(=O)=O,-4.537602002101044
321,CC(F)(F)CNC(=O)N1Cc2nc(N)nc(-c3c(Cl)cc(Cl)cc3OCCn3cccn3)c2C1,-5.920818753952375
322,CCCCOC(=O)c1cnc(N2CCN(C(=O)NS(=O)(=O)c3ccc(Cl)s3)CC2)c(Cl)c1,-6.301029995663981
323,c1ccc(C(C(c2ccccc2)N2CCCCC2)N2CCCCC2)cc1,-4.989281301736696
324,CN1C(=O)CC(N2CCN(CCC=C3c4ccccc4COc4ccc(C(=O)O)cc43)CC2)N(C)C1=O,-5.0700002
325,O=c1c2c(COCc3ccccc3)n(Cc3cnccn3)c(=O)cc2[nH]n1-c1ccccc1Cl,-4.104577453960593
326,CC(C(=O)O)c1ccc2c(c1)N(CCCN1CCCN(C3CC(=O)N(C)C(=O)N3C)CC1)c1ccccc1CO2,-5.7199998
327,CC1=NC(C)(c2cccc(-c3cccnc3)c2)N=C1N,-4.522878745210253
328,c1ccc(CN2CCCC(Oc3ccc4cnccc4c3)C2)cc1,-4.935542010773082
329,Cc1ccc(C(=O)Nc2ccc(CN3CCN(C)CC3)c(C(F)(F)F)c2)cc1C#Cc1cnc2[nH]ncc2c1,-6.494850021680094
330,NCc1cccc(Cn2cccn2)c1,-4.547050493312427
331,O=c1n(Cc2nc3ccccc3n2CCCO)c2cnccc2n1C1CC1,-4.939302159646388
332,CNC(=O)CCCN(C)C(=O)c1ccc2c(c1)c1c(n2C)CCC(C2CCOCC2)C1,-4.920818753964281
333,C=CC1CC1(NC(=O)C1CC(Oc2cc(-c3csc(NC(C)C)n3)nc3cc(OC)ccc23)CN1C(=O)C(NC(=O)OC1CCCC1)C(C)(C)C)P(=O)(O)O,-6.698970004252014
334,CSc1ccccc1CNc1ncc([N+](=O)[O-])c(NCC2CCC(CN)CC2)n1,-5.795880017344075
335,COc1ccc2cc3[n+](cc2c1O)CCc1cc2c(cc1-3)OCO2,-4.881912813362311
336,N#Cc1cc(F)ccc1Cn1ccc2c3c(ncc21)C(=O)N(O)CC3,-5.095284454721319
337,CC(C)(C)c1noc(C2CCCN2C(=O)CC(N)Cc2cc(F)c(F)cc2F)n1,-4.698970004336019
338,O=C(Nc1nnc(Cc2ccccc2)s1)c1ccc(OC2CCC(C(=O)O)CC2)nc1,-5.958607314841775
339,CCOc1ccc(Cc2cc(C3SC(CO)C(O)C(O)C3O)c(OC)cc2C)cc1,-4.841637507904751
340,Cc1c(F)cccc1Cc1c(C(=O)N2CCNCC2)c2ccncc2n1-c1ccccc1,-5.896196279044043
341,CNC(=O)NC1(c2ccccc2)CCN(CC2CC2(C(=O)N(C)Cc2ccccc2)c2ccc(Cl)c(Cl)c2)CC1,-6.221848749712267
342,Clc1ccc2c(c1)CCc1cccnc1C2=C1CCNCC1,-4.0599999
343,COc1cc(-c2nnc3n(C(C)c4cc(F)cc(F)c4)cccc2-3)ccc1-n1cnc(C)c1,-5.070581074285707
344,O=C(Cc1nc(N2CCOCC2)cc(=O)[nH]1)N1CCc2c1cccc2C(F)(F)F,-5.337242168318426
345,O=C(Nc1ccc(C=Cc2ccc(NC(=O)C3CCCN3C(=O)Cc3cccnc3)cc2)cc1)C1CCCN1C(=O)Cc1cccnc1,-5.795880017344075
346,N=C(N)NOCCNC(=O)Cn1c(Cl)cnc(NCC(F)(F)c2ccccc2)c1=O,-6.301029995747986
347,COc1cc(OC)c(-c2ccc(C#CCO)s2)cc1C(=O)NS(=O)(=O)c1ccccc1,-4.966576244634788
348,O=C1CC2OCC=C3CN4CC(O)C56c7ccccc7N1C5C2C3CC46,-4.600203819629741
349,COc1ccc(CCN2C(=O)N(NS(C)(=O)=O)CC2c2ccc(OC)cc2)cc1,-4.3979400086720375
350,CCCCCCC(C(C)O)n1cnc2c(N)ncnc21,-4.585026652029182
351,O=C(O)c1sc(N2CCOCC2)nc1CC(=O)N1CCc2c(Br)cccc21,-6.698970004336019
352,COC(=O)CCCC=CCC1C(O)CC(O)C1c1cn(-c2ccc(S(N)(=O)=O)cc2)nn1,-5.494850021680094
353,COc1ccc2c(OC3CC4C(=O)NC5(C(=O)NS(=O)(=O)C6CC6)CC5C=CCCCCN(C)C(=O)C4C3)cc(-c3nc(C(C)C)cs3)nc2c1C,-5.077058017726793
354,Cc1cc(COc2ccc(C(=O)NC3CCC3C(=O)NO)cc2)c2ccccc2n1,-6.397940008754028
355,CON=C(C(=O)NC1C(=O)N2C(C(=O)O)=C(CSc3nc(=O)c(O)nn3C)CSC12)c1csc(N)n1,-6.879426
356,COc1cc(C)c(S(=O)(=O)N(C)CCOCC(=O)N2CCN(C3CCN(C4CC4)CC3)CC2)c(C)c1,-4.928117992693875
357,Cn1cnc(NCc2ccncc2)c1C(=O)Nc1ccc(Cl)c(C(F)(F)F)c1,-5.211124884224583
358,CCCCCCCCCCC(N)C(=O)NCC(=O)NC(CC(C)C)C(=O)NC(CCCNC(=N)N)C(=O)NC(C(=O)NC(CC(C)C)C(=O)NC(CC(C)C)C(=O)NC(CC(C)C)C(=O)NC(CCCCN)C(=O)NC(C(=O)O)C(C)C)C(C)CC,-6.958607314841775
359,O=C1C(NS(=O)(=O)c2cc3ccc(Cl)nc3s2)CCCN1c1ccc(-n2ccccc2=O)cc1,-5.698970004336019
360,O=C(NCC1CN(c2ccc(N3CCOCC3=O)cc2)C(=O)O1)c1ccc(Cl)s1,-5.0915151
361,COc1cccc(C2(O)CCCCC2CN(C)C)c1,-4.62493488251862
362,CC(O)(CS(=O)(=O)c1ccc(F)cc1)C(=O)Nc1ccc(C#N)c(C(F)(F)F)c1,-4.65946151111111
363,CS(=O)(=O)CC(=O)NCCn1ccc2ncnc(Nc3ccc(Oc4cccc(Cl)c4)c(Cl)c3)c21,-6.173925197299173
364,CCN(CC(=O)NC1CC1)C(=O)c1ccc2c(c1)c1c(n2C)CCC(C2CCOCC2)C1,-4.638272163986805
365,N#Cc1ccccc1Cn1c(N2CCCC(N)C2)nc2c(-c3ccsc3)c[nH]c2c1=O,-5.730487055782084
366,COc1ccc(S(=O)(=O)Nc2cc3c(cc2Oc2cccc(OCc4ccccc4)c2)n(C)c(=O)n3C)cc1OC,-4.6777807052660805
367,NC1=NC(c2cccc(-c3cncnc3)c2)(c2ccnc(C(F)(F)F)c2)c2ccccc21,-6.886056647693163
368,C#CCN1CC(NC(=O)c2ccc(Cn3c(C(C)C)nc4ccccc43)cc2)C(C(=O)NO)C1,-7.0
369,COc1ccc(C2(c3cccc(-c4cncnc4)c3)N=C(N)c3c(F)cccc32)cc1,-4.920818753964281
370,CCC1OC(=O)C(C)C(=O)C(C)C(OC2OC(C)CC(N(C)C)C2O)C(C)(OC)CC(C)C(=O)C(C)C2N(CCCCn3cnc(-c4cccnc4)c3)C(=O)OC12C,-5.694679668240724
371,N#Cc1cccnc1N1CCN(C(=O)c2cccc(C(N)c3nnc(O)c4ccccc34)c2)CC1,-6.698970004168009
372,CCc1nn2ccccc2c1Cc1ccc(C(=O)NC2CCOCC2C(=O)NO)cc1,-5.9586073148813306
373,O=C(Nc1nnc(Nc2ccccc2)s1)c1ccc(OC2CCC(C(=O)O)CC2)cc1,-6.221848749616356
374,O=C(NC(CC=Cc1ccccc1)C(=O)O)c1ccc2ccccc2c1,-5.525783735923745
375,CCCC(=O)c1cnn(-c2ccc(NC(=O)c3cn(CC(=O)N4CCN(C)CC4)c4ccc(C)cc34)cc2)c1C,-5.3979400086720375
376,CN1CCN(S(=O)(=O)c2ccc(-c3cnc(N)c(C(=O)Nc4cnccc4CN4CCCC4)n3)cc2)CC1,-5.638272163986805
377,NCC1(c2cccc(Cl)c2)CCC(n2nc(-c3cccnc3)ccc2=O)CC1,-5.0655015487564325
378,Cc1cc(C(C)Nc2ccccc2S(=O)(=O)O)c2nc(N3CCOCC3)cc(=O)n2c1,-7.301029995663981
379,NS(=O)(=O)c1ccc(C2=C(c3ccccc3)C(=O)OC2)cc1,-4.619999900000001
380,C=CC1CC1(NC(=O)C1CC(Oc2cc(-c3csc(NC(C)C)n3)nc3c(Br)c(OC)ccc23)CN1C(=O)C(CC(=O)NC1CCCC1)C(C)(C)C)C(=O)O,-5.096910013008056
381,CCCS(=O)(=O)Nc1ccc(F)c(C(=O)Nc2cnc3[nH]c(-c4ccc(Br)cc4)nc3c2)c1F,-5.886056647693163
382,NC1=NC(c2ccncc2)(c2cccc(-c3cncnc3)c2)C2=NCCCN12,-6.221848749616356
383,NC(=O)C1CCN(c2c(Cl)cncc2Cl)CC1,-4.443697499174534
384,O=C1c2ccccc2-n2c1nc1c(c2=O)CCCC1,-4.068542129310995
385,CN(Cc1ccccc1)C(=O)C1(c2ccc(Cl)c(Cl)c2)CC1CN1CCC(C(=O)N2CCCCC2)(c2ccccc2)CC1,-6.522878745280337
386,CCCCN1C(=O)C(CC(C)C)NC(=O)C12CCN(Cc1ccc(Oc3ccccc3)cc1)CC2,-5.82102305270683
387,CCOc1ccc(-c2n[nH]c(SCC(=O)Nc3cc(C)cc(C)c3)n2)cc1,-4.336299074805176
388,O=c1ncn(Cc2c(F)cc(F)cc2F)c2ccc(Oc3ccccc3C(F)(F)F)cc12,-5.036212172654444
389,CCCSc1nc(NC2CC2c2ccc(F)c(F)c2)c2nnn(C3CC(OCCO)C(O)C3O)c2n1,-5.1249387366083
390,CCCN(C)c1nn(CCC(C)C)c(=O)c(C2=NS(=O)(=O)c3cc(NS(C)(=O)=O)ccc3N2)c1O,-6.920818753964281
391,Cc1cc(COc2ccc(C(=O)NC3(CC(=O)NO)CCN(C4=NCCS4)CC3)cc2)c2ccccc2n1,-7.0
392,COc1cccc(-n2c(=O)n(Cc3ccccc3OC(F)(F)F)c(=O)n(CC(N)c3ccccc3)c2=O)c1F,-5.2076083105017466
393,COc1cc(OC)c(C=CS(=O)(=O)Cc2cnc(OC)c(N)c2)c(OC)c1,-4.373659632624958
394,CN1CCC(NC(=O)c2ccc3c(C4CCCC4)c(-c4cccc(N)n4)n(C)c3c2)(C(=O)Nc2ccc(C=CC(=O)O)cc2)C1,-5.537602002101044
395,CS(=O)(=O)NC(C(=O)NC(Cc1ccccc1)C(=O)NCC(=O)NCC#N)c1cccc(Cl)c1,-5.920818753952375
396,COc1ccc(CCNc2ncc(C)n(CC(=O)NCCONC(=N)N)c2=O)cc1,-6.552841968657781
397,NC1=NC(c2ccncc2)(c2cccc(-c3cncnc3)c2)C2=NCC(F)(F)CN12,-6.221848749616356
398,Cc1nc(NC(=O)C(C)CC(F)(F)F)sc1-c1ccc(N)nc1,-4.477422679150643
399,CNC1(c2ccc(N3CCc4c(C(N)=O)nn(-c5ccc(OC)cc5)c4C3=O)cc2)CC1,-5.408935392980125
400,CC(Cc1cccc(CC(=O)NCc2c(F)cccc2Cl)c1)NCC(O)c1ccc(O)c(CO)c1,-6.0
401,Cc1nc(-n2cnn(Cc3ccc(F)cc3)c2=O)sc1C(=O)NCc1ccccn1,-4.455931955649724
402,N=C(NO)c1cccc(CC(CC(=O)N2CCC(C(=O)O)CC2)NS(=O)(=O)c2ccc3ccccc3c2)c1,-7.367201882459817
403,Nc1nc(-c2ccc(OCC3CCOC3)c(C(F)(F)F)c2)c(Cl)c(=O)[nH]1,-5.075720713938118
404,Cn1c2c(c3cc(S(=O)(=O)c4cccc(Cl)c4)ccc31)C1CCC(C2)N1,-5.095825631715837
405,COc1ccc(NC(=O)c2ccc(Cn3ccnn3)c3ccccc23)c(C(=O)NCC2CCCCC2)n1,-6.721246399047171
406,CCCC(=O)c1cc(C#N)c(N2CCC(C(=O)NS(=O)(=O)Cc3ccccc3)CC2)nc1CCC,-5.920818753964281
407,COC(=O)c1cc(O)c(O)c(O)c1,-5.3899999
408,CCCCOc1ncc(S(=O)(=O)N2CCN(CC)CC2)cc1-c1nc2c(CC)n(C3CN(C)C3)nc2c(=O)[nH]1,-5.221848749616356
409,CC(=O)NC(Cc1ccccc1)C(=O)NC(Cc1ccccc1)C(=O)N(C)C(Cc1ccccc1)C(N)=O,-5.340595915440288
410,Cc1cnc2c(C(=O)NCCO)cn(Cc3ncnc(OC(F)F)c3C)c2c1,-4.886056647693163
411,O=C(O)Cc1ccccc1Nc1ccc(Cl)cc1Cl,-4.2313619
412,NCCCCC(NC(CCc1ccccc1)C(=O)O)C(=O)N1CCCC1C(=O)O,-6.875149228512263
413,O=c1cc(N2CCOCC2)nc(Cc2nc3cccc(-c4ccccc4)c3o2)[nH]1,-4.490797477668897
414,CCCc1nn(C)c2c(=O)[nH]c(-c3cc(S(=O)(=O)N4CCN(C)CC4)ccc3OCC)nc12,-4.371151188863458
415,CCC(C)C(NC(=O)C(O)c1cc(Cl)cc(Cl)c1)C(=O)NCC(=O)NCC#N,-5.522878745280337
416,O=C(O)CCc1ccc(OCc2nc(-c3ccc(Cl)cc3)no2)cc1,-5.6777807052660805
417,CC(C)(C)N1CCN(c2ccc(N3CCN(C(=O)NC4C5CC6CC4CC(O)(C6)C5)c4ccccc43)nc2)CC1,-5.468521082957745
418,CSc1nn(-c2ccccc2)c2cc(NC(=O)C3CCNCC3)ccc12,-5.7825160558395705
419,O=C(O)c1ccc(Cn2cccn2)cc1,-5.436905795380262
420,COc1ccc(C(=O)OC2CC(n3cc(F)c(=O)[nH]c3=O)OC2CO)cc1,-5.73306308888062
421,C=CCN(CCOC)C(=O)C1(c2ccsc2)CC1CN,-5.619788758288394
422,COC(O)=C1C(C)=NC(C)=C(C(=O)OCCN(C)Cc2ccccc2)C1c1cccc([N+](=O)[O-])c1,-5.337242168
423,O=C1Cc2ccc(Cl)cc2C=C1C(=O)NC1OC(CO)C(O)C(O)C1O,-5.414539270491499
424,Cc1cc(NC(=O)C2=C(O)c3ccccc3S(=O)(=O)N2C)no1,-4.6100001
425,CCCCOC(=O)COc1ccc(C(=O)CN2CCN(C3CCN(C(=O)OCc4oc(=O)oc4C)CC3)CC2=O)cc1,-4.3499999
426,COc1ccc2cc(-c3nc(CN4CCc5cc(OC)c(OC)cc5C4)co3)ccc2c1,-6.42021640338319
427,OCC1OC(n2ccc3c(-c4cccs4)ncnc32)C(O)C1O,-5.804100347795384
428,CC(=O)NC(=O)C(N)Cc1c[nH]c2ccccc12,-5.619999900000001
429,Cc1c(-c2ccc(=O)n(Cc3ccccc3)n2)c2cc(F)ccc2n1CC(=O)O,-6.301029995663981
430,CC(C)CC(NC(=O)CNC(=O)C(Cc1ccc(O)cc1)NC(=O)C(CO)NC(=O)C(Cc1c[nH]c2ccccc12)NC(=O)C(Cc1c[nH]cn1)NC(=O)C(CCC(=O)O)NC(=O)CCC(=O)NC1OC(CO)C(O)C(O)C1O)C(=O)NC(CCCN=C(N)N)C(=O)N1CCCC1C(=O)NCC(N)=O,-5.674209655644061
431,CN1CC=CCCOc2cccc(c2)-c2ccnc(n2)Nc2cccc(c2)C1,-4.557520230935552
432,CC(NC(=O)C1(NC(=O)c2cc(Cl)no2)CC1)c1ncc(-c2cc(Cl)cc(Cl)c2OCC(F)F)cc1F,-4.585026652029182
433,COCCn1cc(C(C(=O)NS(=O)(=O)c2ccc(C)cc2OC)c2ccc3c(c2)OCO3)c2ccc(COC)cc21,-5.797424854336018
434,NC(=O)Nc1ccc(F)cc1OCC(O)CN1CCC2(CC1)Cc1cc(Cl)ccc1O2,-4.795880017344075
435,COCCn1cc(C(=O)Nc2cccc3ccccc23)c2ccccc21,-4.568636235841013
436,Cc1cc(C#N)nc(C)c1C(=O)N1CCC(C)(N2CCC(N3C(=O)N(CC4CCOCC4)CC3c3ccccc3)CC2)CC1,-6.0
437,CS(=O)(=O)CCCOc1cccc2c1ccn2-c1ccnc(NC2CCC(C(=O)N3CCC(O)CC3)CC2)n1,-6.698970004336019
438,CN(C)CCCN(c1ccncc1)c1ccc(-c2ccc3c(C(N)=O)nn(-c4ccc5onc(N)c5c4)c3c2F)c(F)c1,-5.259637310505756
439,Cc1cccc(C(=O)N2c3cccc(O)c3N=C3CC(C)(C)CC(O)=C3C2c2ccc(OCc3ccccc3)cc2F)n1,-4.935542010886541
440,O=C1N(Cc2ccc(Cl)cc2)c2ccccc2C1(O)c1ccc2c(c1)OCCO2,-5.721246399047171
441,CC(C)n1c(=O)c(C(=O)NC2CC3CCC(C2)N3CCCN2CCN(S(C)(=O)=O)CC2)cc2ccccc21,-4.698970004336019
442,CC(C)COc1ccc(-c2nc(N)[nH]c(=O)c2Cl)cc1C#N,-5.2441251443275085
443,Cn1cc(-c2cnc3oc4c(-c5ccn(C)n5)nc(=O)n(CCC5CCCO5)c4c3c2)cn1,-6.886056647693163
444,O=c1cc(N2CCOCC2)nc(Cc2nc3cc(F)ccc3[nH]2)[nH]1,-6.698970004336019
445,CC(CN(C)C)S(=O)(=O)c1ccc(-c2cnc(N)c(C(=O)Nc3ccccc3)n2)cc1,-4.769551078621726
446,CC1(N)Cc2cccc(c2)CCC(c2ccccc2)NC(=O)c2cc(cc(-c3ccccc3C#N)c2)COC1=O,-5.045757490560675
447,Cc1cc(COc2ccc(C(=O)NC3CN(C(=O)C(C)(C)C)CC3C(=O)NO)cc2)c2ccccc2n1,-6.522878745210253
448,Cc1ncnc(C)c1C(=O)N1CCC(C)(N2CCC(N3C(=O)N(CC4CCN(S(C)(=O)=O)CC4)CC3c3ccccc3)CC2)CC1,-6.698970004336019
449,COc1cccc(-c2cccc(C3(C)CCSC(N)=N3)c2)c1,-4.142667503568732
450,CS(=O)(=O)c1ccc(C(CC2CCC(=O)C2)C(=O)Nc2cnccn2)cc1Cl,-5.795880017344075
451,Oc1cccc(-c2ccc(-c3cccc(O)c3)cc2)c1,-4.903089986993958
452,CC(C)(C)CCN1C(=O)C(C2=NS(=O)(=O)c3cc(NS(C)(=O)=O)ccc3N2)=C(O)C2(C)CCCN12,-6.221848749616356
453,COc1ccc(-c2oc3c(CC=C(C)C)c(OC4OC(CO)C(O)C(O)C4O)ccc3c(=O)c2OC2OC(CO)C(O)C(O)C2OC2OC(C)C(O)C(O)C2O)cc1,-6.491340182076042
454,NC(=O)C(Cc1c[nH]c2ccccc12)NC(=O)C(N)CCC(=O)O,-5.110026361596004
455,COc1ccc(CCNc2ncc(C)n(CC(=O)NCCON=C(N)N)c2=O)cc1OC,-6.060480747190691
456,CCN(CC)CCNC(=O)c1cc(Cl)c(N)cc1OC,-4.651969276021606
457,CC(C)c1cc(N2CCC(N)C2)nc(N)n1,-4.638272163982407
458,CC(C)(C)CCN1C(=O)C(C2=NS(=O)(=O)c3cc(NS(C)(=O)=O)ccc3N2)=C(O)C2CCCN21,-6.356547323635359
459,CNC(=O)C(NC(=O)C(O)(CCCN(Cc1ccc(-c2ccccc2)cc1)NC(=O)C(NC(=O)OC)C(C)(C)C)Cc1ccccc1)C(C)(C)C,-4.67778070519956
460,O=c1c(OC2OC(CO)C(O)C(O)C2O)c(-c2ccc(O)c(O)c2)oc2cc(O)cc(O)c12,-6.2588889
461,CCOC(=O)C1=C(COCCN)NC(C)=C(C(=O)OC)C1c1ccccc1Cl,-4.670000099999999
462,Cc1[nH]n(-c2ccccn2)c(=O)c1-c1ccc(C#N)cc1,-4.669586226650809
463,CNCc1ccccc1-c1ccc(N2CCc3c(C(N)=O)nn(-c4ccc(OC)cc4)c3C2=O)cc1,-5.769551078716296
464,N#Cc1c[nH]c2ccc(C3(Cc4ccccc4)CCNC3)cc12,-5.657577319177793
465,COc1ccc(NC(=O)c2c(NCc3ccncc3)ncn2C)cc1OC,-5.085295522057585
466,CN(CC1CCCN1C(=O)CC(N)Cc1cc(F)c(F)cc1F)c1ccc(C#N)cn1,-4.721246399047171
467,O=c1n(Cc2nc3ccccc3n2CCC2(O)CC2)c2cnccc2n1C1CC1,-4.863279432843593
468,COc1cc(Nc2ncc(Cl)c(-c3cccc(CC#N)c3)n2)ccc1N1CCN(C)CC1,-5.1010201780677145
469,COc1ccc(-n2nc(C(F)(F)F)c3c2C(=O)N(c2ccc(C4(N(C)C)CC4)cc2)CC3)cc1,-5.036212172740833
470,O=C1CCc2cccc(OCC(O)CN3CCC4(CC3)Cc3cc(Cl)ccc3O4)c2N1,-4.795880017344075
471,CN1CCN(CCCN2c3ccccc3Sc3ccc(C(F)(F)F)cc32)CC1,-6.217249264029716
472,Cc1nc2ccc(Cl)cc2n1C,-5.107905397309519
473,O=c1[nH]cnc2c(-n3cc(CCN4CCC(c5cc(F)cc(F)c5)CC4)cn3)nccc12,-4.673459331483438
474,CCC1(c2ccccc2)C(=O)NC(=O)N(C)C1=O,-4.3872161
475,CCCC(=O)c1cnn(C2CCN(NC(=O)c3cn(CC(=O)N4CCN(C)CC4)c4ccc(Cl)cc34)CC2)c1C,-7.0
476,CS(=O)(=O)C1(c2cc(N3CCOCC3)nc(-c3cccc4[nH]ccc34)n2)CC1,-4.67778070519956
477,CNCCNC(c1cccc(F)c1N1CCN(C(=O)C(C)Cc2ccc(Cl)cc2)CC1)C(C)C,-6.3979400086720375
478,COc1cc2c(cc1OC)CN(Cc1coc(-c3ccc4cc(F)ccc4c3)n1)CC2,-7.086186147616283
479,COc1ccc2c(OC3CC4C(=O)NC5(C(=O)O)CC5C=CCCCCCC(NC(=O)OC5CCCC5)C(=O)N4C3)cc(-c3csc(NC(C)C)n3)nc2c1,-5.659999799999999
480,CC1NC(=O)C(C)NC(=O)C(C)NC(=O)C(Cc2ccccc2)NCCC(=O)NCCN(C(Cc2ccccc2)C(N)=O)C(=O)CNC1=O,-5.459670525209126
481,CCCCS(=O)(=O)N1CC(NC(=O)c2ccc(Cc3cc(C)nc4ccccc34)cc2)C(C(=O)NO)C1,-6.522878745280337
482,NCC(=O)N1CCn2c(nc(-c3ccc(F)cc3)c2Nc2ccc(F)c(F)c2)C1,-6.004364805301838
483,N#Cc1ccc(-c2ccc(OC3OC(CO)C(O)C(O)C3O)c(Cl)c2)cc1,-5.657577319177793
484,CCN(C(=O)C(C)C)c1ccc(C(O)(C(F)(F)F)C(F)(F)F)cc1,-4.1605219526258015
485,COc1ccc(CCNc2ncc(C)n(CC(=O)NCCON=C(N)N)c2=O)cc1,-6.55284196882889
486,Cc1nc(-c2nc[nH]n2)ccc1-c1cnc2c(n1)N(C(C)C)C(=O)CN2,-4.424812155072339
487,N#Cc1ccc2cc3c(=O)[nH]c(=O)nc-3n(-c3cccc(CO)c3)c2c1,-6.522878745280337
488,N#Cc1ccc(NCC2CCCN2C(=O)CC(N)Cc2cc(F)c(F)cc2F)nc1,-5.229147988268393
489,COc1cccc2c1CCN2C(=O)Cc1nc(N2CCOCC2)cc(=O)[nH]1,-6.221848749616356
490,O=C(NC1CCN(C(=O)CCc2cccnc2)CC1)C(c1ccc(Cl)cc1)c1ccc(Cl)cc1,-5.200659450546418
491,CCCCn1ccc(N2CCC(c3ccccc3)CC2)c(Cl)c1=O,-4.920818753964281
492,NC(=O)C(N)Cc1c[nH]c2ccccc12,-4.920000099999999
493,Cc1cc(CNC(=O)c2sc(-n3cnn(Cc4ccc(F)cc4)c3=O)nc2C)[nH]n1,-4.6777807052660805
494,O=C1c2cnccc2C(=O)c2nc3cc(CCO)ccc3nc21,-4.694648630665032
495,Cc1cc(COc2ccc(C(=O)NC3CN(CCN(C)C)CCC3C(=O)NO)cc2)c2ccccc2n1,-7.0
496,c1cnc(CCc2ccncc2)c(-c2nnc(Nc3cnc4ccccc4c3)o2)c1,-6.346787486224656
497,O=C1c2ccccc2-n2c1nc1ccccc1c2=O,-4.207041709332421
498,NCc1ccc(Cl)cc1CNC(=O)C1CCCN1C(=O)C(CCc1ccccn1)NCC(=O)O,-5.301029995663981
499,CC(C)(C)CC(=O)Nc1c(F)cc(C(=O)Nc2nccs2)cc1F,-4.058318935443687
500,COc1c(-c2cc3ccc(NS(C)(=O)=O)cc3c(=O)o2)cc(-c2ccc[nH]c2=O)cc1C(C)(C)C,-6.522878745280337
501,Cc1ccc(NC(=O)c2nscc2NCc2ccncc2)cc1C(F)(F)F,-5.229414058134196
502,Fc1cccc2c1OC1CNCC1O2,-3.8608672820615806
503,O=C(C=Cc1ccc(-c2ccccc2)cc1)NC1OC(CO)C(O)C(O)C1O,-5.095825631715837
504,COC(=O)C1C(O)C2(O)c3c(OC)cc(C#N)cc3OC2(c2ccc(OC)cc2)C1c1ccccc1,-5.552841968657781
505,Brc1ccc(C2(CC3CCOCC3)c3ccccc3-c3nccn32)cc1,-4.508638306165727
506,CCOC(=O)CN(C)c1cc(OCc2cc(F)c(Oc3ccc(Cl)c(C(F)(F)F)c3)c(F)c2)nc(=O)n1C,-6.494850021680094
507,CCCS(=O)(=O)c1ccc(F)c(C#Cc2cc(Cl)ccc2OCC(=O)O)c1,-4.966576244634788
508,COC(=O)N(C)CC(O)CN1CCC(CNC(=O)c2cccc3[nH]c(C(C)C)nc23)CC1,-5.698970004336019
509,CN1CCc2c(cccc2C(=O)NCC2(N3CCN(c4ccccc4)CC3)CCCCC2)C1,-4.9586073148813306
510,CN(C(=O)C(N)Cc1ccccc1)C(Cc1ccccc1)C(N)=O,-5.045757490560675
511,CN(C)Cc1cn(Cc2ccc(F)cc2)c2cnc3c(c12)CCN(O)C3=O,-5.742321425130816
512,COc1c(C)cnc(Cn2cc(C#CCC(C)(C)O)c3c(Cl)nc(N)nc32)c1C,-4.459670525209126
513,COC1CC(OC2CCC3(C=O)C4CCC5(C)C(C6=CC(=O)OC6)CCC5(O)C4CCC3(O)C2)OC(C)C1O,-5.63999985
514,COc1cc(CNC(=O)C(CC2CCCCC2)NC(N)=NC(=O)Cc2ccc(OC)c(OC)c2)ccc1F,-5.301029995831991
515,Cc1ccccc1N1C(=O)c2cc(S(N)(=O)=O)c(Cl)cc2NC1C,-5.320753435173842
516,CCC1(O)C(=O)OCc2c1cc1n(c2=O)Cc2cc3c(CN(C)C)c(O)ccc3nc2-1,-5.971590666835848
517,CCc1c(CCCC(=O)O)cccc1-c1nnc(-c2ccc(OC(C)C)c(C#N)c2)s1,-4.638272163982407
518,COc1cc(C=CC(=O)O)ccc1O,-4.971903428353775
519,CC(NP(=O)(OCC1OC(C#N)(c2ccc3c(N)ncnn23)C(C)(O)C1O)Oc1ccccc1)C(=O)OCc1ccccc1,-5.474955192963154
520,COc1ccc(-c2nnc(C(=O)N3CC(Oc4ccc(CN5CCC(C)(O)C5)cc4)C3)o2)cc1,-4.376750709602099
521,COc1ccc2c(OC3CC4C(=O)NC5(C(=O)NS(=O)(=O)C6(C)CC6)CC5C=CCCCCCC(=O)N4C3)cc(-c3nc(C(C)C)cs3)nc2c1C,-4.954677021213342
522,O=C1c2ncc3c(c(CCCN4CCOCC4)cn3Cc3ccc(F)cc3)c2CCN1O,-5.684029654543083
523,Cc1ccccc1C=CC(=O)NC1(C(=O)NC(Cc2ccccc2)C(=O)NCC2CCN(CC3CCOCC3)CC2)CCCC1,-6.096910013008056
524,CCCC(=O)c1cnn(C2CCC(NC(=O)c3cn(CC(=O)N4CCN(C)CC4)c4ccc(Cl)cc34)CC2)c1C,-7.0
525,Cn1c(N2CCCN(CCCN3c4ccccc4Sc4c(C(=O)O)cccc43)CC2)cc(=O)n(C)c1=O,-5.90487491504066
526,COc1cccc(-c2cccc(C3(C)N=C(N)CS3)c2)c1,-4.823908740944319
527,CC1CNC(C2CC2)C(=O)N(C)C(C)C(=O)NC(Cc2ccc(F)cc2)C(=O)NCCCc2ccccc2O1,-4.838631997765025
528,N#Cc1ccc2ccc(=O)n(CCN3CCC(NCc4cc5c(cn4)OCCO5)CC3)c2c1,-5.721246399035378
529,O=C1CC(=O)N(CCCCc2ccccc2)C(=O)N1CCCCc1ccccc1,-5.036212172654444
530,COc1cc(Nc2nc(NC3CCCCC3N)n3cc(-c4ccccc4)nc3c2C(N)=O)cc(OC)c1,-6.366531544420414
531,Cc1cnc(NC(O)=C2C(=O)c3ccccc3S(=O)(=O)N2C)s1,-4.717340434702481
532,O=c1ccc(-c2ccc(OC3CCN(C4CCC4)CC3)cc2)n[nH]1,-4.782516055786093
533,CC1C(n2ccc(N)nc2=O)OC(CO)(N=[N+]=[N-])C1O,-5.769551078716296
534,CCOC(=O)c1cc(C#N)c(N2CC(C(=O)NS(=O)(=O)c3ccc(Cl)s3)C2)nc1C,-6.698970004336019
535,CSc1ccc(C(=O)NC2(C(=O)NC(Cc3ccccc3)C(=O)NCC3CCN(CC4CCOCC4)CC3)CCCC2)cc1,-6.045757490670506
536,CN1CC2c3ccccc3Oc3ccc(Cl)cc3C2C1,-4.73
537,Nc1ccc(-c2cccc(Oc3ccc4c(c3)c(=O)ncn4Cc3c(F)cc(F)cc3F)c2C(F)(F)F)cn1,-5.3872161432802645
538,CC(NP(=O)(OCC1OC(C#N)(c2ccc3c(N)ncnn23)C(C)(O)C1O)Oc1ccccc1)C(=O)OC1CCCC1,-6.431798275933005
539,CCCCCC(O)C=CC1C(O)CC(O)C1CC=CCCCC(=O)Nc1nnc(S(N)(=O)=O)s1,-5.795880017344075
540,N#Cc1cc(Cl)cc(-c2cc(-c3ccc(F)cn3)ncn2)c1,-4.886056647693163
541,O=C(O)CC1CCC(c2ccc(C(=O)Nc3nnc(Cc4ccccc4)s3)cc2)CC1,-4.950781977329818
542,Cc1ccc(C(=O)NC2CC2)cc1-c1ccc2c(c1)NC(=O)C21CCS(=O)(=O)CC1,-5.3979400086720375
543,CCN(CC)C(=O)C1(c2ccsc2)CC1CN,-5.327902142064283
544,COCCn1cc(C(=O)c2cccc3ccccc23)c2cccnc21,-4.585026652021886
545,c1ccc(-c2ccncc2)cc1,-4.06750448404219
546,CN1CCCCC=CC2CC2(C(=O)NS(=O)(=O)C2CC2)NC(=O)C2CC(Oc3nc(-c4ccccc4)nc4ccccc34)CC2C1=O,-4.67916763947478
547,CC(=O)Nc1ccc(O)cc1OCC(N)CN1CCC2(CC1)Cc1ccccc1O2,-5.795880017344075
548,CC(=O)C(NC(=O)CN)c1ccc(O)cc1,-5.2800002
549,O=C(NC(Cc1ccc(F)c(Br)c1)C(=O)O)c1ccc(Br)cc1NS(=O)(=O)c1cccc2nccnc12,-7.522878745210253
550,COc1cc(Nc2nc3n(n2)CCC(=O)N3Cc2ccccc2C)ccc1-c1cnnc(C)c1,-4.853871964321762
551,CCCCn1c(-c2c(C)ccc3[nH]ncc23)cn2c3c(=O)[nH]c(=O)n(C)c3nc12,-5.095825631786878
552,Cn1ccc2c(=O)n(Cc3ccccc3C#N)c(N3CCCC(N)C3)nc21,-5.735182176990463
553,CC(CC(=O)O)Nc1nccc(-c2c[nH]nc2-c2ccc(Cl)cc2)n1,-6.522878745280337
554,[C-]#[N+]C(=Cc1ccc(OC)cc1)C(=Cc1ccc(OC)cc1)[N+]#[C-],-4.920818753952375
555,COc1cc(OC)c2c(c1)OC1(c3ccc(C#N)cc3)C(c3ccccc3)C(C(=O)N(C)C)C(O)C21O,-5.537602002101044
556,CCC(C)C(N)C(=O)OCC1OC(n2cc(F)c(=O)[nH]c2=O)CC1O,-5.591100308672037
557,COC(=O)c1ccc(-c2ccc(Cl)c(OC3OC(CO)C(O)C(O)C3O)c2)cc1,-5.787812395596042
558,COC1C(=O)C2(C)C(OC)CC3OCC3(OC(C)=O)C2C(OC(=O)c2ccccc2)C23OC(=O)OC2C(OC(=O)C(O)C(NC(=O)OC(C)(C)C)c2ccccn2)C(C)=C1C3(C)C,-5.436518914704192
559,CC(C(=O)O)c1ccc2c(c1)Cc1cccnc1O2,-4.390636169196333
560,Cn1c(Cc2nc(N3CCOCC3)cc(=O)[nH]2)nc2c(-c3ccccc3)cccc21,-4.943095148663527
561,CCCCC(O)C(=O)N1CC2CC2C1C(=O)NCc1cc(Cl)ccc1-n1cnnn1,-4.4814860600915845
562,COc1ccc(-n2nc(C(N)=O)c3c2C(=O)N(C2CCN(c4ccccc4S(C)(=O)=O)CC2)CC3)cc1,-5.823908740944319
563,Nc1noc2ccc(-n3nc(C(F)(F)F)cc3C(=O)Nc3ccc(-c4ccccc4C[n+]4ccccc4)cc3F)cc12,-6.455931955649724
564,CN(CCOc1ccccc1Sc1ccccc1)CC(=O)O,-4.476253533141327
565,COc1cccc(S(=O)(=O)NC(=O)c2cc(-c3ccc(C#CCO)s3)c(OC)cc2OC)c1,-5.4078232427031
566,Cn1c(-c2ccc(Cl)cn2)c(C2CCCC2)c2ccc(C(=O)NC(C)(C)C(=O)Nc3ccc(C=CC(=O)O)cc3)cc21,-5.7447274948966935
567,CCCNCC(O)COc1ccccc1C(=O)CCc1ccccc1,-5.004365
568,CNC(=C[N+](=O)[O-])NCCSCc1ccc(CN(C)C)o1,-6.100152426068176
569,Cn1cnc(S(=O)(=O)N(CCN(Cc2cncn2C)c2ccc(C#N)cc2)CC2CCN(C(=O)OC(C)(C)C)CC2)c1,-6.045757490670506
570,COC(=O)NC(C(=O)NN(Cc1cccc(-c2cccnc2)c1)CC(O)(Cc1ccccc1)C(=O)NC1c2ccccc2CC1O)C(C)(C)C,-4.958607314841775
571,O=C(Nc1cccc(OC(F)(F)F)c1)c1nscc1NCc1ccncc1,-5.100456269509703
572,COc1c(O)cc(O)c2c(=O)cc(-c3ccccc3)oc12,-4.631880055036366
573,CS(=O)(=O)Nc1cccc(-n2c3nc(=O)[nH]c(=O)c-3cc3ccccc32)c1,-6.3872161432802645
574,Cc1cc(COc2ccc(C(=O)NC3(CC(=O)NO)CCN(CCS(C)(=O)=O)CC3)cc2)c2ccccc2n1,-6.091514981091014
575,CC(=O)NC(Cc1c[nH]c2ccccc12)C(=O)NC(C)C(=O)NCC(=O)NCC(=O)NC(CCCCN)C(=O)NC(C)C(N)=O,-7.309999900000001
576,N=C(N)c1ccc2[nH]c(-c3ccccn3)nc2c1,-6.4699998
577,Cc1cc(NC(=O)c2c(NCc3ccncc3)ncn2C)ccc1C(F)(F)F,-5.1487416512809245
578,Cn1cnc(S(=O)(=O)N(Cc2cccc(-n3cccc3)c2)C2Cc3cc(C#N)ccc3N(Cc3cncn3C)C2)c1,-6.698970004336019
579,O=C(O)c1cc(CN2CCN(c3ccc(Br)cc3)CC2)c2ccccn2c1=O,-4.795880017344075
580,CC(C)c1cc(Oc2c(Cl)cc(-n3nc(C#N)c(=O)[nH]c3=O)cc2Cl)n[nH]c1=O,-5.863279432843593
581,O=S1(=O)CCCN1Cc1ccc(-n2nc(C(F)(F)F)c3c2CCCC3)cc1,-4.3979400086720375
582,Cc1nc(-c2nc[nH]n2)ccc1-c1cnc2c(n1)N(CC1CCOCC1)C(=O)CN2,-4.989224856721203
583,C=CC1=C(C)C(=Cc2[nH]c(Cc3[nH]c(C=C4NC(=O)C(C)=C4C=C)c(C)c3CCC(=O)NCCS(=O)(=O)O)c(CCC(=O)NCCS(=O)(=O)O)c2C)NC1=O,-6.103007878026889
584,CC(C)C(N)C(=O)NC(Cc1ccccc1)C(=O)OCC1OC(n2cc(F)c(=O)[nH]c2=O)CC1O,-6.080576226905981
585,CC1(N)Cc2cccc(c2)CCC(c2ccccc2)NC(=O)c2cc(Br)cc(c2)COC1=O,-5.045757490560675
586,CCCS(=O)(=O)n1c(N)nc2ccc(C(=CC(=O)NC)c3cccc(F)c3)cc21,-4.1900001
587,CN1CCN(c2c(F)cc3c(c2F)N(CCF)CC(C(=O)O)C3=O)CC1,-4.8099484
588,Cn1cncc1CN1CC(N(CC2CCN(C(=O)CNC(=O)OC(C)(C)C)CC2)S(=O)(=O)c2ccccn2)Cc2cc(C#N)ccc21,-6.301029995663981
589,CCCCCCC(C)OC(=O)COc1ccc(C(=O)CN2CCN(C3CCNCC3)CC2=O)cc1,-4.7399998
590,CS(=O)(=O)N(CCC(F)(F)F)c1c(Cl)c(Cl)cc2[nH]c(=O)c(=O)[nH]c12,-6.3872161432802645
591,O=C(NCC1CCOCC1)c1ncccc1NC(=O)c1ccc(Cn2ccnn2)c2ccccc12,-4.366531544420414
592,Cc1ccc(C(=O)NC2CC2)cc1-c1ccc2c(N3CCOCC3)nncc2c1,-4.978810700947546
593,COc1ccc(-n2nc(S(C)(=O)=O)c3c2C(=O)N(c2ccc(C4(CN5CCOCC5)CC4)cc2)CC3)cc1,-4.844663962534939
594,COC1C(=O)C2(C)CCC3OCC3(OC(C)=O)C2C(OC(=O)c2ccccc2)C23OC(=O)OC2C(OC(=O)C(O)C(NC(=O)OC(C)(C)C)c2ccccc2)C(C)=C1C3(C)C,-5.578396073097627
595,O=C(C=Cc1ccc(O)c2c1C(C(=O)O)C(c1ccc(O)c(O)c1)O2)OC(Cc1ccc(O)c(O)c1)C(=O)O,-7.088943860311535
596,CCCC(=O)c1cnn(-c2ccc(NC(=O)c3cn(CC(=O)N4CCN(Cc5ccc(F)cc5)CC4)c4ccc(C)cc34)cc2)c1C,-5.769551078621726
597,Cc1cc(N2CCOCC2)cc2[nH]c(-c3c(NCC(O)c4cccc(Cl)c4)cc[nH]c3=O)nc12,-5.7447274948966935
598,Cc1cn(C2CC(N=[N+]=[N-])C(CO)O2)c(=O)[nH]c1=O,-5.094117688231515
599,COc1cnc2c(C(=O)NCCO)cn(Cc3ncnc(N(C)C)c3C)c2c1,-5.522878745280337
600,CCc1cc(-c2ccc(C(F)(F)F)o2)n(-c2ccc3c(c2)nc(-c2cc(C(=O)N4CCCC4)ccc2O)n3Cc2cc(C)c(=O)n(C)c2)n1,-5.142667503568732
601,Nc1nccc2cc(OC3CCCNC3)ccc12,-5.200659450546418
602,Cc1cc(C#N)nc(C)c1C(=O)N1CC2CN(CCC3(c4ccccc4)CN(C(=O)C4CC(F)(F)C4)C3)CC2C1,-6.356547323513812
603,COc1cc2c(cc1OC)CN(Cc1csc(-c3ccc4ccccc4c3)n1)CC2,-5.6252516539898965
604,COc1cc2c(cc1OC)CN(CCC=C1CCCCC1)CC2,-4.111259039317107
605,CC(C)(NCCCc1cc(-c2cccc(C(F)(F)F)c2)nc(C#N)n1)C(N)=O,-5.045757490670506
606,CC=CC#CCC=CCCCCCC(C)=O,-5.0
607,COc1ccc(C2(c3ccc(F)c(-c4cccnc4)c3)N=C(N)N3CC(F)(F)CN=C32)cc1C,-5.481486060091585
608,O=C(NC1CC1)c1ccc(F)cc1OCC(O)CN1CCC2(CC1)Cc1cc(Cl)ccc1O2,-4.795880017344075
609,Cc1nc2c(C(F)(F)F)nn(-c3ccc4onc(N)c4c3)c2c(=O)n1-c1ccc(-c2ccccc2CN(C)C)cc1,-4.721246399047171
610,N#Cc1ccc(CCNC(=O)C2CCN2c2cc(N3CCC(Oc4ccc(CC(=O)O)cc4)CC3)nc(C(F)(F)F)n2)cc1,-5.23224045022185
611,NC(=O)n1c(O)c(C(=O)c2cccs2)c2cc(Cl)ccc21,-4.32709232642271
612,Cc1ccc(-c2cnc(CCC(=O)NC3OC(CO)C(O)C(O)C3O)o2)cc1,-5.267606240177032
613,O=C(Nc1cnc(-c2ccncc2F)c(-c2ccncc2)n1)C1CC1,-4.4814860600915845
614,CCOc1ncc(S(=O)(=O)N2CCN(CC)CC2)cc1-c1nc(O)c2nn(CCOC)c(CC)c2n1,-4.7958800171720375
615,CCN(CC)CC(=O)Nc1c(C)cccc1C,-4.315775542092059
616,COc1ccc(-n2cc(-c3ccc4c(c3)C(=O)NCC4)c(N)n2)cc1,-4.316052869248487
617,CC(C)(C)NC(=O)Nc1nc(Cl)c(-c2ccc(-c3cccnc3)cc2)n(CC(=O)Nc2ccccc2C(=O)NS(=O)(=O)c2ccc(C(F)(F)F)cc2)c1=O,-5.154901959985743
618,C=CCOc1ccccc1OCC(O)CNC(C)C,-4.258796411632836
619,CC(C)CCn1nc(CC(C)(C)C)c(O)c(C2=NS(=O)(=O)c3cc(NS(C)(=O)=O)ccc3N2)c1=O,-6.537602002075783
620,O=C(c1ccc(F)cc1OCC(O)CN1CCC2(CC1)Cc1cc(F)ccc1O2)N1CCC(O)C1,-5.091514981121351
621,COCCNS(=O)(=O)c1ccc(-c2cnc(N)c(C(=O)Nc3cccnc3)n2)cc1,-4.698970004252014
622,COc1cc(C)c(S(=O)(=O)N(C)CCOCC(=O)N2CCC(CN3CCN(C)CC3)CC2)c(C)c1,-5.318758762718309
623,CC(C(=O)O)c1ccc2c(c1)CC(=O)c1ccccc1S2,-4.399675768104417
624,CC1CCN(C(=O)CC(Cc2cccc(C(=N)N)c2)NS(=O)(=O)c2ccc3ccccc3c2)CC1,-6.862789650017534
625,Cc1ccc(S(=O)(=O)Nc2ccc(Oc3ccccc3C(F)(F)F)cc2C(=O)O)cc1,-5.443697499232713
626,CNC(=O)c1cc(Oc2ccc3sc(Nc4ccc(OC(F)(F)F)cc4)nc3c2)ccn1,-5.0
627,O=C1CC(c2ccc(CC(Nc3nc4ccc(Br)cc4s3)c3nc4ccccc4[nH]3)cc2)S(=O)(=O)N1,-6.698970004336019
628,O=C1c2ncc3c(c(COCCCc4ccccn4)cn3Cc3ccc(F)cc3)c2CCN1O,-5.718966632752273
629,CN1CCC(=C2c3ccccc3CC(=O)c3sccc32)CC1,-4.452338449999999
630,CCc1c(CCCC(=O)O)cccc1-c1cnc(-c2ccc(OC(C)C)c(C#N)c2)nc1,-4.721246399047171
631,O=C(CCCCCCC(=O)Nc1ccccc1)NO,-5.664420599418748
632,CC1CN(C(=O)OC2(C(F)(F)F)COC2)CCN1c1ncc(OCc2ccncc2C#N)cn1,-4.795880017344075
633,C=CCOC(CCC(C)(C)O)C(C)(O)C1CCC2(O)C3=CC(=O)C4CC(O)C(O)CC4(C)C3CCC12C,-4.6900001
634,Cc1cn2nc(C3CCCCN3C(=O)c3cc(Cl)ccc3NS(C)(=O)=O)cc2nc1N1CC(C#N)C1,-4.42021640338319
635,O=C(NC1(C(=O)NC(Cc2ccccc2)C(=O)NCCCN2CCOCC2)CCCC1)c1ccc(-c2ccccc2)cc1,-4.741969672882231
636,O=C(O)CN(C(=O)CCc1ccccc1)c1ccc(C(O)(C(F)(F)F)C(F)(F)F)cc1,-6.3979400086720375
637,Cc1nc(-n2ccc(O)cc2=O)sc1C(=O)NCc1ccccc1,-5.154901959989307
638,O=C1OC2(c3ccc(O)cc3Oc3cc(O)ccc32)c2ccccc21,-5.44975195371371
639,NC1CONC1=O,-5.440287033333333
640,COc1ccc(C=C2CNCC(=Cc3ccc(OC)c(OC)c3)C2=O)cc1OC,-4.841637507928564
641,COc1ccc2c(c1)C13CCCCC1C(C2)N(C)CC3,-4.670582459432065
642,CCCCc1ccc(C(=O)NC2(C(=O)NC(Cc3ccccc3)C(=O)NCC3CCN(CC4CCOCC4)CC3)CCCC2)cc1,-5.030740414858574
643,CNCc1ccccc1-c1ccc(NC(=O)c2cc(C(F)(F)F)nn2-c2ccc3onc(N)c3c2)c(F)c1,-5.458420756053419
644,O=C(NCC1CCOCC1)c1nc(OS(=O)(=O)CCC(F)(F)F)ccc1NC(=O)c1ccc(Cn2ccnn2)c2ccccc12,-4.6777807052660805
645,O=C(NC1(C(=O)NC(Cc2ccccc2)C(=O)NCC2CCN(CC3CCOCC3)CC2)CCCC1)c1ccc(-n2cccc2)cc1F,-4.860120913598763
646,O=C(N1CCC(c2cn[nH]c2)C1)N1CCOc2ccccc21,-4.55129368009492
647,Cc1cc(CC(OC(=O)N2CCC(c3cc4ccccc4[nH]c3=O)CC2)c2cc(CN3CCCC3)ccn2)cc2cn[nH]c12,-5.309803919971486
648,CCOCCCN(c1c(Cl)c(Cl)cc2[nH]c(=O)c(=O)[nH]c12)S(C)(=O)=O,-6.356547323513812
649,CC(C)Cc1ccc(C(C)C(=O)NO)cc1,-4.631504071703033
650,COc1cc2ccccc2cc1C(=O)NC1(C(=O)NC(CCCN2CCN(CC3CCOCC3)CC2)Cc2ccccc2)CCCC1,-4.868060704789576
651,Cn1ncc2cc(Cn3cc(C(=O)O)c(=O)c4c(F)cccc43)ccc21,-4.522878745280337
652,Cn1cc(-c2ccc3c(c2)c(C2CCN(CCN4CCNC4=O)CC2)cn3-c2ccc(F)cc2)nn1,-5.301029995663981
653,Cn1cncc1CN1CC(N(CC2CCN(C(=O)C(C)(C)C)CC2)S(=O)(=O)c2ccccn2)Cc2cc(C#N)ccc21,-6.301029995663981
654,Cc1ccc(NS(=O)(=O)c2ccc3c(c2)CCC(=O)N3)cc1C,-4.826813731587726
655,O=C(NS(=O)(=O)c1ccccc1)c1ccc(F)c2c(C(=O)C(=O)N3CCN(C(=O)c4ccccc4)CC3)c[nH]c12,-5.823908740944319
656,CCOC(=O)c1ccc2nc3c(nc2c1)C(=O)c1ccncc1C3=O,-4.795880017344075
657,CCN(CC)CCN(Cc1ccc(-c2ccc(C(F)(F)F)cc2)cc1)C(=O)Cn1cc(SC)c(=O)nc1SCc1ccc(F)cc1,-5.079189932119672
658,C=CC1CC1(NC(=O)C1CC(Oc2cc(-c3csc(NC(C)C)n3)nc3cc(OC)ccc23)CN1C(=O)C(NC(=O)OC1CCCC1)C(C)(C)C)P(=O)(O)Cc1ccc(F)cc1,-6.075720713938118
659,CSCCC(NC(=O)C1SC(C)(C)SC1C(=O)O)C(=O)O,-4.804100347590766
660,NS(=O)(=O)c1ccc(Nc2nccc(-c3ccsc3)n2)cc1,-4.275069085807602
661,CC(C)CCOC(=O)c1ccccc1-c1ccc(CN2CCC(COC(=O)c3c4n(c5ccccc35)CCCO4)CC2)cc1,-5.267606240132774
662,CCC1CN2CCc3cc(OC)c(OC)cc3C2CC1CC1NCCc2cc(OC)c(OC)cc21,-5.645500219401615
663,CCc1c2c(nc3ccc(OC(=O)N4CCC(N5CCCCC5)CC4)cc13)-c1cc3c(c(=O)n1C2)COC(=O)C3(O)CC,-5.831264734228274
664,O=C(O)CC(c1ccc2c(c1)OCO2)N1CCc2cc(Oc3cccc4c3nc3n4CCCN3)ccc2C1=O,-5.047691990337875
665,O=C(NCCC1CC1)c1ccc2[nH]c(-c3ccc(Oc4ccccc4Cl)cc3)nc2c1,-4.77780395369828
666,CNc1c(C)c(C)nc2cc(C3CCCCN3C(=O)c3ccccc3NS(C)(=O)=O)nn12,-4.823908740944319
667,COc1cc2c(cc1OC)CN(C(=O)c1ccc3cc(O)ccc3c1)CC2,-4.600326278518962
668,CC(CN(C)C)Oc1nc(Nc2cc3cccc(Cl)c3cn2)cnc1C#N,-5.853871964321762
669,COc1ncc(-c2cc3c(-c4ccncc4)ncnc3s2)cc1NS(=O)(=O)c1ccc(F)cc1F,-5.274260297467235
670,CN(c1ccc(Cl)cc1)S(=O)(=O)c1cccc(NC(=O)c2ccc(C#N)cc2)c1,-4.570247719998195
671,OCC1CCC(n2cnc3c(O)ncnc32)O1,-5.787317698486152
672,COc1ccc(CN2C(=O)C(O)(c3ccc4c(c3)OCO4)c3ccccc32)cc1,-5.187086643357144
673,O=C(Nc1n[nH]c2ccc(Cc3cc(F)cc(F)c3)cc12)c1ccc(N2CCNCC2)cc1NC1CCOCC1,-6.221848749712267
674,CN(C)CCNS(=O)(=O)c1ccc(-c2cnc(N)c(C(=O)Nc3cccnc3)n2)cc1,-5.6020599913279625
675,CC(C(=O)O)c1ccc(C(=O)c2ccccc2)s1,-4.409276174716477
676,CC(C)C(NC(=O)c1ccc(-c2ccc(Nc3nnc(Cc4ccccc4)s3)cc2)cc1)C(=O)O,-7.397940008672037
677,CS(=O)(=O)C1CCN(c2cccc3c2ccn3-c2ccnc(NC3CCC(O)CC3)n2)CC1,-6.756961951313706
678,O=C(OC1CC(n2cc(F)c(=O)[nH]c2=O)OC1CO)c1ccc([N+](=O)[O-])cc1,-5.94385773795571
679,Nc1ncnc2c1C(=O)N(c1ccc(-c3ccc(Cn4cccnc4=O)cc3Cl)cc1)CCO2,-5.698970004336019
680,CCOCCCN1C(=O)C(C)(c2cc(F)cc(F)c2)Oc2ccc(-c3c(N)nc(N)nc3CC)cc21,-4.886056647693163
681,Nc1nc(O)c(Cl)c(-c2ccc(OCC3CCOC3)c(OC(F)(F)F)c2)n1,-5.193820026008057
682,COC1(C)CN(C(=O)c2ccc3c(N)ncc(-c4ccc(-c5cnn(C)c5)cc4)c3n2)C1,-4.396855627284864
683,CC(=O)NCc1ccc2c(c1)C(N1CCN(C)CC1)Cc1ccccc1S2,-4.4814860600915845
684,O=C1N(CCC2CC2)c2ccccc2C1(O)c1ccc2c(c1)OCO2,-4.701146923590294
685,COc1ccc2c(OC3CC4C(=O)NC5(C(=O)NS(=O)(=O)C6CC6)CC5C=CCCCCCNC(=O)N4C3)cc(-c3nc(C(C)C)cs3)nc2c1C,-6.3979400086720375
686,CN(C)CCNC(=O)C(C)(C)COc1nnc(-c2ccc(NC(=O)c3ccc4ccccc4c3)cc2)n1C,-6.6777807052660805
687,CCc1cnc(-c2ccc(C)cc2NC(=O)OC2CC3C(=O)NC4(C(=O)NS(=O)(=O)C5CC5)CC4C=CCCCCN(C)C(=O)C3C2)s1,-4.823908740944319
688,Cc1ccc(-c2c(-c3ccc(S(C)(=O)=O)cc3)cc(Cl)c[n+]2[O-])cn1,-4.2814984
689,CCc1ccc(-c2nc3c(=O)n(Cc4ccccc4)c(=O)nc-3n(C)n2)cc1,-6.154901959985743
690,CC(C)(O)CCCn1c(Cn2c(=O)n(C3CC3)c3ccncc32)nc2ccccc21,-4.838631997765025
691,CC(N)CC(=O)NC(CCCCN)CC(=O)O,-7.392544976785332
692,CC(C(=O)O)c1ccc(CC2CCCC2=O)cc1,-4.349715922222223
693,NC(=O)N1c2ccccc2C=Cc2ccccc21,-4.342437361862116
694,COc1cc(C)c(S(=O)(=O)N(C)CCOCC(=O)N(C)Cc2ccc(C3=NCCN3)cc2)c(C)c1,-5.886056647769872
695,COC1CN(C(=O)c2ccc3c(N)ncc(-c4ccc(-c5cnn(C)c5)cc4)c3n2)C1,-4.543633966870957
696,CC(=O)OCC1=C(C(=O)O)N2C(=O)C(NC(=O)Cc3cccs3)C2SC1,-5.87606245218677
697,CC(C)CC1C(=O)N2CCCC2C(=O)NC(Cc2ccccc2)C(=O)NC(Cc2ccccc2)C(=O)NC(Cc2c[nH]c3ccccc23)C(=O)NC(C(C)C)C(=O)N1C,-5.166215625343521
698,CCc1c2nc(-c3cc(S(=O)(=O)N4CCN(CC)CC4)cnc3OCCOC)[nH]c(=O)c2nn1CCN1CCOCC1,-5.552841968657781
699,O=C(Nc1nc(Cc2ccccc2)no1)c1ccc(OC2CCC(C(=O)O)CC2)cc1,-5.537602002101044
700,CC(C)S(=O)(=O)CCCn1c(Cn2c(=O)n(C3CC3)c3ccncc32)nc2ccccc21,-5.200659450546418
701,Cc1c(CC(=O)O)c2cccnc2n1S(=O)(=O)c1ccc(Cl)c(C#N)c1,-6.0
702,CCN(C(=O)N1CCOCC1)c1ccc(C(O)(C(F)(F)F)C(F)(F)F)cc1,-4.166215625343521
703,CCCCCn1cc(C(=O)c2cccc3ccccc23)c2cnccc21,-5.0
704,CCC(=S)NCC1CN(c2ccc(N3CCN(C=O)CC3)c(F)c2)C(=O)O1,-4.457457413912431
705,COc1cc(C2Oc3ccc4c(=O)c5ccccc5oc4c3OC2CO)ccc1O,-4.841637507928564
706,CC(=Cc1cc(F)c(OCCCF)cc1F)C(=O)NC1C(O)C2OCOC2C(O)C1OCc1ccccc1,-5.0
707,Cc1nc(NC(=O)N2CC(F)CC2C(N)=O)sc1-c1csc(C(C)(C)C)n1,-5.259637310505756
708,COC(=O)OC1CC2OCC2(OC(C)=O)C2C(OC(=O)c3ccccc3)C34OC(=O)OC3C(OC(=O)C(O)C(NC(=O)OC(C)(C)C)c3ccccc3)C(C)=C(C(OC)C(=O)C12C)C4(C)C,-5.405607449718429
709,O=C(c1nnc(-c2ccccc2Cl)o1)N1CCC(Oc2ccc(CN3CCCC3)cc2)CC1,-4.229147988357856
710,CC12CCC3C(CCC4CC(NS(N)(=O)=O)CCC43C)C1CCC2=O,-4.497572880015567
711,CC(=O)OCOC(=O)c1ccccc1-c1ccc(CN2CCC(COC(=O)c3c4n(c5ccccc35)CCCO4)CC2)cc1,-5.853871964241321
712,CNC(=N)c1cccc(CC(CC(=O)N2CCC(C)CC2)NS(=O)(=O)c2ccc3ccccc3c2)c1,-6.850488021836156
713,CCOC(=O)c1cnc(N2CCN(C(=O)NS(=O)(=O)c3ccccc3)CC2)c(Cl)c1,-6.552841968657781
714,Cc1nc(-n2cnn(CCCC(F)(F)F)c2=O)sc1C(=O)NCc1cccnc1,-4.585026652029182
715,Nc1nc(OC2CCCC2)nc2c1ncn2C1OC(CO)C(O)C1O,-6.552841968657781
716,O=C(c1ccc(Oc2ccc(F)cc2)nc1)N1CCCN(C2CCC2)CC1,-4.107905397309519
717,CCCOCOCC1CN(c2ccc(C(C)=O)cc2)C(=O)O1,-3.9500000000000006
718,Cn1nnnc1SCC1=C(C(=O)[O-])N2C(=O)C(NC(=O)C(OC=O)c3ccccc3)C2SC1,-5.6497521
719,CC(NC(=O)C1(NC(=O)C(F)(F)F)CC1)c1ccc(-c2cc(Cl)cc(Cl)c2OCC(F)(F)F)cc1F,-5.200659450546418
720,Cc1ccc(C(=O)NC2CC2)cc1-c1ccc2c(NCCN3CCOCC3)nncc2c1,-6.522878745280337
721,CN1CCC23C(=O)CC4C(=CCOC5CC(=O)N(c6ccccc62)C3C54)C1,-4.582099723165429
722,CC1OC(c2ccc([N+](=O)[O-])cc2)OCC1N,-4.888591194795668
723,COc1ccccc1Oc1cccc(CN2CCC(NC(=O)C3(c4ccccc4)CCNCC3)CC2)c1,-5.045757490560675
724,C=CC(N)=O,-4.569147783960253
725,CC(C)=CCn1c(N2CCCNCC2)c(C#N)c2ncn(Cc3nccc4ccccc34)c(=O)c21,-5.4089353929735005
726,C=CCOC(=O)c1cccnc1NC12CC3CC(CC(C3)C1)C2,-5.920818753952375
727,COC1C=COC2(C)Oc3c(C)c(O)c4c(O)c(c(C=NN5CCN(C)CC5)c(O)c4c3C2=O)NC(=O)C(C)=CC=CC(C)C(O)C(C)C(O)C(C)C(OC(C)=O)C1C,-5.39940645
728,Cn1c2c(c3cc(S(=O)(=O)c4ccc5[nH]ccc5c4)ccc31)C1CCC(C2)N1,-6.259637310505756
729,NC(Cc1ccc(-c2ccc(F)cc2)cc1)C(=O)N1CCSC1,-4.774432286670397
730,Cn1c(N2CCCN(CCCN3c4ccccc4Sc4ccc(CC(=O)O)cc43)CC2)cc(=O)n(C)c1=O,-5.259864116439658
731,CC1CC(c2cc(=O)[nH]o2)CCN1,-6.221848749616356
732,NCCCCN,-4.50245733891243
733,Cc1cc(COc2ccc(C(=O)NC3CN(S(C)(=O)=O)CC3C(=O)NO)cc2)c2ccccc2n1,-6.522878745210253
734,COCCn1cc(C(C(=O)NS(=O)(=O)c2ccc(C)cc2OC)c2ccc3c(c2)OCO3)c2ccc(F)cc21,-5.720778849761793
735,C=CC1CC1(NC(=O)C1CC(n2cc(-c3ccccc3)c(C)n2)CN1C(=O)C(NC(=O)OC1CCCC1)C(C)(C)C)C(=O)NS(=O)(=O)C1CC1,-6.154901959985743
736,O=c1cc(C2CCNC(CCc3ccccc3)C2)o[nH]1,-5.585026652021886
737,O=c1n(Cc2nc3ccccc3n2CCCCO)c2cnccc2n1C(F)F,-4.705533773838408
738,Cc1[nH]n(-c2ccccn2)c(=O)c1C(=O)Nc1ccccc1[N+](=O)[O-],-4.950781977329818
739,N=C(N)NCCCC(NC(=O)C(Cc1c[nH]c2ccccc12)NC(=O)CN)C(=O)NC(Cc1ccccc1)C(=O)NC(Cc1ccccc1)C(=O)O,-4.920818753952375
740,NCC(=O)N1CCn2c(nc(-c3ccc(F)cc3)c2Nc2ccc(Cl)c(F)c2)C1,-6.124938736706225
741,COc1cccc(-c2c(C)n(Cc3c(F)cccc3C(F)(F)F)c(=O)n(CC(c3ccccc3)N(C)CCCC(=O)O)c2=O)c1F,-5.124938736706225
742,CN(C)CC1CCN(C(=O)Nc2nc3c(s2)-c2nc(C(C)(C)C)sc2CC3)C1C(N)=O,-6.119186407719209
743,CC=C(C)C(=O)NC(c1ccccc1)C(O)C(=O)OC1CC2(O)C(OC(=O)c3cccc(N=[N+]=[N-])c3)C3C4(OC(C)=O)COC4CC(OC(=O)NC)C3(C)C(=O)C(O)C(=C1C)C2(C)C,-3.5934598195660445
744,Cc1ccc2nc(-n3nc4c(c3O)-c3ccccc3CC4)sc2c1,-5.2839966563652006
745,CC1Cn2c(nnc2-c2ccc(F)cc2)CN1C(=O)c1cccc(C(F)(F)F)c1Cl,-4.428291168143485
746,c1ccn2c(Sc3ncnc4sccc34)nnc2c1,-4.301029995747986
747,CN(C)C(=O)c1cc2cc(C3(Cc4ccccc4)CCNC3)ccc2[nH]1,-5.3979400086720375
748,Cc1c(Cc2ccccc2S(=O)(=O)c2ccccc2)c2c(=O)[nH]ccc2n1CC(=O)O,-7.0
749,CC(Nc1cc(F)cc(F)c1)c1cc(C(=O)N2CCOCC2)cc2c(=O)cc(N3CCOCC3)oc12,-5.318758762624412
750,CC(=O)Nc1cn2cc(-c3cnc(N)c(OC(C)C(F)(F)F)n3)ccc2n1,-4.3872161432802645
751,CCC1CC1(NC(=O)C1CC(Oc2cc(-c3csc(NC(C)C)n3)nc3c(Cl)c(OC)ccc23)CN1C(=O)C(NC(=O)OC1CC2CC2C1)C(C)(C)C)C(=O)O,-5.136677139879544
752,CN(c1cc2cc(c1)C(=O)NC(c1ccccc1)CCc1cccc(c1)CC(C)(N)C(=O)OC2)S(=O)(=O)C(F)(F)F,-4.886056647693163
753,O=C1CC(c2ccc(O)cc2)Oc2cc(O)ccc21,-4.8000002
754,Cc1c(Cl)nc(NC(=O)NC(C)(C)C)c(=O)n1C(C(=O)Nc1ccccc1C(=O)NS(=O)(=O)c1ccc(C(F)(F)F)cc1)c1ccccc1,-5.958607314841775
755,CCCCc1ccc(-c2nc(C)c(C(C)=NN=C(N)N)s2)cc1,-5.6575773190888965
756,Cc1cn2nc(C3CCCCN3C(=O)c3cc(Cl)ccc3NS(C)(=O)=O)cc2nc1N1CCC1,-4.823908740944319
757,COC(=O)c1ccc(-c2cc(Cl)c(OC3OC(CO)C(O)C(O)C3O)c(Cl)c2)cc1,-5.478861916221973
758,CN(C)C(=O)Oc1ccc(CC(NC(=O)C2N(S(=O)(=O)c3ccn(C)n3)CSC2(C)C)C(=O)OCOC(=O)C(C)(C)C)cc1,-5.603800652904264
759,COc1ccc(C(=O)NCc2cccc(C(=O)Nc3ccc(CO)cc3)c2)cc1OC,-6.221848749616356
760,CC(Nc1cccc(Cl)c1F)c1cc(C(=O)NCCN(C)C)cn2c(=O)cc(N3CCOCC3)nc12,-6.045757490670506
761,COc1ccc2c(OC3CC4C(=O)NC5(C(=O)NS(=O)(=O)C6(C)CC6)CC5C=CCCCCCNC(=O)N4C3)cc(-c3nc(C(C)C)cs3)nc2c1,-4.522878745280337
762,Cc1nn(-c2ccnc(Nc3ccc4c(c3)c(C)c(C)n4C)n2)cc1CN1CC(O)C1,-5.20760831062631
763,COc1cc(-c2nnc3n(C(C)c4ccc(F)cc4)cc(C)cc2-3)ccc1-n1cnc(C)c1,-5.318758762624412
764,COc1cc(-c2nc(=O)n(CCC3CCCO3)c3c2oc2ncc(-c4cnn(C)c4)cc23)ccn1,-4.6020599913279625
765,CCN(CC)C(=O)COC(=O)c1ccc2c(c1)nc(C(F)(F)F)n2C,-4.658763376761308
766,CCOC(=O)c1cc(C#N)c(N2CCN(C(=O)NS(=O)(=O)Cc3ccccc3)CC2)nc1C,-6.431798275949754
767,CC(CC(=O)O)NC(=S)CC(N)C(C)C,-6.122628654130226
768,COc1ccc(-n2nc(C#N)c3c2C(=O)N(c2ccc(C4(N(C)C)CC4)cc2)CC3)cc1,-4.769551078716296
769,CCOc1ccccc1OCC1COCCN1,-4.3921161
770,CN(Cc1ccc(-c2ccc(N3CCOc4ncnc(N)c4C3=O)cc2)c(Cl)c1)C(=O)CCCN,-6.698970004336019
771,CCCS(=O)(=O)Nc1ccc(F)c(C(=O)Nc2cnc3[nH]c(-c4ccc(Cl)c(Cl)c4)nc3c2)c1F,-5.698970004336019
772,NCc1ccc(C(=O)Nc2ccncc2F)cc1-c1cccc(C(=O)Nc2ccc(C(=O)O)cc2)c1,-7.096910013008056
773,C=C(C)C(COc1c2occc2cc2ccc(=O)oc12)OC(C)(C)C(O)COc1c2occc2cc2ccc(=O)oc12,-4.48
774,O=C(NC(Cc1ccc(F)c(Br)c1)C(=O)O)c1ccc(Br)cc1NS(=O)(=O)c1cccc2nsnc12,-7.301029995663981
775,CCN1CCN(C(=O)NC(C(=O)NC2C(=O)N3C2SC(C)(C)C3C(=O)O)c2ccccc2)C(=O)C1=O,-7.488116639021126
776,CC(C)CN(CC(O)C(Cc1ccccc1)NC(=O)OCc1cncs1)C(=O)c1ccc2nc(N)sc2c1,-6.0655015487564325
777,COc1ccc(C2(c3cccc(-c4cncnc4)c3)N=C(N)C(C(C)C)=N2)cc1,-4.522878745210253
778,C#Cc1ccc2c(c1)C(=O)N(C(C)c1ccc(Cl)cc1)C(c1ccc(Cl)cc1)C(=O)N2CCCCC(=O)O,-4.679853713888946
779,OCCN1CCN(CCC=C2c3ccccc3Sc3ccc(C(F)(F)F)cc32)CC1,-4.889123566666666
780,CC(C(=O)O)c1cccc(Oc2ccccc2)c1,-4.853276458121503
781,O=C(NCc1cc(Cl)ccc1-n1cnnn1)C1CC2CC2N1C(=O)C(O)C1CCCCC1,-4.795880017258057
782,Cn1cncc1CN1CC(N(CC2CCN(C(=O)N3CCCC3)CC2)S(=O)(=O)c2ccccn2)Cc2cc(C#N)ccc21,-6.221848749616356
783,COc1ccc(-c2ncon2)c2[nH]cc(C(=O)C(=O)N3CCN(C(=O)c4ccccc4)CC3)c12,-4.8297382846050425
784,Cn1ncc(-c2ccc(F)cc2)c(-c2ccc(CC(NC(=O)c3c(Cl)cccc3Cl)C(=O)O)cc2)c1=O,-6.795880017258057
785,CN(CCc1cnn(-c2nccc3c(=O)[nH]cnc23)c1)Cc1ccc(S(C)(=O)=O)cc1,-6.119186407719209
786,COc1cc(C)c(C(=O)NS(C)(=O)=O)cc1-c1ccc(C#CCO)s1,-6.301029995663981
787,Cc1ccn(CCCCN2CCN(c3cc(C(F)(F)F)nc(C(C)(C)C)n3)CC2)c(=O)c1,-5.301029995663981
788,O=C(Nc1ccc(C=Cc2ccc(NC(=O)C3CC(O)CN3C(=O)OCc3ccccc3)cc2)cc1)C1CC(O)CN1C(=O)OCc1ccccc1,-5.455931955649724
789,CC(=O)N1CCC(CC(=O)NO)(NC(=O)c2ccc(OCc3cc(C)nc4ccccc34)cc2)CC1,-7.0
790,O=C(Nc1ccccc1OCC(O)CN1CCC2(CC1)Cc1cc(Cl)ccc1O2)N1CCCC1,-5.455931955649724
791,CCCc1cc(=O)[nH]c(=S)[nH]1,-4.140134630868998
792,O=C(Cc1nc(O)cc(N2CCOCC2)n1)Nc1ccc(F)c(Br)c1,-6.096910013004028
793,C=CC1CC1(NC(=O)C1CC(OC)(c2ccc(-c3cccnc3)cc2)CN1C(=O)C(NC(=O)OC1CCCC1)C(C)(C)C)C(=O)NS(=O)(=O)C1CC1,-5.552841968657781
794,CCOc1cc(OC2CC3C(=O)NC4(C(=O)NS(=O)(=O)C5CC5)CC4C=CCCCCCC(NC(=O)OC(C)(C)C)C(=O)N3C2)c2ccc(OC)c(C)c2n1,-5.200659450546418
795,Cc1ccc(Nc2nnc(-c3cccnc3CCc3ccncc3)o2)cc1C(F)(F)F,-5.085295522057585
796,COc1ccc2[nH]c([S+]([O-])Cc3ncc(C)c(OC)c3C)nc2c1,-4.18664095459876
797,CN(Cc1ccc(F)cc1)C(=O)C1(c2ccc(Cl)c(Cl)c2)CC1CN1CCN(C(=O)CN2CCCCC2)CC1,-5.537602002075783
798,COc1c(C=Cc2ccc(NS(C)(=O)=O)cc2)cc(-c2ccc[nH]c2=O)cc1C1(C)COC1,-6.443697499232712
799,CC(C)C(N)C(=O)OCCOCn1cnc2c(=O)[nH]c(N)nc21,-5.668071761322099
800,CC1C(=O)NC(Cc2ccc(F)cc2)C(=O)NCCCc2ccc(F)cc2OCCNC(C2CC2)C(=O)N1C,-4.791827473332878
801,CC(Nc1ccccc1)c1cc(C(=O)NCCN2CCNCC2)cn2c(=O)cc(N3CCOCC3)nc12,-6.004364805301838
802,O=C(NCc1nccs1)c1ccc2[nH]c(-c3ccc(Oc4ccccc4Cl)cc3)nc2c1,-5.196542884351586
803,CCOC(=O)c1c(Cl)cc(Cl)cc1-c1ccc(C(C)NC(=O)C2(NC(=O)C(F)(F)F)CC2)c(F)c1,-4.6020598717479855
804,O=c1[nH]cnc2c(-n3cc(CCO)cn3)nccc12,-6.119186407719209
805,N#CNC(=O)C(Cc1ccccc1)NC(=O)OCc1ccccc1,-4.2839966563652006
806,NC1CCN(c2cnc3nnn(Cc4ccc5ncccc5c4)c3n2)C1,-4.774690718274138
807,O=C(O)P(=O)(O)O,-7.36007544361118
808,COc1cc(NC(=O)Cc2nc(N3CCOCC3)cc(=O)[nH]2)ccc1F,-6.698970004336019
809,COc1cnn(C)c(=O)c1-c1ccc(CC(CO)NC(=O)c2c(Cl)cccc2Cl)cc1,-5.601459104692655
810,COc1cccc(-c2cccc(C3(c4ccncc4)N=C(N)N4CCCN=C43)c2)c1F,-6.0
811,CCC(=O)N(C)c1cc2c(NCc3ccc(OC)c(Cl)c3)ncnc2c(CCO)c1OC,-4.769551078621726
812,Cn1cc(-c2ccc(Cc3[nH]nc4ccc(C(=O)N5CCOCC5)cc34)cc2)cn1,-4.5016894461052
813,C=CC1CC1(NC(=O)C1CC(Oc2cc(-c3csc(NC(C)C)n3)nc3cc(OC)ccc23)CN1C(=O)C(NC(=O)OC1CCCC1)C(C)(C)C)P(=O)(O)Cc1ccc(OC)cc1,-6.1487416512809245
814,COc1ccc(-c2nnc(C(=O)N3CCC(Oc4ccc(CN5CCC(O)C5)cc4)CC3)o2)cc1,-4.443697499232712
815,CCCCN1C(=O)C(CC2CCCCC2)NC(=O)C12CCN(Cc1ccc(Oc3ccccc3)cc1)CC2,-6.823908740944319
816,COC(C)(C)CCC(O)C(C)(O)C1CCC2(O)C3=CC(=O)C4CC(O)C(O)CC4(C)C3CCC12C,-4.7600002
817,O=C(Nc1ccc(Oc2ncnc3cc(Cl)ccc23)nc1)Nc1cccc(C(F)(F)F)c1,-4.178945244953112
818,C=CC1CC1(NC(=O)C1CC(Oc2cc(-c3csc(NC(C)C)n3)nc3cc(OC)ccc23)CN1C(=O)C(NC(=O)OC1CCCC1)C(C)(C)C)P(=O)(O)Cc1c(F)cccc1F,-5.913640169325252
819,Cc1oc(=O)oc1COC(=O)c1ccccc1-c1ccc(CN2CCC(COC(=O)c3c4n(c5ccccc35)CCCO4)CC2)cc1,-4.79317412396815
820,CCC(C)C1C(C)C2CC3(CC4CC(CC=C(C)C(OC5CC(OC)C(OC6CC(OC)C(O)C(C)O6)C(C)O5)C(C)C=CC=C5COC6C(O)C(C)=CC(C(=O)O4)C56O)O3)OC21,-6.0915151
821,CC1CC(c2cccnc2)=Cc2ccccc21,-4.787812395697031
822,Cn1c(N2CCOC3CCCC32)nc(-c2ccncc2F)cc1=O,-4.351639989019068
823,COc1ccc2onc(N3CCN(CCCCNC(=O)c4cc(-c5ccco5)[nH]n4)CC3)c2c1,-5.131355561703881
824,CN1CCC(c2cn(-c3ccc(F)cc3)c3ccc(-c4ncn(C)n4)cc23)CC1,-4.74472749492252
825,CC(c1ccc(Cl)cc1)N1C(=O)c2cc(I)ccc2N(CCCCC(=O)O)C(=O)C1c1ccc(C(F)(F)F)cc1,-4.987162775221121
826,CCOC(=O)c1cc(C#N)c(N2CCN(C(=O)NS(=O)(=O)c3ccc(Cl)s3)C(CCC(=O)O)C2)nc1C(F)(F)F,-6.721246399047171
827,Cn1c(N2CCN(CCCN3c4ccccc4COc4ccc(CC(=O)O)cc43)CC2)cc(=O)n(C)c1=O,-5.522878745140169
828,CCCCc1ccc(-c2nc(C)c(-c3ccnc(N)n3)s2)cc1,-4.812026522195563
829,O=C1CSCCN1c1ccc(COC2COc3nc([N+](=O)[O-])cn3C2)cc1,-4.402743717074858
830,COc1ccc(-c2nnc(C(=O)N3CCC(Oc4ccc(CN5CCCC5)cn4)CC3)o2)cc1,-4.309803919971486
831,O=C(NC1CCN(C(=O)C=Cc2cccnc2)CC1)C(c1ccccc1)C1CCCCC1,-5.070581074285707
832,C=CC1CC1(NC(=O)C1CC(c2csc(-c3ccccc3)n2)CN1C(=O)C(NC(=O)OC1CCCC1)C(C)(C)C)C(=O)NS(=O)(=O)C1CC1,-5.337242168318426
833,O=c1n(Cc2nc3ccccc3n2CCCCCO)c2cnccc2n1C1CC1,-5.017728766960431
834,Cc1ncc(CNC2CCN(CCn3c(=O)ccc4ncc(F)cc43)CC2)cc1C#N,-4.7447274948966935
835,CCOc1cc(NC(=O)C2(NC(=O)c3ccc4c(C5CCCC5)c(-c5cccc(N)n5)n(C)c4c3)CCC2)ccc1C=CC(=O)O,-5.026872146400302
836,COc1cc(C(=O)c2ccn(-c3cccc(N)c3)c2)cc(OC)c1OC,-4.909389292128696
837,NC(=O)C=C(c1cccc(F)c1)c1ccc2nc(N)n(S(=O)(=O)NC(=O)N3CCOCC3)c2c1,-4.7399998
838,COc1ccc(C(=O)NCc2cccc(C(=O)NCCC3CCCNC3)c2)cc1OC,-7.0
839,N#Cc1cccc(Oc2ccc(C(=O)N3CCCN(C4CCC4)CC3)cn2)c1,-4.113509274827518
840,O=C(NCC(O)c1ccccc1)c1ccc(N2CCN(C(=O)c3ccccc3C(F)(F)F)CC2)nn1,-4.647924741582299
841,O=C(NOCC(O)CO)c1ccc(F)c(F)c1Nc1ccc(I)cc1F,-4.138465589140962
842,Cc1nc(-n2cnn(CCOc3ccc(F)cc3)c2=O)sc1C(=O)NCc1cccnc1,-4.3979400086720375
843,COc1ccc2c(c1)C(CCCN1CCc3cc(OC)c(OC)cc3C1)CCC2,-4.337242168318426
844,COc1ccc(-c2c(C)nn3c(NCCN4CCOCC4)cc(C)nc23)cc1OC,-4.958607314841775
845,Nc1nonc1C(=NO)Nc1ccc(F)c(Cl)c1,-4.443697499232712
846,CCCC(=O)c1cnn(-c2ccc(NC(=O)c3cn(CC(=O)N4CCN(C)CC4)c4ccc(Cl)cc34)c(C#N)c2)c1C,-5.481486060122113
847,Cc1nc(C)c(-c2ccnc(Nc3ccc(N(C)C)cc3)n2)s1,-4.308123177330502
848,CC(C)c1nc2ccccc2n1Cc1ccc(C(=O)NC2CCOCC2C(=O)NO)cc1,-6.301029995663981
849,CCCCn1nc(-c2nc3ccccc3s2)nc2c(=O)n(C)c(=O)nc1-2,-4.458420756040065
850,N#CCCCn1c(Cn2c(=O)n(C(F)F)c3ccncc32)nc2ccccc21,-4.72584215073632
851,CCC(C)(C)C(=O)OC1CC(C)C=C2C=CC(C)C(CCC3CC(O)CC(=O)O3)C21,-5.1690592202351615
852,N#Cc1cccc(CN(c2ccc3[nH]ccc3c2)C2CCNCC2)c1,-5.397940008754028
853,CC1(C)SC2(C)C(NC(=O)C(N)c3ccccc3)C(=O)N2C1C(=O)O,-6.1023731
854,CC(=O)c1cccc(NC(=O)NC2CCCCC2CN2CCCC(Cc3ccc(F)cc3)C2)c1,-4.958607247863925
855,COCC(C)Oc1cc(Oc2cc(F)cc(F)c2)cc(C(=O)Nc2ccc(C(=O)O)cn2)c1,-5.130768280269024
856,O=C(OCc1ccccc1)c1ccccc1-c1ccc(CN2CCC(COC(=O)c3c4n(c5ccccc35)CCCO4)CC2)cc1,-5.9586073148813306
857,Nc1nc2c(ncn2C2C(CO)CC2CO)c(=O)[nH]1,-6.0599999
858,Cc1nsc(-c2nnc3n2CCN(C(=O)c2ccc(F)cc2)C3C)n1,-4.3124710387853655
859,CN1C(=O)CC(N2CCN(CCC=C3c4ccccc4COc4ccc(CC(=O)O)cc43)CC2)N(C)C1=O,-5.1399999
860,Cc1ccc(C(=O)NC2CC2)cc1-n1cnc2ccc(N3CCN(C)CC3)cc2c1=O,-5.221848749712267
861,COc1c(C=Cc2ccc(NS(C)(=O)=O)cc2)cc(-c2ccc[nH]c2=O)cc1C(C)(C)CO,-6.721246399047171
862,COCc1c(C(C)C)nc(C(C)C)c(C=CC(O)CC(O)CC(=O)O)c1-c1ccc(F)cc1,-5.247770164780331
863,O=C1NCCC12CCN(c1c(Cl)cncc1-c1ccc(N3CCOCC3)cc1)CC2,-4.431798275949754
864,CC1(C)NC(=O)c2cc(S(=O)(=O)Nc3ccc(C(F)(F)F)cc3)ccc2NC1=O,-5.221848749712267
865,COCC#Cc1cccc(C2(c3ccc(OC(F)F)cc3)N=C(N)N3CC(F)(F)CN=C32)c1,-5.075720713953588
866,CC(=O)NC(O)CNc1ccc(C(C)=O)cc1,-5.2199998
867,COc1ncnc(Cn2cc(C(=O)NCC(F)F)c3ncc(C)cc32)c1C,-4.619788758288394
868,C=C1CC2C(CCC3(C)C(=O)CCC23)C2(C)C=CC(=O)C=C12,-4.329999900000001
869,O=c1c2c3n(c(=O)cc2[nH]n1-c1ccccc1Cl)CCCN(Cc1ccccn1)C3,-5.7447274948966935
870,COCCCOc1cc(C(=O)N(CC2CNCC2NS(=O)(=O)Cc2ccccc2)C(C)C)ccc1OC,-7.045757490560675
871,NCC1CCC(C(=O)O)CC1,-5.700610855079144
872,CC(C)(C)c1ncc2c(n1)-c1sc(NC(=O)N3CCCC3(C)C(N)=O)nc1CC2,-5.468521082957745
873,CC(C)CC(CO)Nc1nc([S+]([O-])Cc2ccccc2)nc2[nH]c(=O)sc12,-6.0
874,CC1OC(OC2C(O)CC(OC3C(O)CC(OC4CCC5(C)C(CCC6C5CC(O)C5(C)C(C7=CC(=O)OC7)CCC65O)C4)OC3C)OC2C)CC(O)C1O,-5.63373442312426
875,CCN(CC)C(=O)C1(c2ccccc2)CC1CN,-5.211823225569173
876,CN(C(=O)c1ccc2c(c1)c1c(n2C)CCC(C2CCOCC2)C1)C(CO)CCC(=O)NCCF,-6.958607314841775
877,CCCS(=O)(=O)N1CCC(CNC(=O)c2ccc(C(F)(F)F)cc2F)(C(=O)N2CCOCC2)CC1,-4.6575773190888965
878,Nc1ncnc2c1C(=O)N(c1ccc(-c3cc(Cl)ccc3Cl)cc1)CCO2,-4.790484985343027
879,COc1ccc(-c2nnc(C(=O)N3CCC(Oc4ccc(CN5CCCC5)cc4)CC3)o2)cc1,-4.337242168318426
880,O=C(Cc1nc(O)cc(N2CCOCC2)n1)N1CCc2c(OC(F)(F)F)cccc21,-5.387216143140132
881,CCOC(=O)CCN1CC(=O)N(C)c2ccc(OCc3ccc(C(=N)N)cc3)cc2C1=O,-6.367832086105103
882,NC(=O)c1sc(-c2ccccc2)cc1N,-5.031517051446065
883,O=C1CC(c2ccc(CC(NS(=O)(=O)c3ccccc3)c3nc4ccccc4[nH]3)cc2F)S(=O)(=O)[N-]1,-6.610924374808178
884,CCCC1(C(=O)O)OCCc2c1[nH]c1c(C)ccc(C#N)c21,-5.494850021680094
885,COc1ccc2c(OC3CC4C(=O)NC5(C(=O)NS(=O)(=O)C6CC6)CC5C=CCCCCCNC(=O)N4C3)nc(-c3ccc(F)cc3)nc2c1C,-4.494850021680094
886,CNCCC(Oc1ccccc1C)c1ccccc1,-4.359518563022183
887,CC1CCc2cccc(c2)CC(C)(N)C(=O)OCc2cc(nc(N(C)S(C)(=O)=O)c2)CC1,-4.853871964321762
888,O=c1[nH]cnc2c(-n3cc(CCN4CCC(c5cccc(Cl)c5)CC4)cn3)nccc12,-4.928117992693875
889,COc1ncccc1C(C)c1c(CCN(C)C)sc2ccccc12,-4.663540266075735
890,Nc1noc2ccc(-n3nc(C(F)(F)F)cc3C(=O)N3CCc4cc(-c5ccccc5S(N)(=O)=O)ccc43)cc12,-6.522878745280337
891,COc1ccc2c(OC3CC4C(=O)NC5(C(=O)NS(=O)(=O)C6CC6)CC5C=CCCCCCNC(=O)N4C3)nc(-c3ccccc3)nc2c1C,-4.42021640338319
892,CC(OC(=O)NCC1(CC(=O)O)CCCCC1)OC(=O)C(C)C,-4.509149051541431
893,O=C(NC(Cc1ccc(F)c(Br)c1)C(=O)O)c1ccc(Cl)cc1NS(=O)(=O)c1cccc2nsnc12,-7.397940008754027
894,Cn1ncc(C(=O)N2CCC(Nc3cc(=O)[nH]c4ccc(F)cc34)CC2)c1Cl,-6.221848749616356
895,NS(=O)(=O)N1CCN(C2CN(CCC3(c4ccc(Cl)c(Cl)c4)CCC(=O)N(CC4CC4)C3)C2)CC1,-5.878693060236079
896,COc1cc(C(=O)N2CCC(CCN3CCC(C(=O)N4CCN(C)CC4)(c4cccnc4)CC3)(c3ccc(Cl)c(Cl)c3)C2)cc(OC)c1OC,-4.942842105878453
897,CN(C)C(=O)c1ccc(-c2ccc3c(c2)CCN(CCN2CCCC2)C3=O)cc1,-4.917214629762663
898,CC(=O)C1CCC2C3CCC4CC(NS(N)(=O)=O)CCC4(C)C3CCC12C,-5.6777807052660805
899,Cc1cc(N2CCC(N3CCCC3C)C2)ccc1NC(=O)c1ccccc1F,-5.0343280287798935
900,CC(C)(C)CCn1nc(-c2cccs2)c(O)c(C2=NS(=O)(=O)c3cc(NS(C)(=O)=O)ccc3N2)c1=O,-7.221848749712267
901,Cc1oc(=O)oc1COC(=O)N1CCC(N2CCN(CC(=O)c3ccc(OCC(=O)OC4CCCCC4)cc3)C(=O)C2)CC1,-4.3099999
902,Cc1c(CC(=O)O)c(-c2ccccc2)nn1Cc1ccccc1S(=O)(=O)c1ccccc1,-4.886056647693163
903,CC1(C)NC(=O)c2cc(S(=O)(=O)Nc3ccc(C(F)(F)F)cc3)ncc2NC1=O,-6.0
904,CC(C)(C)CCN1C(=O)C(C2=NS(=O)(=O)c3cc(NS(C)(=O)=O)ccc3N2)=C(O)C2CCCCC21,-5.508638306165727
905,Cc1ccc(CNC(=O)c2ccc(N3CCN(C(=O)c4ccccc4C(F)(F)F)CC3)nn2)o1,-4.6020599913279625
906,CCOC(=O)c1cc(C#N)c(N2CCC(NC(=O)NS(=O)(=O)Cc3ccccc3)CC2)nc1C,-4.522878745280337
907,O=C(NOCc1ccccc1)Nc1ccc2c(-c3ccncc3)c[nH]c2c1,-5.187086643267858
908,COC(=O)NC(CCN1C2CCC1CC(n1c(C)nc3c1CN(C(C)=O)CC3)C2)c1cccc(F)c1,-5.221848749712267
909,CSCCC(NC(=O)C(CC(C)C)NC(=O)CNC(=O)C(Cc1ccccc1)NC(=O)C(Cc1c[nH]c2ccccc12)NC(=O)C1CCCN1C(=O)C(N)Cc1ccc(O)cc1)C(N)=O,-5.85078088734462
910,CCCOC(=O)C(Cc1ccc(-c2c(C(F)(F)F)cc(C)n(C)c2=O)cc1)NC(=O)c1c(Cl)cccc1Cl,-4.279014255846261
911,COC(=O)c1ccc(-c2ccc(OC3OC(CO)C(O)C(O)C3O)c(Cl)c2)cc1,-5.688246138944246
912,COCCOc1cc(NC(=O)C(C)(C)NC(=O)c2ccc3c(C4CCCC4)c(-c4ncc(Cl)cn4)n(C)c3c2)ccc1C=CC(=O)O,-4.920818753952375
913,Cc1nc(-n2cnn(Cc3ccc(F)cc3)c2=O)sc1C(=O)NCc1nccs1,-4.619788758288394
914,O=[N+]([O-])c1cn2c(n1)OCC(OCc1ccc(OC(F)(F)F)cc1)C2,-4.500587874327724
915,CC(C)=CCn1c(N2CCCC(N)C2)c(C#N)c2ncn(Cc3nccc4ccccc34)c(=O)c21,-5.214670164989233
916,O=C(Cc1nc(N2CCOCC2)cc(=O)[nH]1)N1CCc2c(OC(F)(F)F)cccc21,-5.3872161432802645
917,CCCNC(=O)c1cn2ncnc(Nc3cc(C(=O)NC4CC4)ccc3C)c2c1C,-5.040958607678906
918,CCNC1CC(C)S(=O)(=O)c2sc(S(N)(=O)=O)cc21,-5.2839966563652006
919,CC1OC(OC2CC(O)C3(CO)C4C(O)CC5(C)C(C6=CC(=O)OC6)CCC5(O)C4CCC3(O)C2)C(O)C(O)C1O,-7.049501328420011
920,O=C(O)c1cc(Cl)ccc1O,-4.98
921,CCC(=O)C(CC(C)N(C)C)(c1ccccc1)c1ccccc1,-4.659901155555555
922,NC(=O)c1cncc(-c2ccc(C3CCC(CCO)CC3)cc2)n1,-4.420216403287393
923,CC(C)CCn1c(=O)c2cccnc2n(CCC(C)C)c1=O,-4.856985199809428
924,CC(=O)NCc1ccc(-c2ccc(N3CCOc4ncnc(N)c4C3=O)cc2)c(Cl)c1,-4.838631997823768
925,CN1CCCC1c1cccnc1,-4.593000857679061
926,COc1cccc(-c2cccc(C3(C)N=C(C)C(N)=N3)c2)c1,-4.468521082968309
927,c1cnc2ccc(Cn3nnc4ncc(-c5cnn(C6CCNCC6)c5)nc43)cc2c1,-5.950781977247363
928,O=c1[nH]cnc2c(-n3cc(CCN4CCC(c5ccc(Cl)cc5)CC4)cn3)nccc12,-5.575118363368933
929,O=C(O)CCCn1cc(C(=O)O)c(=O)c2c(C=Cc3ccc(OCCCCOc4ccccc4)cc3)cccc21,-4.886056647693163
930,Cn1c(COCc2ccccc2Cl)c2c(=O)n(-c3ccccc3Cl)[nH]c2cc1=O,-4.20342566678957
931,Cc1c(S(=O)(=O)Nc2ccc(C(F)(F)F)cc2)ccc2c1C(=O)NC(C)(C)C(=O)N2,-5.045757490560675
932,COc1c(NC(=O)c2ccc(C)c(N3C=C(C(=O)NCC(C)(C)CN(C)C)NN3)c2)cc(C(C)(C)C)cc1NS(C)(=O)=O,-4.886056647693163
933,CCN(CC)CCN1CCN(C(=O)COCCN(C)S(=O)(=O)c2c(C)cc(OC)cc2C)CC1,-6.045757490560675
934,CN1CC(=O)NC1=N,-5.906536017124093
935,Clc1ccc(C23CNCC2C3)cc1Cl,-5.537602002101044
936,CC(NC(CCc1ccccc1)C(=O)O)C(=O)N1CCCC1C(=O)O,-6.094707925676394
937,CCOC(=O)N1CCN(CCCN2C3CCC2CC(NC(=O)c2cc4ccccc4n(C(C)C)c2=O)C3)CC1,-4.508638306165727
938,CCc1c(CCCC(=O)O)cccc1-c1ccc(-c2ccc(OC(C)C)c(C#N)c2)cc1,-4.508638306165727
939,Cn1c(=O)c2c(ncn2C)n(C)c1=O,-4.382578735724035
940,OCC1OC(Oc2ccc(-c3ccc(-c4nn[nH]n4)cc3)cc2)C(O)C(O)C1O,-6.709965388818741
941,NC(Cc1ccc(O)c(O)c1)C(=O)O,-5.9177520554396965
942,COc1cc2c(cc1OC)CN(Cc1csc(-c3ccc4cc(Br)ccc4c3)n1)CC2,-6.229147988357855
943,CN(C)c1ccc(C=CC(=O)C=Cc2ccc(N(C)C)cc2)cc1,-5.074687908500351
944,Cn1cnc(S(=O)(=O)N(CCN(Cc2cncn2C)c2ccc(C#N)cc2)CC2CCN(c3ncccn3)CC2)c1,-5.9586073148813306
945,Cc1nc(-n2cnn(Cc3ccc(C(F)(F)F)o3)c2=O)sc1C(=O)NCc1cccnc1,-4.4089353929735005
946,Clc1ccc(C2(CC3CCOCC3)c3ccccc3-c3nccn32)cc1,-4.508638306165727
947,O=C(OC1CN2CCC1CC2)N(Cc1cc(F)c(F)c(F)c1)c1cccc(F)c1,-5.721246399047171
948,O=c1[nH]cnc2c(-n3cc(CCN4CCC(c5ccccc5)CC4)cn3)nccc12,-5.094204119632131
949,CC1Cn2c(nnc2C2CCC2)CN1C(=O)c1cccc(C(F)(F)c2n[nH]c(=O)c3ccccc23)c1,-5.318758762624412
950,O=[N+]([O-])c1cnc(NCc2ccccc2Cl)nc1NCC1CCNCC1,-5.091514981121351
951,N#Cc1cc(-c2nc(N)[nH]c(=O)c2Cl)ccc1OCCCCO,-6.698970004336019
952,C=CC1CC1(NC(=O)C1CC(OC)(c2ccc(-c3ccc(OC)cc3)cc2)CN1C(=O)C(NC(=O)OC1CCCC1)C(C)(C)C)C(=O)NS(=O)(=O)C1CC1,-4.958607314841775
953,O=C(NN=Cc1c(-c2ccccc2)no[n+]1[O-])c1ccc([N+](=O)[O-])cc1,-6.086186147616283
954,CC(C)(C)CCn1nc(N2CCCC2)c(O)c(C2=NS(=O)(=O)c3cc(NS(C)(=O)=O)ccc3N2)c1=O,-6.431798275949754
955,CC(C)c1nc2c(C(=O)NCC3CCN(CC(O)CN4CCN(S(C)(=O)=O)CC4)CC3)cccc2[nH]1,-6.698970004336019
956,C#CC1(O)CCC2C3CCC4=CC(=O)CCC4C3CCC21C,-4.5489817
957,CC(C)NCC(O)COc1cccc(NS(C)(=O)=O)c1,-5.3767509
958,COc1cccc(-n2c(=O)n(Cc3ccccc3C#N)c(=O)n(CC(N)c3ccccc3)c2=O)c1F,-4.591760138008056
959,O=C(Nc1cnc(-c2ccncc2)c(-c2ccco2)n1)C1CC1,-4.443697499174534
960,CC(Nc1ccccc1)c1cc(C(=O)O)cn2c(=O)cc(N3CCOCC3)nc12,-4.187086643357144
961,CN(CC=CCN)CC1OC(n2cnc3c(N)ncnc32)C(O)C1O,-5.488116639021126
962,CCOC(=O)c1cc(C#N)c(N2CCN(C(=O)NS(=O)(=O)c3ccc(F)cc3)CC2)nc1C(F)(F)F,-7.275724130399211
963,COc1ccc(CCN(C)CCCC(C#N)(c2ccc(OC)c(OC)c2)C(C)C)cc1OC,-4.7538063767604815
964,CC1Cn2c(nnc2C(C)(C)F)CN1C(=O)c1cccc(C(F)(F)c2n[nH]c(=O)c3ccccc23)c1,-5.075720713938118
965,c1nc(NCC2CCOC2)c2cc(-c3ccc4c(c3)OCO4)ccc2n1,-4.450996737974212
966,CC=CC=CCCC=CC=CC(=O)NCC(C)C,-4.244125336081877
967,O=C(O)CC1CCC(c2ccc(C(=O)Nc3nnc(Cc4cccc(Cl)c4)s3)cc2)CC1,-5.096910013008056
968,NC(=O)c1cccc(Cn2cnc3ccccc32)c1,-4.600289934897316
969,C#CC(C)(C)N1CCC(CC(=O)NO)(NC(=O)c2ccc(OCc3cc(C)nc4ccccc34)cc2)CC1,-5.494850021680094
970,Cc1onc(-c2ccccc2)c1C(=O)NC1C(=O)N2C1SC(C)(C)C2C(=O)O,-4.997165266015949
971,COc1ccc(-c2c(C3CCCC3)c3ccc(C(=O)NC4(C(=O)Nc5ccc(C=CC(=O)O)cc5)CCC4)cc3n2C)cn1,-5.823908740944319
972,O=C(O)C1C2CN(c3ccc(C(=O)N4CCC(c5cccnc5)C4)c(SC4CCCC4)n3)CC21,-5.698970004336019
973,CC(C)COc1ccc(-c2nc(N)[nH]c(=O)c2C#N)cc1C(F)(F)F,-5.769551078621726
974,CN(c1cc2cc(n1)CCC(c1ccccc1)CCc1cccc(c1)CC(C)(N)C(=O)OC2)S(C)(=O)=O,-5.045757490560675
975,Oc1cccc(-c2ccc3c(-c4ccccc4)c(O)ccc3c2)c1,-5.031517051446065
976,O=C(CC1CNC(=O)c2cc(-c3ccc(F)c(F)c3)cn21)NCC1CCCCC1,-4.928117992770407
977,CC1Cn2c(nnc2-c2ccc(F)cc2)CN1C(=O)c1cccc(Cl)c1Cl,-4.363512103646634
978,CC1(C(=O)O)CCN(c2cc(N3CCCC(C(=O)NCCc4ccc(C#N)cc4)C3)nc(C(F)(F)F)n2)CC1,-5.991399828238082
979,N#Cc1cc2cc(C3(Cc4ccccc4)CCNC3)ccc2[nH]1,-5.102372908709558
980,O=c1c(C2=CS(=O)(=O)c3ccccc3N2)c(O)c2cc(F)ccc2n1Cc1ccc(F)cc1,-6.221848749712267
981,O=C1CC2OCC=C3CN4CCC56c7ccccc7N1C5C2C3CC46,-4.50827475274329
982,Cc1cc(-c2cccc(Oc3ccc4c(c3)c(=O)ncn4Cc3c(F)cc(F)cc3F)c2C(F)(F)F)cnc1N,-5.958607314841775
983,O=C(Nc1cccc(C(F)(F)F)c1)c1nscc1NCc1ccnc2ccccc12,-5.568641360889393
984,CCCCc1nc(Cl)c(CO)n1Cc1ccc(-c2ccccc2-c2nn[nH]n2)cc1,-5.939302159823194
985,COc1ccc(Oc2cc([N+](=O)[O-])ccc2NS(C)(=O)=O)cc1,-4.877784121727173
986,COc1ccc(-c2nnc(C(=O)N3CC(Oc4ccc(CN5CCN(C)CC5)c(F)c4)C3)o2)cc1,-4.337242168318426
987,Cc1ncn(-c2ncc(F)c3c(C(=O)C(=O)N4CCN(C(=O)c5ccccc5)CC4)c[nH]c23)n1,-4.860120913598763
988,CN1C(=O)CC(N2CCCN(CCCN3c4ccccc4CCc4ccc(C(=O)O)cc43)CC2)N(C)C1=O,-5.3600001
989,NC(=O)C1(Cc2ccc(OCc3cc(-c4ccccc4)nc4ccccc34)c(F)c2)CC1C(=O)NO,-6.522878745280337
990,CN(C)C(=O)c1ccc(Nc2cc3c(cn2)cc(-c2cnn(C)c2)n3C(=O)OC(C)(C)C)c(Cl)c1,-4.769551078621726
991,CC(C)NS(=O)(=O)n1c(N)nc2ccc(C(C(N)=O)c3cccc(F)c3)cc21,-4.331591961777511
992,Cc1c(CC(=O)O)c2cccnc2n1S(=O)(=O)c1ccc(F)c(C#N)c1,-5.853871964321762
993,COc1cc2c(cc1OC)C13CC[N+]4([O-])CC5=CCOC6CC(=O)N2C1C6C5CC34,-5.46
994,Cc1cc(COc2ccc(C(=O)NC3(CC(=O)NO)CCN(C(=O)CC(C)(C)C)CC3)cc2)c2ccccc2n1,-6.1023729087821685
995,CCCS(=O)(=O)Nc1ccc(F)c(C(=O)Nc2cnc3cc(OC)nn3c2)c1F,-5.698970004336019
996,CC(=O)NC(Cc1ccccc1)C(O)CNC1CC(C)(C)Cc2nn(CC(C)C)cc21,-5.795880017344075
997,CC1CN(c2cc3c(cc2F)c(=O)c(C(=O)O)cn3C2CC2)CCN1C,-4.6603778314556665
998,O=C1CC(c2ccc(O)cc2)Oc2cc(O)cc(O)c21,-4.567815700061041
999,COc1cc(C)c(S(=O)(=O)N(C)CCOCC(=O)N2CCN(C3CC4CCC(C3)N4C)CC2)c(C)c1,-5.920818753964281
1000,N#Cc1ccc2[nH]c(C(Cc3ccc(C4CC(=O)NS4(=O)=O)cc3)Nc3nc4ccccc4s3)nc2c1,-6.3979400086720375
1001,CCOc1nc(NC(=O)C2(NC(=O)c3ccc4c(C5CCCC5)c(-c5ncc(Cl)cn5)n(C)c4c3)CCC2)ccc1C=CC(=O)O,-4.823908740944319
1002,CNC(=O)Nc1ccc(O)cc1OCC(O)CN1CCC2(CC1)Cc1cc(Cl)ccc1O2,-5.045757490560675
1003,CC(C)c1ccc(NC(=O)c2c(NCc3ccncc3)ncn2C)cc1,-5.2076083105017466
1004,O=c1ncn(Cc2c(F)cc(F)cc2F)c2ccc(Oc3cccc(-c4ccc5[nH]ccc5c4)c3C(F)(F)F)cc12,-4.978810700930062
1005,Cc1cc(SCc2cc(=O)[nH][nH]2)c(Cl)cc1Cl,-5.327902142064283
1006,CC(C)N1CCN(C(=O)c2ccc(CN3CCOCC3)cc2)CC1,-4.657147040332919
1007,CC(CCc1ccccc1)NCC(O)c1ccc(O)c(C(N)=O)c1,-4.926895411780038
1008,CC1CCC2C(C)C(OC(=O)CCC(=O)O)OC3OC4(C)CCC1C32OO4,-5.400044868792776
1009,CC(C)NCC(O)COc1ccc(CCOCC2CC2)cc1,-4.567246186220059
1010,CC(=O)OC(C(=O)N1N=CCC1C(=O)NCc1cc(Cl)ccc1-n1cnnn1)c1ccc(F)cc1,-4.522878745280337
1011,N=C(N)SCc1cc(F)cc2c1sc1c(CSC(=N)N)cc(Cl)cc12,-6.378480975656853
1012,CCOC(=O)c1cc(C#N)c(N2CC(C(=O)NS(=O)(=O)CCc3ccccc3)C2)nc1C,-6.522878745280337
1013,CS(=O)(=O)c1ccc(C(CC2CCCC2)C(=O)Nc2cnc(C(O)CO)cn2)cc1Cl,-5.473660722707617
1014,Cc1[nH]n(-c2nc3ccccc3[nH]2)c(=O)c1-c1ccccc1,-4.995678626217358
1015,CC1CCN(C(c2ccc(F)cc2)c2ccc(C(C)C(=O)O)cc2-c2ccc(C(F)(F)F)cc2)CC1,-4.3585258894959
1016,COC1CC2OCC2(OC(C)=O)C2C(OC(=O)c3ccccc3)C34OC(=O)OC3C(OC(=O)C(O)C(NC(=O)OC(C)(C)C)c3ccccc3)C(C)=C(C(OC(=O)N(C)C)C(=O)C12C)C4(C)C,-4.785156151952302
1017,CCc1c(CCCC(=O)O)cccc1-c1nsc(-c2ccc(OC(C)C)c(C#N)c2)n1,-4.494850021680094
1018,COc1ccc(-c2nnc(C(=O)N3CC(Oc4ccc(CN5CC6(CCCO6)C5)cc4)C3)o2)cc1,-4.3872161432802645
1019,CC1NC(=O)C(C)N(C)C(=O)C(C)N(C)C(=O)C(C)N(C)C(=O)C(C)N(C)C(=O)C(C)N(C)C1=O,-5.230326877332383
1020,CCCS(=O)(=O)Nc1ccc(F)c(C(=O)Nc2cnc3[nH]ncc3c2)c1F,-5.886056647693163
1021,CCOC(=O)COc1ccc(C(=O)CN2CCN(C3CCN(C(=O)OC(OC(=O)C(C)(C)C)C(C)(C)C)CC3)CC2=O)cc1,-4.0
1022,Cn1c(-c2ccoc2)c(C2CCCCC2)c2ccc(C(=O)NC(C)(C)C(=O)Nc3ccc(C=CC(=O)O)cc3)cc21,-5.221848749616356
1023,CC(=O)NCC1CN(c2cc(F)c(-c3ccncc3)c(F)c2)C(=O)O1,-4.29
1024,O=C(COc1ccc(C(=O)CN2CCN(C3CCN(C(=O)OCC=C4OC(=O)c5ccccc54)CC3)CC2=O)cc1)OC1CCCCC1,-4.4000001
1025,CC(=O)NCC(=O)NCCc1ccccc1,-4.618255011903816
1026,CN1CCc2cc(-c3ccc4oc5c(-c6ccccc6)nc(=O)n(CCN6CCC(F)(F)C6)c5c4c3)ccc2C1,-6.259637310505756
1027,CSc1nc2cc(Cl)ccc2n1C,-5.11975822410452
1028,CN1CCN(c2cnc3nnn(Cc4ccc5ncccc5c4)c3n2)CC1,-4.600326278518962
1029,Cn1c(N2CCCN(CCCN3c4ccccc4Sc4ccc(C(=O)O)cc43)CC2)cc(=O)n(C)c1=O,-4.953513917521428
1030,COc1ccc2nc(-n3nc4c(c3O)-c3ccccc3CC4)sc2c1,-4.896196279044043
1031,CC(C)CCn1c(=O)c(C2=NS(=O)(=O)c3cc(NS(=O)(=O)C4CC4)ccc3N2)c(O)c2cccn21,-6.096910013006042
1032,CCCCOc1ncc(S(=O)(=O)N2CCN(CC)CC2)cc1-c1nc2c(CC)n(CCN(C)C)nc2c(=O)[nH]1,-5.552841968657781
1033,COCC(C)Oc1cc(Oc2ccc(C(=O)N(C)C)cc2)cc(C(=O)Nc2cc[nH]n2)c1,-5.638272163982407
1034,COc1cnc2ccc(=O)n(CCN3CCC(NCc4cnc(C)c(C#N)c4)C(F)C3)c2c1,-4.866461091629782
1035,O=C(C1CC1c1ccccc1)N1CCC(N2CCCCC2)CC1,-4.779891911969958
1036,Cc1cc(CC(CC(=O)N2CCC(N3Cc4cccc(F)c4NC3=O)CC2)c2ccccn2)cc2cn[nH]c12,-4.6777807052660805
1037,CN(Cc1cccc2c1S(=O)(=O)N=C2C1=C(O)C(C(C)(C)C)N(Cc2ccc(F)c(Cl)c2)C1=O)S(C)(=O)=O,-6.698970004336019
1038,Nc1nc(N2CCCCC2)cc[n+]1[O-],-4.9956784
1039,CCCS(=O)(=O)c1ccc(C)c(C#Cc2cc(Cl)ccc2OCC(=O)O)c1,-5.2839966562739
1040,CC(CNS(=O)(=O)C(C)C)c1ccc(-n2cc(CO)c(C(F)(F)F)n2)cc1,-4.686132779630847
1041,COc1cc2c(c(OC)c1OC)-c1c(cc3c(c1OC)OCO3)CC(C)C(C)(O)C2,-4.569147783960253
1042,CC(Nc1c(C(N)=O)cnn2cccc12)C(C)(C)C,-4.716698771296451
1043,CCS(=O)(=O)CCn1c(N(O)O)cnc1C,-4.52
1044,COc1ccc2c(c1)C(CCCN1CCc3cc(OC)c(OC)cc3C1)=CCC2,-4.214670164989233
1045,O=C1C(Cl)=C(Nc2cccc(O)c2)C(=O)c2cnccc21,-4.452225294612178
1046,Nc1ccn(C2OC(CO)C(O)C2(F)F)c(=O)n1,-6.0
1047,CCCCOc1ncc(C(C)=O)cc1-c1nc(O)c2nn(C3CCN(CC)CC3)c(CC)c2n1,-4.275724130399211
1048,N#Cc1ccc(NCC(F)(F)c2cccc(Cl)c2)c(F)c1CC(=O)NCCONC(=N)N,-6.096910013006042
1049,CCCC1(c2ccc3[nH]ccc3c2)CCNC1,-4.782516055786093
1050,N#Cc1cnc(NCC(F)(F)c2ccccc2)c(=O)n1CC(=O)NCCONC(=N)N,-6.301029995663981
1051,COc1c(S(=O)(=O)Nc2ccc(C(F)(F)F)cc2)ccc2c1C(=O)NC(C)(C)C(=O)N2,-5.154901959989307
1052,CCCC1N(C(=O)c2cnccc2C(F)(F)F)CCCC1(Oc1csc(C(F)(F)F)c1)C(=O)N1CCN(c2ccccc2OCC(=O)NC)CC1,-4.742321425130816
1053,CNC(=O)C=C(c1ccc2nc(N)n(S(=O)(=O)C(C)C)c2c1)c1ccccc1-c1cccc2ccccc12,-4.0300002
1054,CC(C)c1c(C(=O)Nc2ccccc2)c(-c2ccccc2)c(-c2ccc(F)cc2)n1CCC(O)CC(O)CC(=O)O,-5.275676359300106
1055,CCC(=O)N(c1ccccc1)C1(COC)CCN(CCn2nnn(CC)c2=O)CC1,-3.831107450573042
1056,Cc1cc(=O)c2c(O)cc(OC3OC(COC(=O)C4=CCC(C(C)(C)O)CC4)C(O)C(O)C3O)cc2o1,-5.257340388907651
1057,O=C1CN=C(c2ccccc2)c2cc(Cl)ccc2N1,-3.921916314827076
1058,O=C(O)c1ccc2c(C3CCCCC3)c(-c3ccoc3)n(CC(=O)N3CCC(N4CCCC4)CC3)c2c1,-5.853871964321762
1059,NC(Cc1ccccc1)C(=O)OCC1OC(n2ccc(O)nc2=O)C(O)C1O,-5.6999998
1060,NC(CC(=O)N1CCCC1c1noc(C2(C(F)(F)F)CC2)n1)Cc1cc(F)c(F)cc1F,-4.638272163986805
1061,CC(C)=CC(=O)OC1Cc2cc3ccc(=O)oc3cc2OC1(C)C,-4.936129305564132
1062,O=C(Nc1c(Cl)cncc1Cl)c1ccc(OC(F)F)c(OCC2CC2)c1,-4.4089353929735005
1063,N#Cc1c(-c2ccc(OCC3CCOC3)c(OC(F)(F)F)c2)nc(N)[nH]c1=O,-7.0
1064,NC(C(=O)NC1C(=O)N2C(C(=O)O)=C(Cl)CSC12)c1ccccc1,-6.050226563982407
1065,COC1C(=O)C2(C)CCC3OCC3(OC(C)=O)C2C(OC(=O)c2ccccc2)C2(O)CC(OC(=O)C(O)C(NC(=O)OC(C)(C)C)c3ccccc3)C(C)=C1C2(C)C,-5.438898616263208
1066,COC(=O)C(C)NP(=O)(OCC1C=CC(n2cc(C)c(=O)[nH]c2=O)O1)Oc1ccc(Br)cc1,-5.751761663488093
1067,COC(=O)c1ccc(NC(=O)c2cccc(-c3cc(C(=O)Nc4ccncc4F)ccc3CN)c2)cc1,-6.096910013006042
1068,O=C1N(Cc2ccc(C(F)(F)F)cc2)c2ccccc2C1(O)c1ccc2c(c1)OCO2,-5.267606240177032
1069,O=c1cc(N2CCOCC2)nc(Cc2nc3cc(F)ccc3n2C2CC2)[nH]1,-5.657577319177793
1070,CC(C)Oc1ccc(-c2cc(C(=O)O)ncn2)cc1Cl,-4.782516055786093
1071,Cc1nc2c(cnn2-c2cccnc2)c(=O)n1-c1ccc(Cl)cc1,-4.669586226650809
1072,COc1cc(S(=O)(=O)Nc2ccc(C(F)(F)F)cc2)cc2c1NC(=O)C(C)(C)NC2=O,-4.920818753964281
1073,COc1ccc(-n2nc(C(N)=O)c3c2C(=O)N(c2ccc(-c4ccccc4CN4CCC(O)CC4)cc2)CC3)cc1,-5.309803919971486
1074,CN1CCN(C(=O)c2ccc(-c3cnc(N)c(C(=O)Nc4cccnc4)n3)cc2)CC1,-5.443697499232713
1075,NCC1CCC(CNc2nc(NCc3ccccc3Cl)ncc2[N+](=O)[O-])CC1,-5.3979400086720375
1076,COc1cccc(C(=O)Cn2c(=O)c3c(c(C#N)c(N4CCCC(N)C4)n3Cc3ccccc3)n(C)c2=O)c1,-6.045757490560675
1077,Cc1ccccc1C#Cc1ccc(CCC(=O)O)cc1,-4.060480747381382
1078,Cc1cnc(NCC(F)(F)c2ccccc2)c(=O)n1CC(=O)NCCON=C(N)N,-5.8632794329217965
1079,CCCS(=O)(=O)N1CCC(CNC(=O)c2c(F)cccc2F)(C(=O)N2CCOCC2)CC1,-4.6575773190888965
1080,CCc1cc(-c2c[nH]c3ncc(-c4cn[nH]c4)cc23)nc(N)n1,-6.050609993355088
1081,OCC(Cc1cccc(O)c1)C(CO)Cc1cccc(O)c1,-5.10536243302662
1082,O=C(Nc1nc2cccc(-c3ccc(NS(=O)(=O)C4CC4)cc3)n2n1)C1CC1,-5.431798275949754
1083,O=C(NC1CCCC1NC(=O)c1ccc(Cl)s1)c1ccc(-n2ccccc2=O)cc1,-5.036212172654444
1084,CS(=O)(=O)NC(=O)C(Cc1ccccc1)NC(=O)OCc1ccccc1,-5.221848749712267
1085,O=C(O)c1cn(Cc2ccc(-n3cccn3)cc2)c2c(c1=O)C(O)CCC2,-5.552841968657781
1086,C#CC1(O)CCC2C3CCC4=Cc5oncc5CC4(C)C3CCC21C,-4.712244625190672
1087,CC#CCn1c(N2CCCNCC2)c(C#N)c2ncn(Cc3ncc4ccccc4n3)c(=O)c21,-6.221848749616356
1088,Oc1nc2ccccc2n1CCCN1CCC(n2c(O)nc3cc(Cl)ccc32)CC1,-5.111642629910975
1089,CS(=O)(=O)Nc1ccc([N+](=O)[O-])cc1Oc1ccc(I)cc1,-4.540607512240769
1090,CCOc1nc(NC(=O)C2(NC(=O)c3ccc4c(C5CCCC5)c(-c5ncc(Cl)cn5)n(C)c4c3)CCC2)ncc1C=CC(=O)O,-5.366531544420414
1091,CCCC(CCC)C(=O)O,-4.319482973989436
1092,COC1C=COC2(C)Oc3c(C)c(O)c4c(c3C2=O)C2=NC3(CCN(CC(C)C)CC3)NC2=C(NC(=O)C(C)=CC=CC(C)C(O)C(C)C(O)C(C)C(OC(C)=O)C1C)C4=O,-5.02028455
1093,CC1(C)SC2C(NC(=O)C(N)c3ccc(O)cc3)C(=O)N2C1C(=O)O,-6.2197376678330105
1094,Cn1cc(-c2ccc(Cn3cc(C(=O)O)c(=O)c4c3CCCC4O)cc2)cn1,-4.721246399047171
1095,CCC(CC(=O)NC1OC(CO)C(O)C(O)C1O)c1ccc(C)c(C)c1,-5.115204636051019
1096,Cc1c(Cc2ccccc2S(=O)(=O)c2ccccc2)c2c(O)nccc2n1CC(=O)O,-7.0
1097,COC(=O)C1C(O)CCC2CN3CCc4c([nH]c5ccccc45)C3CC21,-4.784322083619236
1098,O=C(Cc1nc(N2CCOCC2)cc(=O)[nH]1)N1CCc2c(Cl)cccc21,-5.055517327849831
1099,C=C(c1ccccc1)C1OCC(NC(=O)Cc2ccccc2)CO1,-5.049878613122156
1100,O=C(NC1CC2(CCCO2)CC1C(=O)NO)c1ccc(Cn2c(C3CC3)nc3ccccc32)cc1,-7.0
1101,Cc1cc(Cc2ccc(C(=O)NC3CN(CC(C)(C)C)CC3C(=O)NO)cc2)c2ccccc2n1,-5.031517051446065
1102,CC#CCn1c(N2CCCNCC2)c(C#N)c2c1c(=O)n(Cc1nccc3ccccc13)c(=O)n2C,-5.619788758288394
1103,N#Cc1ccccc1Cn1c(N2CCCC(N)C2)nc2[nH]c(-c3ccc(F)cc3)cc2c1=O,-6.229147988357855
1104,O=C(C=Cc1cccc(F)c1)NC1(C(=O)NC(Cc2ccccc2)C(=O)NCC2CCN(CC3CCOCC3)CC2)CCCC1,-5.67778070519956
1105,CC(C)N(C)C1CCC(N2CCC(NC(=O)c3cccc(C(F)(F)F)c3)C2=O)C(CS(=O)(=O)C(C)(C)C)C1,-5.522878745280337
1106,C1=CCOCc2cc(ccc2OCCN2CCCC2)Nc2nccc(n2)-c2cccc(c2)COC1,-4.795880017258057
1107,CCCCCCC(N)C(=O)NC(CCCCCC)C(=O)NC(CCC(=O)O)C(=O)NC(Cc1c[nH]c2ccccc12)C(N)=O,-5.079772288543071
1108,COc1ccc2c(OC3CC4C(=O)NCCCCC=CC5CC5(C(=O)NS(=O)(=O)C5CC5)NC(=O)C4C3)nc(-c3ccc(F)cc3)nc2c1C,-5.522878745210253
1109,COc1cccc(-c2cccc(C3(C4CCOCC4)N=C(C)C(N)=N3)c2)c1,-4.657577319133345
1110,COCCN(c1c(C)c(Cl)cc2[nH]c(=O)c(=O)[nH]c12)S(C)(=O)=O,-8.0
1111,Cn1c(-c2cnccn2)c(C2CCCCC2)c2ccc(C(=O)NC(C)(C)C(=O)Nc3ccc(C=CC(=O)O)cc3)cc21,-5.154901959985743
1112,COC(=O)N1CCC(CN2CC(c3ccccc3)N(C3CCN(C4(C)CCN(C(=O)c5c(C)ncnc5C)CC4)CC3)C2=O)CC1,-6.522878745280337
1113,CC1CCC(O)CCCCCc2cc(O)cc(O)c2C(=O)OC1,-4.8200002
1114,CC(C)c1nc2c(C(=O)NCC3CCN(CC4CCN(S(C)(=O)=O)CC4)CC3)cccc2[nH]1,-5.301029995663981
1115,COc1cccc(-c2cc(NC(C)=O)nc(-n3nc(C)cc3C)n2)c1F,-4.585026652029182
1116,O=c1c(O)c(-c2cc(O)c(O)c(O)c2)oc2cc(O)cc(O)c12,-5.77
1117,COC(=O)c1c(CN2CCC(S(C)(=O)=O)CC2)c(=O)c2ccc(F)cc2n1-c1ccccc1,-6.574004125747488
1118,Cc1[nH]n(-c2ccccn2)c(=O)c1-c1ccccc1,-5.086186147616283
1119,Cc1ccncc1-c1cccc2c1ncn2CC(F)(F)F,-4.3979400086720375
1120,N#Cc1ccc2cc3c(=O)[nH]c(=O)nc-3n(-c3cccc(S(N)(=O)=O)c3)c2c1,-6.6020599913279625
1121,Cc1cnc(NC(=O)C2=C(O)c3ccccc3S(=O)(=O)N2C)s1,-4.717649743643309
1122,CN(C)CCN(Cc1ccccc1)S(=O)(=O)c1ccc(NC(=O)Nc2ccc3c(ccn3C)c2)cc1,-5.0655015487564325
1123,CNCCC(Oc1cccc2ccccc12)c1cccs1,-4.82390874095824
1124,CC(C)(C)c1nc(N2CCN(CCCCN3C(=O)CCC(=O)c4ccccc43)CC2)cc(C(F)(F)F)n1,-6.481486060122113
1125,N#Cc1ccccc1Cn1c(N2CCCC(N)C2)nc2c(Br)cnc-2c1O,-5.55129368
1126,O=C1CCCN1CCCCN1CCN(c2cc(C(F)(F)F)ccn2)CC1,-4.7399998
1127,Cc1cc(C)nc(N2CC3CN(C(=O)c4c(F)cccc4-n4nccn4)CC3C2)n1,-4.193141970481182
1128,Cn1c(=O)c(Oc2ccc(F)cc2F)cc2cnc(NC3CCOCC3)nc21,-4.481486060122112
1129,COc1ccc2c(OC3CC4C(=O)NC5(C(=O)NS(=O)(=O)C6CC6)CC5C=CCCCCN(C)C(=O)N4C3)nc(-c3ccc(F)cc3)nc2c1C,-4.494850021680094
1130,O=C1CCCN1Cc1ccc(-n2nc(C(F)(F)F)c3c2CCOC3)cc1,-4.327902142064283
1131,COc1cc(Cc2cnc(N)nc2N)cc(OC)c1OC,-4.33610595864707
1132,COc1ccc(-c2coc3cc(O)ccc3c2=O)cc1,-4.5294978296470205
1133,CC12CCC(=O)C=C1CCC1C2C(O)CC2(C)C1CCC2(O)C(=O)CO,-4.6122040943405
1134,COc1cc(C=C2CCCN3C2=NOC3(CO)c2ccc(F)cc2)ccc1-n1cnc(C)c1,-4.519993057042849
1135,CC(=O)NC(Cc1ccccc1)C(O)CNC1CC(C)(C)Oc2ccc(CC(C)(C)C)cc21,-4.6777807052660805
1136,O=C(Cc1nc(N2CCOCC2)cc(=O)[nH]1)Nc1ccc(F)c(Cl)c1,-6.096910013008056
1137,O=C1N(Cc2ccccc2)c2ccccc2C1(O)c1ccc2c(c1)OCO2,-5.031517051446065
1138,O=C(NC1C2CC3CC1CC(O)(C3)C2)N1CCN(c2ccc(N3CCN(S(=O)(=O)C4CC4)CC3)cn2)c2ccccc21,-5.008773924307505
1139,CN(C)C(=O)Cn1c(-c2ccoc2)c(C2CCCCC2)c2ccc(C(=O)O)cc21,-4.892790030352131
1140,OCCCNc1ccc2c(c1)nc(-c1ccc3c(c1)OCO3)n1ncnc21,-4.184422251675732
1141,O=C(Cc1nc(N2CCOCC2)cc(=O)[nH]1)N1CCc2c(F)cccc21,-5.267606240177032
1142,O=C1CCCN1CCn1cc(-c2cnc3nnn(Cc4ccc5ncccc5c4)c3n2)cn1,-4.659555885119911
1143,O=C(NC(Cc1ccccc1)C(=O)NCCC(O)(P(=O)(O)O)P(=O)(O)O)C1CCCN1,-6.515700160653214
1144,Cc1nn(-c2ccnc(Nc3ccc4c(c3)c(Cl)c(C)n4C)n2)cc1CN1CC(O)C1,-5.568636235880759
1145,N#CCC(C1CCCC1)n1cc(-c2ncnc3[nH]ccc23)cn1,-4.6675615
1146,COc1ccc2c(OC3CC4C(=O)NC5(C(=O)NS(=O)(=O)C6CC6)CC5C=CCCCCN(C)C(=O)C4C3)cc(-c3nccs3)nc2c1,-5.795880017344075
1147,COc1ccc(-n2nc(C(N)=O)c3c2C(=O)N(c2ccc(C4(CN(C)C)CC4)cc2)CC3)cc1,-6.301029995663981
1148,NC12CC3CC(CC(C3)C1)C2,-4.6575775
1149,O=C(NC1(C(=O)NC(Cc2ccccc2)C(=O)NCC2CCN(CC3CCOCC3)CC2)CCCC1)c1cc2ccccc2s1,-5.187086643357144
1150,O=C(c1cnccc1Oc1cc(Cl)ccc1Cl)N1CCN(C2CC2)c2ccccc21,-5.170696227126731
1151,Cc1cc(C)c2c(N)c(C(N)=O)sc2n1,-4.866461091629782
1152,CC(C)N1CCC(n2cc(Nc3ncc(C4CC4)c(NCCCNC(=O)C4CCC4)n3)cn2)CC1,-5.853871964321762
1153,O=C(Nc1cccc(C(F)(F)F)c1)c1nscc1NCc1ccncc1,-5.157388919203484
1154,Cc1ccc(Sc2ccccc2CSC(=N)N)c(CSC(=N)N)c1,-5.8349511836185926
1155,COc1ccc(-n2nc(C(N)=O)c3ncn(-c4ccc(-c5ccccc5CN5CCCC5)cc4)c(=O)c32)cc1,-4.920818753952375
1156,CC(C)(C)C(O)C(=O)N1NCCC1C(=O)NCc1cc(Cl)ccc1-n1cnnn1,-5.142667503568732
1157,NC(Cc1ccccc1)C(=O)OCC1OC(n2cc(F)c(=O)[nH]c2=O)CC1O,-5.388922822998165
1158,Cc1nc2ccncc2n1C1CC2CCC(C1)N2CCC(NC(=O)C1CC[S+]([O-])CC1)c1cccc(F)c1,-5.698970004336019
1159,Cc1cc(C2(c3cccc(-c4cncnc4)c3)N=C(N)c3c(F)cccc32)cc(C)n1,-4.721246399035378
1160,C=CC12CCC(OC3CC(OC)C(O)C(C)O3)CC1(O)CCC1C2CCC2(C)C(C3=CC(=O)OC3)CCC12O,-5.6989698
1161,O=C(Cc1nc(N2CCOCC2)cc(=O)[nH]1)Nc1ccc(F)c(Br)c1,-6.096910013008056
1162,CCCCCOc1cccc(NC(=O)OCCN2CCCC2)c1,-4.77
1163,O=C1COCCN1c1ccc(C2CC(c3ccc([N+](=O)[O-])o3)=NO2)cc1F,-4.812197361281581
1164,CC(C)(C)CCn1nc(CC(C)(C)C)c(O)c(C2=NS(=O)(=O)c3cc(NS(C)(=O)=O)ccc3N2)c1=O,-6.82390874095824
1165,O=C(NC1COCC1C(=O)NO)c1ccc(Cn2c(C(F)(F)F)nc3ccccc32)cc1,-7.0
1166,CC(C)CC(c1c(O)c(C=O)c(O)c(C=O)c1O)C1(C)CCC2C1C1C(CCC2(C)O)C1(C)C,-5.747696614679024
1167,CCC(C)C1NC(=O)C2CCCN2C(=O)C(Cc2ccccc2)N(C)C(=O)C(C(C)(C)C)NC(=O)c2csc(n2)C(C(C)CC)NC(=O)C2CCCN2C1=O,-4.853871964321762
1168,Cc1cc(C)cc(Nc2nccc(-n3cc(C)c(CN4CCC(O)C4)c3)n2)c1,-5.698970004252014
1169,Cc1nccc2c1[nH]c1cc(O)ccc12,-5.302259
1170,CN(C(=O)CCC(C1CCCCC1)N1Cc2cc(Oc3ccccc3)ccc2N=C1N)C1CCCCC1,-6.552841968657781
1171,O=C(NCc1ccc(C(F)(F)F)o1)c1ccc(N2CCN(C(=O)c3ccccc3C(F)(F)F)CC2)nn1,-4.74472749492252
1172,CS(=O)(=O)Nc1ccc2c(c1)S(=O)(=O)N=C(C1=C(O)C3CCCCCC3N(Cc3ccc(F)cc3)C1=O)N2,-6.022276394711152
1173,CC(C)c1ccc(C=CC(=O)NC2OC(CO)C(O)C(O)C2O)cc1,-5.006563769502388
1174,Cn1cnc(S(=O)(=O)N(CCN(Cc2cncn2C)c2ccc(C#N)cc2)Cc2ccc(-n3cccc3)cc2)c1,-5.958607314841775
1175,Cc1ncc(CO)c(CO)c1O,-4.906483335841518
1176,C#CCN(CCOC)C(=O)C1(c2ccsc2)CC1CN,-5.494850021680094
1177,CCCC1N(C(=O)c2cnccc2C(F)(F)F)CCCC1(Oc1csc(C(F)(F)F)c1)C(=O)N1CCN(c2ccccc2OCCCC(=O)O)CC1,-4.7447274948966935
1178,COc1ccc(NC(=O)C(=O)c2cn(CC3CCCO3)c3ccccc23)cn1,-4.455931955649724
1179,CC(=O)Nc1ccc2c(N)ncc(-c3ccc(-c4cnn(C)c4)cc3)c2c1,-4.661543506395395
1180,CN(Cc1ccccc1)C(=O)C1(c2ccc(Cl)c(Cl)c2)CC1CN1CCC(NC(N)=O)(c2ccccc2)CC1,-6.221848749616356
1181,CCOc1cc(NC(=O)C2(NC(=O)c3ccc4c(C5CCCC5)c(-c5ncc(Cl)cn5)n(C)c4c3)CCC2)ccc1C=CC(=O)O,-4.886056647693163
1182,C=CCOc1ccccc1OCC(CNC(C)C)OC(=O)C1CC1,-4.364408808187621
1183,O=C(CCC1=CCCN(CCc2ccc3ccccc3c2)C1=O)NO,-4.718966632752273
1184,C#CCN(CC#C)C(=O)C1(c2ccc3c(c2)OCCO3)CC1CN,-5.2839966563652006
1185,N#CC1CCCN1C(=O)C(N)Cc1ccc(-c2ccc(F)cc2F)cc1,-5.30715308072277
1186,CSCCC(NC(=O)C(Cc1ccccc1)NC(=O)CNC(=O)C(C)NC(=O)C(N)Cc1ccc(O)cc1)C(=O)O,-7.02
1187,CCCCc1nc2c(C)cc(C)nc2n1Cc1ccc(-c2c(C(=O)O)n(C)c(=O)c3ccccc23)cc1,-8.0
1188,O=C(Nc1ccc(C=Cc2ccc(NC(=O)C3CCCN3C(=O)CC3CC3)cc2)cc1)C1CCCN1C(=O)CC1CC1,-6.3979400086720375
1189,O=C(NO)c1ccc(-c2ccc(CNCc3ccccc3)cn2)s1,-4.8124792791635365
1190,CN(C)Cc1ccccc1-c1ccc(N2CCc3c(C(F)(F)F)nn(-c4cccc(C(N)=O)c4)c3C2=O)cc1,-5.259637310752877
1191,Cc1ccc2c(=O)c3cccc(CC(=O)O)c3oc2c1C,-4.5
1192,CC(C)CC1NC(=O)C(Cc2ccccc2)NC(=O)C(C(C)O)NC(=O)CNC(=O)C(C(C)C)NC(=O)C(Cc2ccc(O)cc2)NC1=O,-6.9586073148813306
1193,N#Cc1ccc(-c2ccc(N3CCOc4ncnc(N)c4C3=O)cc2)c(Cl)c1,-4.316952961820864
1194,CCc1nc(N)nc(N)c1-c1ccc2c(c1)N(CCNC(C)=O)C(=O)C1(CC1)O2,-5.267606240177032
1195,COc1cc2c(cc1OC)CN(Cc1ccc(-c3ccccc3)cc1)CC2,-4.1095789811990855
1196,CCCOc1ccc2c(c1)C(c1ccc(OC)cc1OCC(=O)O)C(C(=O)O)C2,-5.23
1197,C#CC#CCCCCC=CC(=O)NCC(C)C,-3.814166608333333
1198,O=C1NCC2(CCCNC2)c2[nH]c(-c3ccnc(-c4ccc5c(c4)OCO5)n3)cc21,-5.469445281109154
1199,NC(=O)c1cccc(Cn2ccnc2)c1,-5.163830612670034
1200,Cc1nc(-n2ccc(-c3ccccc3)cc2=O)sc1C(=O)NCc1ccccc1,-6.0
1201,Cc1nn(-c2ccnc(Nc3ccc4c(c3)c(Cl)c(C)n4C)n2)cc1CN1CCC(O)C1,-5.20760831062631
1202,COc1cc(C)c(C(=O)NS(=O)(=O)c2ccccc2)cc1-c1ccc(C#CCO)s1,-6.301029995747986
1203,CC(C)n1c(=O)c(C(=O)NC2CC3CCC(C2)N3CCCCCCCN(C)CCCN(C)S(C)(=O)=O)cc2ccccc21,-5.522878745280337
1204,N=C(N)SCc1cc(F)ccc1Sc1ccc(C(F)(F)F)cc1CSC(=N)N,-6.354982694318741
1205,CC(Nc1nc(C(=O)N2CCCC2)c2sccc2n1)c1cccnc1,-4.481486060122112
1206,Cn1c(-c2ccccn2)c(C2CCCCC2)c2ccc(C(=O)NC3(C(=O)Nc4ccc(C=CC(=O)O)cc4)CCNC3)cc21,-6.650514997831991
1207,O=C(Nc1cnc2ccccc2c1)c1ccccc1NCc1ccncc1,-5.540130252458424
1208,CC(NC(=O)c1cc(NC(=O)CCC(O)(CCc2ccccc2)C(=O)NC(C(=O)Nc2ccccc2)C(C)C)cc(N(C)S(C)(=O)=O)c1)c1ccccc1,-5.920818753964281
1209,O=C(CC(c1ccc(Cl)cc1)C1CC1)NC1OC(CO)C(O)C(O)C1O,-5.15676722190199
1210,Cc1ccc(Nc2c(-c3ccc(F)cc3)nc3n2CCN(C(=O)C(C)(C)N)C3)cc1,-6.017728766960431
1211,O=C(O)CCCN1CC(c2nn[nH]n2)Oc2c(NC(=O)c3ccc(OCCCCc4ccccc4)cc3)cccc21,-6.958607314920887
1212,COc1ccc2onc(N3CCN(CCCCNC(=O)c4ccc(-n5ccnc5)cc4)CC3)c2c1,-5.183096160718256
1213,Cc1c(C=NNC(=O)c2ccc([N+](=O)[O-])cc2)no[n+]1[O-],-4.364817951343732
1214,CCN(C(=O)c1ccncc1)c1ccc(C(O)(C(F)(F)F)C(F)(F)F)cc1,-4.2644011003018205
1215,COc1ncc(-c2cnc3nc(N)nc(C)c3c2)cc1NS(=O)(=O)c1ccc(C#N)cc1,-5.982966660701219
1216,COc1c(C(=O)Nc2ccc(NS(C)(=O)=O)cc2)cc(-n2ccc(=O)[nH]c2=O)cc1C(C)(C)C,-6.698970004336019
1217,O=C(NC1CC1)c1ccc(N2CCN(C(=O)N3CCC(c4cn[nH]c4)C3)c3ccccc32)cc1,-5.853871964321762
1218,CC(=O)N(C)Cc1ccc(-c2ccc(N3CCOc4ncnc(N)c4C3=O)cc2)c(Cl)c1,-4.705533773878805
1219,CCCS(=O)(=O)Nc1ccc(F)c(C(=O)Nc2cnc3[nH]ccc3c2)c1F,-5.136677139879544
1220,COC(=O)C1CCCCN1C(=O)CC(Cc1cccc(C(=N)N)c1)NS(=O)(=O)c1ccc2ccccc2c1,-7.117357007591849
1221,Cc1cc(COc2ccc(C(=O)NC3(CC(=O)NO)CCCCC3)cc2)c2ccccc2n1,-5.443697499232713
1222,NC(=O)C(Cc1ccccc1)NC(=O)C(Cc1c[nH]c2ccccc12)NC(=O)C1CCCN1C(=O)C(Cc1ccc(O)cc1)NC(=O)CCC(=O)NC1OC(CO)C(O)C(O)C1O,-6.263603497723357
1223,CC(=O)NC(CCN1C2CCC1CC(n1c(C)nc3c1CN(C(=O)OC(C)C)CC3)C2)c1ccccc1,-5.301029995747986
1224,CC(C)c1ccc2c(c1)CCC1C(C)(CNS(=O)(=O)c3c(F)c(F)c(F)c(F)c3F)CCCC21C,-5.707743928732643
1225,CC1CC2C3CCC4=CC(=O)C=CC4(C)C3(F)C(O)CC2(C)C1(O)C(=O)COC1OC(CO)C(O)C(O)C1O,-6.463921720933302
1226,Cn1cnc(S(=O)(=O)N(CCN(Cc2cncn2C)c2ccc(C#N)cc2)Cc2ccccn2)c1,-5.74472749492252
1227,Cc1cc2c(=O)n(Cc3ccccc3C#N)c(N3CCCC(N)C3)nc2[nH]1,-5.360513510731414
1228,O=C(c1ccc(O)cc1OCC(O)CN1CCC2(CC1)Cc1cc(Cl)ccc1O2)N1CCOCC1,-5.585026652029182
1229,CC(C)CC(NC(=S)Nc1ccccc1)C(=O)NC1CCOC1O,-4.844663962534939
1230,CCN(C(=O)Cc1ccc(S(C)(=O)=O)cc1)C1CCN(CCC(c2cc(F)cc(F)c2)C2CCN(S(C)(=O)=O)CC2)CC1,-5.978810700930062
1231,COc1ccc(Cn2cccc(NC(=O)C(Cc3ccc(CC(=O)O)cc3)NC(=O)Cc3cccc4ccccc34)c2=O)cc1,-6.346787486224656
1232,CC(C)CCCC(C)C1CCC2C3CC=C4CC(O)CCC4(C)C3CCC12C,-4.3987226
1233,CC(C)NC(=O)N1CCC(NC2=Nc3cc(F)ccc3N(CC(F)F)c3ccc(Cl)cc32)C1,-6.368556230986828
1234,C=CC1CC1(NC(=O)C1CC(OC)(c2ccc(-c3ccccc3OC)cc2)CN1C(=O)C(NC(=O)OC1CCCC1)C(C)(C)C)C(=O)NS(=O)(=O)C1CC1,-4.853871964321762
1235,N#Cc1c(N2CCCC(N)C2)n(Cc2ccccc2)c2c(=O)n(Cc3ccnc4ccccc34)cnc12,-5.795880017344075
1236,CC1OCCN(c2nc(-c3ccncc3F)cc(=O)n2C)C1C,-4.314258261397736
1237,CCN1CCN(c2ccc(C(C)(C)NC(=O)c3cc4[nH]c5ccccc5c(=O)c4cc3F)cn2)CC1,-4.494850021680094
1238,CCCC1(C(=O)c2cc(F)c3[nH]ccc3c2)CCCN1,-4.366531544420414
1239,Oc1c2c(nn1-c1ccccn1)CCc1ccccc1-2,-5.050609993355088
1240,Cc1nn(-c2ccc3onc(N)c3c2)c2c1CCN(c1ccc(-c3ccccc3CN3CCC(O)C3)cc1)C2=O,-5.2076083105017466
1241,O=C(OC1CC(n2cc(F)c(=O)[nH]c2=O)OC1CO)c1cc(C(=O)OC2CC(n3cc(F)c(=O)[nH]c3=O)OC2CO)cc(C(=O)OC2CC(n3cc(F)c(=O)[nH]c3=O)OC2CO)c1,-5.816730156317195
1242,O=C(O)C=Cc1ccc(NC(=O)C2(NC(=O)c3ccc4c(c3)nc(-c3ccccn3)n4C3CCCCC3)CCCC2)cc1,-5.022276394711152
1243,CCCCCCCNC(=O)N1CCOc2cc(-c3ccc(C4CCC(CC(=O)O)CC4)cc3)ccc21,-5.455931955649724
1244,Cn1c2c(c3ccccc31)C(=O)C(Cn1ccnc1)CC2,-3.9586072
1245,C=CC1CC1(NC(=O)C1CC(Oc2cc(-c3csc(NC(C)C)n3)nc3cc(OC)ccc23)CN1C(=O)C(NC(=O)OC1CCCC1)C(C)(C)C)P(=O)(O)Cc1c(F)cccc1Cl,-6.050609993355088
1246,CC(C)CC1C(=O)N2CCCC2C2C(C(C)C)C(NC(=O)C3C=C4c5cccc6c5C(CC4N(C)C3)C(Br)N6)C(=O)N12,-5.6757174
1247,Cc1nsc(-c2nnc3n2CCN(C(=O)c2ccccc2)C3C)n1,-4.359518563022183
1248,Cc1ccc2cc(C(=O)NC3(C(=O)NC(CCCN4CCN(CC5CCOCC5)CC4)Cc4ccccc4)CCCC3)sc2c1,-4.950781977247363
1249,O=C(O)c1cc(-c2ccc3occc3c2)ncn1,-4.6595558851598815
1250,COCCn1cc(C(=O)C(=O)Nc2ccc(OC(C)C)nc2)c2ccccc21,-4.818156412041421
1251,Cn1ncc(C(=O)N2CCC(Nc3cc(=O)n(C)c4ccccc34)CC2)c1Cl,-5.3979400086720375
1252,CCN(CC)C(=O)Cc1cccc(NS(=O)(=O)c2cccc(Cl)c2C)n1,-4.698970004336019
1253,Cc1cc(NC(=O)Cc2nc(N3CCOCC3)cc(=O)[nH]2)ccc1F,-6.221848749616356
1254,O=C(O)c1ccc(Cn2cnc3ccccc32)cc1,-5.496630407530142
1255,O=C(OC1CC(n2cc(F)c(=O)[nH]c2=O)OC1CO)c1nn(Cc2ccc(Cl)cc2Cl)c2ccccc12,-5.684449465578095
1256,CC(C)NCC(O)COc1ccc(COCCOC(C)C)cc1,-4.869107821823441
1257,CC(NC(C)(C)C)C(=O)c1ccc(Cl)cc1,-3.8239088
1258,COc1cc(Nc2nc(NC3CCCCC3N)n3cnnc3c2C(N)=O)cc(OC)c1,-8.0
1259,CC(C)c1noc(N2CCN(c3ncc(OCc4ccncc4C#N)cn3)C(C)C2)n1,-4.769551078621726
1260,CCCOc1cc(NC(=O)C2(NC(=O)c3ccc4c(C5CCCC5)c(-c5ccccn5)n(C)c4c3)CCC2)ccc1C=CC(=O)O,-4.721246399047171
1261,Cc1[nH]n(-c2ccccn2)c(=O)c1-c1cccc(C(F)(F)F)c1,-5.154901959985743
1262,CC(C)=CCCC(C)(OC1OC(CO)C(O)C(O)C1O)C1CCC2(C)C1C(O)CC1C3(C)CCC(O)C(C)(C)C3C(OC3OC(CO)C(O)C(O)C3O)CC12C,-6.587937783979687
1263,O=C(O)c1ccccc1-c1c2ccc(=O)cc-2oc2cc(O)ccc12,-4.77
1264,Nc1ncnc2c1c(-c1cc(OCC34CCC(CC3)O4)ccc1F)cn2C1CC(CN2CC[S+]([O-])CC2)C1,-5.318758762624412
1265,NC(CC(=O)N1CCCC1CNC(=O)C1(C(F)(F)F)CC1)Cc1cc(F)c(F)cc1F,-5.244125144245631
1266,CC(Nc1ccc(F)cc1)c1cc(C(=O)NCCN(C)C)cn2c(=O)cc(N3CCOCC3)nc12,-6.698970004252014
1267,O=c1n(Cc2nc3ccccc3n2CCCC2(O)CC2)c2cnccc2n1C1CC1,-4.632644078973981
1268,CC(C)(C(=O)NCCn1ccc2ncnc(Nc3ccc(Oc4cccc(Cl)c4)c(Cl)c3)c21)S(C)(=O)=O,-5.411672262442608
1269,Cc1nc(-c2nc[nH]n2)ccc1-c1cnc2c(n1)N(C1CCC(O)CC1)C(=O)CN2,-5.795880017344075
1270,CC(c1ccc(Cl)cc1)N1C(=O)c2cc(I)ccc2N(CCCCC(=O)O)C(=O)C1c1ccc(Cl)cc1,-5.13430394008393
1271,CC(C)CCn1nc(N(C)C(C)C)c(O)c(C2=NS(=O)(=O)c3cc(NS(C)(=O)=O)ccc3N2)c1=O,-6.113509274870639
1272,CN(C(=O)c1cc2ccccc2s1)C1(C(=O)NC(Cc2ccccc2)C(=O)NCCCN2CCOCC2)CCCCC1,-4.492144128228127
1273,CN(C)C(=O)CNC(=O)Nc1nc2ccc(-c3cncc(S(=O)(=O)NC(C)(C)C)c3)cn2n1,-6.267606240177032
1274,CC1(C)SC(C(=O)O)C(C(=O)O)S1,-4.863913902615902
1275,COC(=O)C1C(O)C2(O)c3c(OC)cc(OC)cc3OC2(c2ccc(C#N)cc2)C1c1ccccc1,-5.2839966563652006
1276,COc1ccccc1C=C1CNCC(=Cc2ccccc2OC)C1=O,-4.4881166390158445
1277,CC(C)(COc1ccc(-c2ccc(NC(=O)c3ccc4ccccc4c3)cc2)cn1)C(=O)O,-5.102372908709558
1278,CCc1c(CCCC(=O)O)cccc1-c1cnc(-c2ccc(OC(C)C)c(C#N)c2)s1,-4.657577319177793
1279,CCCCCn1cc(C(=O)c2cccc3ccccc23)c2ccncc21,-4.886056647769872
1280,CC12CCC(NS(C)(=O)=O)CC1CCC1C2CCC2(C)C(C(=O)CO)CCC12,-4.7594507517174005
1281,CC(C)c1nnc2n1CC(C)N(C(=O)c1cccc(C(F)(F)c3nnc(O)c4ccccc34)c1)C2,-5.397940008836018
1282,N#CCNC(=O)CNC(=O)C(Cc1ccccc1)NC(=O)C(O)c1cccc(Cl)c1,-5.657577319177793
1283,Cc1cc(C(C)Nc2ccccc2C(=O)NS(C)(=O)=O)c2nc(N3CCOCC3)cc(=O)n2c1,-6.9586073148813306
1284,CCC1OC(=O)C(C)C(OC2CC(C)(OC)C(O)C(C)O2)C(C)C(OC2OC(C)CC(N(C)C)C2O)C(C)(O)CC(C)C(=NOCOCCOC)C(C)C(O)C1(C)O,-5.770438651295679
1285,O=C(O)CC(NC(=O)C1CCCN(C(=O)CCC2CCNCC2)C1)c1cccnc1,-6.21296218740409
1286,COc1cc2c(CNS(=O)(=O)C(F)(F)F)cnc(C(=O)c3cccc(OC(C)C)c3)c2cc1OC,-4.447331783887806
1287,O=C(O)c1cc(N=Nc2ccc(O)c(C(=O)O)c2)ccc1O,-7.023652595095644
1288,COC1C(=O)C2(C)C(OC)CC3OCC3(OC(C)=O)C2C(OC(=O)c2ccccc2)C2(O)CC(OC(=O)C(O)C(NC(=O)OC(C)(C)C)c3ccccc3)C(C)=C1C2(C)C,-5.428291168143485
1289,COCCOCCOC(=O)C(Cc1ccc(OC(=O)N(C)C)cc1)NC(=O)C1N(S(=O)(=O)c2cnn(C)c2)CSC1(C)C,-5.6906260655216965
1290,COc1ccc(NC2=C(Cl)C(=O)c3ccncc3C2=O)cc1,-4.659555885119911
1291,Brc1ccc(C2(CC3CCCC3)c3ccccc3-c3nccn32)cn1,-4.6020599913279625
1292,CCN1CCC(C(=O)NC2(C(=O)O)CCN(Cc3cccc(Oc4ccccc4Cl)c3)CC2)(c2ccccc2)CC1,-4.6020599913279625
1293,COCCOc1ccccc1N1CCN(C(=O)C2(Oc3ccc(C(F)(F)F)cc3)CCCN(C(=O)c3cnccc3C(F)(F)F)C2)CC1,-4.692503962086787
1294,O=c1cc(N2CCOCC2)nc(Cc2nc3ccccc3n2C2CCCCC2)[nH]1,-5.823908740944319
1295,O=C(O)CN1C(=O)C2(CC(=O)N(Cc3cc(Cl)ccc3F)C2=O)c2cc(Cl)ccc21,-4.581698708680254
1296,Cc1ncc(CNC2CCN(CCn3c(=O)ccc4ccc(C#N)cc43)CC2)cc1C#N,-4.866461091629782
1297,O=C(O)CCc1nc(-c2ccccc2)c(-c2ccccc2)o1,-4.479167444444445
1298,O=C1NN=C(c2ccc(OC3CCN(C4CCC4)CC3)cc2)C2CC12,-4.785156151964227
1299,CN(CC(N)=O)Cc1nc(-c2cn(CC3CCOCC3)c3c(Cl)cccc23)no1,-5.080921907717944
1300,Cc1cn2nc(C3CCCCN3C(=O)c3cc(Cl)ccc3NS(C)(=O)=O)cc2nc1N1CCC(N)C1,-5.508864383480216
1301,CC(C)CC(CC(=O)O)NC(=O)C(C)CN,-7.022276394711152
1302,CC(Nc1cccc(Cl)c1F)c1cc(C(=O)N(C)C)cc2c(=O)cc(N3CCOCC3)oc12,-4.6777807052660805
1303,C=CCc1cc(OC)c(OC(C)C(O)c2cc(O)cc(OC)c2)c(OC)c1,-4.6500001
1304,C=Cc1cc(C(NC(=O)C(NC(=O)OC(C)(C)C)C(C)(C)C)C(=O)Nc2cccc(C(=O)NS(=O)(=O)c3ccc(C(F)(F)F)cc3)c2)ccc1Oc1cc(OC)nc(-c2ccccc2)n1,-5.013228265733755
1305,CC(C)CCn1c(=O)c(C2=NS(=O)(=O)c3ccccc3N2)c(O)c2cccn21,-4.959042368065665
1306,Cn1c(N2CCCN(CCCN3c4ccccc4Sc4ccc(CCC(=O)O)cc43)CC2)cc(=O)n(C)c1=O,-5.111316040560319
1307,Nc1ccc2ccc(CCNCCc3cccc(F)c3)cc2n1,-4.772113295386326
1308,O=C(NCCCNc1nc(Nc2ccc(N3CCOCC3)cc2)ncc1C1CC1)C1CCC1,-4.468521082957745
1309,CN(Cc1ccc(-c2ccc(N3CCOc4ncnc(N)c4C3=O)cc2)c(Cl)c1)C(=O)CN,-6.698970004336019
1310,CC(C)CC1C(=O)N2CCCC2C(=O)N(C)C(Cc2ccc(O)cc2)C(=O)NC(C)C(=O)NCC(=O)N(C)C(Cc2ccccc2)C(=O)N1C,-7.0
1311,CC(=O)Nc1ccc(F)cc1OCC(O)CN1CCC2(CC1)Cc1cc(F)ccc1O2,-4.7447274948966935
1312,COc1ccc2c(OC3CC4C(=O)NC5(C(=O)NS(=O)(=O)C6(C)CC6)CC5C=CCCCCCNC(=O)N4C3)cc(-c3nc(C(C)C)cs3)nc2c1Cl,-4.537602002101044
1313,OC(c1ccc2[nH]c(-c3ccc(OCc4ccccc4)cc3)nc2c1)c1ccccc1C(F)(F)F,-4.739213331345024
1314,CCN1CCN(C(=O)Cn2c(-c3ccoc3)c(C3CCCCC3)c3ccc(C(=O)O)cc32)CC1,-5.187086643357144
1315,CC(C)(CCC(C(N)=O)(c1ccccc1)c1ccccc1)N1CCC(Oc2ccccc2)C1,-4.806568012449312
1316,CC(=O)c1ccc(N2CCN(S(=O)(=O)c3ccc4c(c3)CC(=O)N4)CC2)cc1,-4.835647144215563
1317,C=C1CC23CCC4C(C)(C(=O)OC5OC(CO)C(O)C(O)C5O)CCCC4(C)C2CC(OC2OC(CO)C(O)C(OC4OC(CO)C(O)C(O)C4O)C2OC2OC(CO)C(O)C(O)C2O)C1C3,-6.959129378710443
1318,O=C1Nc2ccc(Cl)cc2C(c2ccccc2)=NC1O,-3.9882608302293416
1319,NC(=O)CC1CCC(c2ccc(-c3cncc(C(N)=O)n3)cc2)CC1,-4.886056647693163
1320,O=C(CN1CC(NC(=O)c2ccc(Cl)s2)C(OCCO)C1)Nc1ccc(-n2ccccc2=O)cc1F,-6.3979400086720375
1321,Oc1ncnc2c(-n3cc(CCN4CCC(c5cccc(C(F)(F)F)c5)CC4)cn3)nccc12,-4.815024809150869
1322,N=C(Nc1ccc(CCNCc2cccc(Cl)c2)cc1)c1cccs1,-4.563837352959244
1323,O=C(NCc1ccncn1)c1ccc(Oc2ccc(C#CC3(O)CN4CCC3CC4)cc2)cc1,-5.173925197299173
1324,CCOC1CCC(CN2CC(c3ccccc3)N(C3CCN(C4(C)CCN(C(=O)c5c(C)ncnc5C)CC4)CC3)C2=O)CC1,-5.522878745280337
1325,Cc1nc(-n2cnn(Cc3ccc(F)cc3)c2=O)sc1C(=O)NCc1cc[nH]n1,-4.6020599913279625
1326,O=C(NC1(C(=O)NC(Cc2ccccc2)C(=O)NCCC(=O)N2CCN(CC3CCOCC3)CC2)CCCC1)c1cc2ccccc2s1,-5.569062525940379
1327,CC(C)n1c(=O)c(C(=O)NC2CC3CCC(C2)N3CCCN2CCCCC2)cc2ccccc21,-4.619788758288394
1328,N#Cc1ccccc1Cn1c(N2CCCC(N)C2)nc2nc(-c3ccc(C(F)(F)F)cc3)cc-2c1O,-5.761953896935602
1329,COc1ccc(C2CC(=O)c3c(O)cc(O)cc3O2)cc1O,-4.585117034826664
1330,CC(C)(C)OCC(O)C(=O)N1C(C(=O)NCc2cc(Cl)ccc2-n2cnnn2)CC2CC21,-5.346787486168492
1331,O=C(N1CCCCC1)N1CC(OC(c2ccc(Cl)cc2)c2cccnc2Cl)C1,-4.498940737836687
1332,CC(NC(=O)C1(NC(=O)c2ccon2)CC1)c1ncc(-c2cc(Cl)cc(Cl)c2OCC(F)F)cc1F,-4.455931955649724
1333,COc1cc(-c2oc3cc(O)cc(O)c3c(=O)c2OC2OC(COC3OC(C)C(O)C(O)C3O)C(O)C(O)C2O)ccc1O,-6.538900792191928
1334,Cc1cc(N2CCC(N3CCCC3C)C2)ccc1NC(=O)c1cn[nH]c1,-6.455931955649724
1335,CN(C)C(=O)Oc1ccc(CC(NC(=O)C2N(S(=O)(=O)c3ccn(C)n3)CSC2(C)C)C(=O)OCC(C)(C)C)cc1,-5.3448615651886175
1336,FC(F)(Cl)Oc1ccc(Nc2nnc(-c3ccncc3CCc3ccncc3)o2)cc1,-5.506286420761928
1337,Cc1cc(COc2ccc(NC(=O)C3CCN(C(=O)C4CC4)CC3C(=O)NO)cc2)c2ccccc2n1,-6.698970004168009
1338,O=c1cc(-c2ccc(O)cc2)oc2cc(O)cc(O)c12,-4.98269038590274
1339,OC(CN1c2cccc(-c3cccc(OC(F)(F)F)c3)c2CCC1c1cccc(OC(F)(F)F)c1)C(F)(F)F,-5.327902142064283
1340,N=C(N)SCc1cc(F)ccc1Sc1cc(F)c(F)cc1CSC(=N)N,-6.82390874097216
1341,CC(Nc1cc(F)cc(F)c1)c1cc(C(=O)N2CCCC2)cc2c(=O)cc(N3CCOCC3)oc12,-5.070581074285707
1342,COC(=O)C(C)NP(=O)(OCC1C=CC(n2cc(C)c(=O)[nH]c2=O)O1)Oc1ccc(Cl)cc1,-5.811098397640169
1343,Cn1cc(C#N)c2ccc(NC(=O)NOCc3ccccc3)cc21,-4.71444269099417
1344,COc1ccc(-n2nc(S(C)(=O)=O)c3c2C(=O)N(c2ccc(C4(Cn5ccnc5C)CC4)cc2)CC3)cc1,-5.9586073148813306
1345,CNC(=O)c1ccc2[nH]nc(Cc3ccc(-c4cnn(C)c4)cc3)c2c1,-4.3851027839668655
1346,N=C(CCSCc1csc(N=C(N)N)n1)NS(N)(=O)=O,-6.508638306165727
1347,COc1ccccc1N1CCN(C(=O)C2(Oc3ccc(C(F)(F)F)cc3)CCCN(C(=O)c3cnccc3C(F)(F)F)C2)CC1,-4.801342913045577
1348,NC(=O)c1cccc(Oc2ccc3c(c2)c(=O)ncn3Cc2c(F)cc(F)cc2F)c1C(F)(F)F,-5.721246399047171
1349,CCOC(=O)C1CCC(N2CC(NC(=O)CNc3nn(C(N)=O)c4ccc(C(F)(F)F)cc34)C2)CC1,-6.494850021680094
1350,Cn1c(SCCCN2CC3CCN(c4ccc(C(F)(F)F)cc4)C3C2)nnc1-c1ccc(=O)n(C)c1,-5.337242168318426
1351,CS(=O)(=O)c1ccccc1N1CCC(NC(=O)c2cc(C(F)(F)F)nn2-c2ccc3onc(N)c3c2)CC1,-5.769551078716296
1352,C=CCC1(O)CCC2C3CCC4=CC(=O)CCC4=C3C(c3ccc(P(=O)(OCC)OCC)cc3)CC21C,-4.838631997765025
1353,Cc1cccc(C)c1Oc1c(C(=O)N2CCNCC2)c2ncccc2n1-c1ccccc1,-6.552841968657781
1354,CC1OC(c2ccc([N+](=O)[O-])cc2)OCC1NC(=O)Cc1ccccc1,-4.984643158067337
1355,Cn1cnc(S(=O)(=O)N(CCN(Cc2cncn2C)c2ccc(C#N)cc2)Cc2ccc(-c3ccccc3)cc2)c1,-5.958607314841775
1356,O=c1c(C2=CS(=O)(=O)c3ccccc3N2)c(O)c2ccccc2n1Cc1ccc(F)cc1,-5.356547323513812
1357,CCN(CCCCO)C(=O)N(CC)c1ccc(C(O)(C(F)(F)F)C(F)(F)F)cc1,-4.303643611266668
1358,O=C(Nc1ccc(OC(F)(F)F)cc1)c1ccnn1CCc1ccncc1,-5.152044482126165
1359,Cc1[nH]n(-c2nccs2)c(=O)c1-c1ccccc1,-4.621602099051862
1360,CC#Cc1cncc(-c2cccc(C3(c4cc(C)c(=O)n(CC)c4)N=C(N)c4c(F)cccc43)c2)c1,-4.9586073148813306
1361,O=c1ncn(Cc2c(F)cc(F)cc2F)c2ccc(Oc3cccnc3C(F)(F)F)cc12,-4.958607314841775
1362,N#Cc1ccc(NCC(F)(F)c2ccc(F)c(F)c2)c(F)c1CC(=O)NCCONC(=N)N,-6.092195789887994
1363,CNC(=O)C(NC(=O)C(O)(CCCN(Cc1ccc(Br)cc1)NC(=O)C(NC(=O)OC)C(C)(C)C)Cc1ccccc1)C(C)(C)C,-5.337242168238819
1364,Nc1noc2ccc(-n3nc(C(F)(F)F)cc3C(=O)Cc3ccc(N4CCCCC4=O)cc3)cc12,-4.638272163982407
1365,CN(C)C(=O)c1cccc(-c2cnc(N)c(-c3nc4cccc(N5CCNCC5)c4n3C)n2)c1,-5.045757490560675
1366,CC1CN(C(=O)C(=O)c2c[nH]c3cccc(F)c23)CC(C)N1C(=O)c1ccccc1,-5.136677139879544
1367,Cc1cc(COc2ccc(C(=O)NC3CC(N(C)C)CC3C(=O)NO)cc2)c2ccccc2n1,-7.0
1368,COC(=O)CC(C(=O)NN(Cc1ccc(C=Cc2ccccc2)cc1)CC(O)(Cc1ccccc1)C(=O)NC1c2ccccc2CC1O)C(C)(C)C,-5.079999900000001
1369,O=C1CN=C(c2ccccn2)c2cc(Br)ccc2N1,-4.41674208188007
1370,C=CC1=C(C(=O)O)N2C(=O)C(NC(=O)C(=NC(=O)CC(=O)O)c3cnc(N)s3)C2SC1,-5.9208188
1371,Oc1ccc(-c2ccc(-c3cccc(O)c3)s2)cc1,-4.657577319133345
1372,Cc1ccc(S(=O)(=O)Nc2cc(Oc3ccccc3)ccc2C(=O)O)cc1,-5.619788758288394
1373,Cc1cnc(NCCc2ccc(F)cc2)c(=O)n1CC(=O)NCCONC(=N)N,-6.259637310505756
1374,Cn1nc(-c2ccncc2)cc1NC(=O)C(Cc1ccccc1)NCC(=O)O,-6.045757490560675
1375,COc1cc(C)c(S(=O)(=O)N(C)CCOCC(=O)N2CCC(CCN(C)C)CC2)c(C)c1,-6.301029995663981
1376,COc1ccc2c(n1)C1(CO2)C(=O)N(Cc2ccc(C(F)(F)F)o2)c2ccccc21,-5.042763196930202
1377,Clc1ccc2c(c1)NC(N1CCNCC1)=c1ccccc1=N2,-4.6799998
1378,CCC1(C)NC(=O)c2cc(S(=O)(=O)Nc3ccc(F)cc3F)cc(C)c2NC1=O,-4.939302159734791
1379,Oc1cccc(-c2ccc3c(-c4cccnc4)c(O)ccc3c2)c1,-4.853871964241321
1380,C=CC1CC1(NC(=O)C1CC(Oc2cc(-c3csc(NC(=O)C(C)C)n3)nc3c(Br)c(OC)ccc23)CN1C(=O)C(NC(=O)OC1CCCC1)C(C)(C)C)C(=O)O,-5.073143291050307
1381,Cc1cc(COc2ccc(C(=O)NC3CC(=O)CC3C(=O)NO)cc2)c2ccccc2n1,-6.698970004252014
1382,CNc1c(C)c(C)nc2cc(C3CCCCN3C(=O)c3cc(C)ccc3NS(C)(=O)=O)nn12,-4.853871964321762
1383,O=c1[nH]c(=O)n(C2CC(O)C(CO)O2)cc1F,-5.8561400650125535
1384,CC1COCCN1c1nc(-c2c(F)ncc3[nH]ccc23)cc2c1ncn2C,-4.420216403287393
1385,O=c1[nH]cnc2c(-n3cc(CCN4CCCCC4)cn3)nccc12,-5.785156151952302
1386,CCC(C)C(NC(=O)C(c1cc(Cl)cc(Cl)c1)N(C)C)C(=O)NCc1ccnc(C#N)n1,-4.749579997691106
1387,CCCCn1c(-c2ccccc2)cn2c3c(=O)[nH]c(=O)n(C)c3nc12,-4.371611069962267
1388,CCOc1c(Cl)cccc1-c1ccc(C(C)NC(=O)C2(NC(=O)C(F)(F)F)CC2)c(F)c1,-4.537602002101044
1389,N#CCNC(=O)CNC(=O)C(Cc1ccccn1)NC(=O)Cc1cc(Cl)cc(Cl)c1,-6.154901959985743
1390,CCS(=O)(=O)CCN1CCC(CC(=O)NO)(NC(=O)c2ccc(OCc3cc(C)nc4ccccc34)cc2)CC1,-6.259637310505756
1391,c1ccc(CN(c2ccc3sccc3c2)C2CCNCC2)cc1,-5.853871964241321
1392,CNC(=O)c1ccc(C(c2nnnn2Cc2ccccc2)N2CCCN(C3CCC3)CC2)cc1,-6.522878745280337
1393,Cc1nc(-c2nnc3n2CCN(C(=O)c2ccc(-c4cccs4)cc2)C3C)cs1,-4.4698003017969175
1394,CCN1C(=O)C(c2cc(-c3cnn(C)c3)ccc2O)C(=O)N(c2ccccc2)c2cc(C(F)(F)F)ccc21,-5.366531544420414
1395,N#Cc1cccc(Cn2ccnc2)c1,-4.1689069471701945
1396,CCOP(=O)(OCC)C(Cc1ccc(F)c(F)c1)c1sc2ccccc2c1C,-5.399027104234939
1397,O=c1c2cccnc2n(Cc2ccccc2)c(=O)n1Cc1ccccc1,-4.515700160739911
1398,CC(C)(C)C(O)C(=O)N1CS(=O)(=O)CC1C(=O)NCc1cc(Cl)ccc1-n1cnnn1,-6.154901959985743
1399,CN(C)CCC=C1c2ccccc2Sc2ccc(Cl)cc21,-4.671652172995612
1400,O=c1n(Cc2nc3ccccc3n2CCCS(=O)(=O)C2CC2)c2cnccc2n1C1CC1,-5.6777807052660805
1401,N#CC1(c2ccccn2)CCN(Cc2cc(C(=O)O)c(=O)n3ccccc23)CC1,-4.7447274948966935
1402,O=C1CCCN1Cc1ccc(-n2nc(C(F)(F)F)c3c2COCC3)cc1,-4.356547323513813
1403,CCc1nc(N)nc(N)c1-c1ccc2c(c1)N(CCNC(C)=O)C(=O)C(C)(C)O2,-5.769551078621726
1404,COc1ccc2c(OC3CC4C(=O)NC5(C(=O)NS(=O)(=O)C6CC6)CC5C=CCCCCN(C)C(=O)C4C3)cc(-c3ccccc3)nc2c1,-5.42021640338319
1405,N#Cc1c(-c2cc(F)cc(-c3no[n+]([O-])c3C#N)c2)no[n+]1[O-],-5.1023729087821685
1406,Cc1ccc(NS(=O)(=O)c2cc3c(cc2NC(C)CO)NC(=O)CC3)cc1Cl,-5.9469215566374345
1407,CNC(=O)C1Cc2cn(cn2)CC(=O)N2CCCC2C(=O)NC(C)C(=O)N1C,-5.899768688720609
1408,Nc1ccn(C2CSC(CO)O2)c(=O)n1,-5.565000075
1409,Cc1oc(-c2ccccc2)nc1CCOc1cccc(CN(CC(=O)O)Cc2ccccc2)c1,-4.623423042943488
1410,O=C(Nc1ccc2c(c1)NC(=O)C(CCO)O2)C1CCN(c2cc(F)c(F)c(F)c2)CC1,-5.823908740944319
1411,CNc1ccc(-c2nc(=O)n(CCC3(C)CCCO3)c3c2oc2ncc(-c4cnn(C)c4)cc23)cn1,-5.356547323513812
1412,CNC(Cc1ccccc1)C(=O)NC(C)C(=O)NC(C)C(=O)NC(C)C(=O)NC(C)C(=O)N(C)C(Cc1ccccc1)C(N)=O,-6.552841968743335
1413,CCCCn1c(-c2ccccc2C)cn2c3c(=O)[nH]c(=O)n(C)c3nc12,-4.369572124981232
1414,CCOC(=O)C(Cc1ccc(OC(=O)N(C)C)cc1)NC(=O)C1N(S(=O)(=O)c2ccn(C)n2)CSC1(C)C,-5.372634143407267
1415,O=C1c2ncc3c(c(CN4CCCCC4)cn3Cc3ccc(F)cc3)c2CCN1O,-5.642065152999546
1416,CNc1ccc(-c2nc(=O)n(C(C)CC3CCCO3)c3c2oc2ncc(-c4cnn(C)c4)cc23)cn1,-4.853871964321762
1417,O=C(c1ccc(Nc2nc(C3CC3)cn3c(-c4cn[nH]c4)cnc23)c(F)c1)N1CCOCC1,-4.503070351926785
1418,CCCCCCCCOC(=O)c1ccc(O)cc1,-4.880000099999999
1419,COC(=O)NC(C(=O)NN(Cc1ccc(Br)cc1)CC(O)(Cc1ccccc1)C(=O)NC1c2ccccc2CC1O)C(C)(C)C,-4.376750709602099
1420,O=c1cc(C2CCNC(CC3CCCCC3)C2)o[nH]1,-5.20760831062631
1421,CCCN1CCC(CC(=O)NO)(NC(=O)c2ccc(OCc3cc(C)nc4ccccc34)cc2)CC1,-7.0
1422,Cc1cc(COc2ccc(C(=O)NC3(CC(=O)NO)CCN(C(=O)OC(C)(C)C)CC3)cc2)c2ccccc2n1,-5.086186147616283
1423,CCc1nc(N)nc(N)c1-c1ccc2c(c1)N(CCNS(C)(=O)=O)C(=O)C(C)(c1cc(F)cc(F)c1)O2,-5.7447274948966935
1424,CC(=O)N(C)c1ccc(OC2CN(c3c4c(nc5ccnn35)CCNCC4)C2)cc1,-6.2076083105017466
1425,C=C(C)C1CCC(C)=CC1c1c(O)cc(CCn2ccnn2)cc1O,-4.275724130399211
1426,CCOC(=O)c1cc(C#N)c(N2CCC(C(=O)NS(=O)(=O)Cc3ccc(F)cc3F)CC2)nc1C,-5.301029995663981
1427,O=C(CCCCC1CCSS1)OC1CC(n2cc(F)c(=O)[nH]c2=O)OC1CO,-5.83209218999852
1428,CC(C)OC(=O)c1cn(C2CC2)c2cc(N3CCNCC3)c(F)cc2c1=O,-5.331857710123695
1429,COC(=O)CCCCN(C(=O)N1CCOCC1)c1ccc(C(O)(C(F)(F)F)C(F)(F)F)cc1,-4.482804102050026
1430,c1ccc2c(N3CCNCC3)nc(-c3ccc4[nH]ncc4c3)nc2c1,-5.2479515521354205
1431,O=C(NCc1cc(Cl)ccc1-n1cnnn1)C1CC=NN1C(=O)C(O)Cc1ccccc1,-4.9586073148813306
1432,CCOc1cc(NC(=O)C2(NC(=O)c3ccc4c(C5CCCC5)c(-c5ccc(F)cn5)n(C)c4c3)CCC2)ccc1C=CC(=O)O,-4.769551078621726
1433,COc1ccc(-c2nc(Nc3cccc(NC(=O)N4CCCC4)c3)nc3[nH]cnc23)cc1,-5.684029654543083
1434,Cc1ccc(C(=O)NCCO)cc1-n1cnc(OCc2ccc(F)cc2F)c(Cl)c1=O,-5.097453220686009
1435,CNC1(c2ccc(N3CCc4c(C#N)nn(-c5ccc(OC)cc5)c4C3=O)cc2)CC1,-4.958607314841775
1436,Cc1cc(C2CCN(CCCF)CC2)cc2[nH]c(-c3c(NCCn4cc(Cl)cn4)cc[nH]c3=O)nc12,-4.962573502059376
1437,O=C(c1ccc(O)cc1OCC(O)CN1CCC2(CC1)Cc1cc(Cl)ccc1O2)N1CCC(O)CC1,-6.698970004336019
1438,CCC1CC(n2c(=O)nc(-c3cnn(C)c3)c3oc4cnc(-c5cn(C)cn5)cc4c32)CCO1,-5.3872161432802645
1439,N#Cc1ccccc1Cn1c(N2CCCC(N)C2)nc2[nH]ccc2c1=O,-6.1938200260161125
1440,CC(=O)NCC(=O)NC(CC(N)=O)C(=O)NC(C)C(N)=O,-6.590000200000001
1441,CC1CN(c2nc(C(F)(F)F)no2)CCN1c1ncc(OCc2ccc(CS(C)(=O)=O)cc2F)cn1,-5.0
1442,CC(C)(C)C(=O)OCOC(=O)N1CCC(N2CCN(CC(=O)c3ccc(OCC(=O)OC4CCCCC4)cc3)C(=O)C2)CC1,-4.4400001
1443,Cc1cc(C#N)nc(C)c1C(=O)N1CC2CN(CCC(NC(=O)C3CCCC3)c3ccccc3)CC2C1,-5.522878745280337
1444,Cc1ccc(N2CCN(C(=O)C3CN(C4CCOCC4)CC3c3ccc(Cl)cc3)CC2)c(C(NC(=O)CCN(C)C)C(C)C)c1,-6.795880017344075
1445,CCCC1N(C(=O)c2cnccc2C(F)(F)F)CCCC1(Oc1csc(C(F)(F)F)c1)C(=O)N1CCN(c2ccccc2OCC(=O)O)CC1,-6.154901959985743
1446,CC(=O)N1C(C(=O)Nc2ncc(-c3ccc(N)cc3)s2)CCC1c1ccccc1,-4.6777807052660805
1447,Cc1cn2nc(C3CCCCN3C(=O)c3cc(Cl)ccc3NS(C)(=O)=O)cc2nc1N1CCC(F)(F)C1,-4.795880017344075
1448,O=c1cc(-c2ccc(O)c(O)c2)oc2cc(OC3OC(CO)C(O)C(O)C3O)cc(O)c12,-6.367976631473471
1449,CCOC(=O)c1cc(C#N)c(N2CC(C(=O)NS(=O)(=O)c3ccccc3)C2)nc1C,-6.698970004336019
1450,CN(c1cc2cc(c1)C(=O)NC(c1ccccc1)CCc1cccc(c1)CC(C)(N)C(=O)OC2)S(=O)(=O)CC(F)(F)F,-4.920818753952375
1451,CC(C)CCn1nc(N2CCOCC2)c(O)c(C2=NS(=O)(=O)c3cc(NS(C)(=O)=O)ccc3N2)c1=O,-7.677780705199559
1452,C=CC(=O)Nc1ccc(S(=O)(=O)N2CCN(C(=O)C34CC5CC(CC(C5)C3)C4)CC2)cc1,-4.991399828238082
1453,O=C(O)COc1ccc(Cl)cc1C1CCCCCC1,-5.075720713938118
1454,CCC1(C)NC(=O)c2cc(S(=O)(=O)Nc3ccc(OC(F)F)cc3)ccc2NC1=O,-5.958607314841775
1455,Cc1cc(COc2ccc(NC(=O)C3CCN(C(=O)c4ccco4)CC3C(=O)NO)cc2)c2ccccc2n1,-7.0
1456,O=C(O)CCc1cn(Cc2ccc(F)cc2)c2cnc3c(c12)CCN(O)C3=O,-7.096910013008056
1457,Cc1ccc(S(=O)(=O)NC(=O)NN2CC3CCCC3C2)cc1,-4.6020598
1458,Cc1cc(C#N)nc(C)c1C(=O)N1CC2CN(CCC3(c4cccc(F)c4)CCN(C(=O)C(C)(C)C)CC3)CC2C1,-5.563837352959244
1459,CCN(CC)Cc1ccccc1-c1ccc(N2CCc3c(C(N)=O)nn(-c4ccc(OC)cc4)c3C2=O)cc1,-5.638272163982407
1460,CCn1cc(C2(c3cccc(C#CC4CC4)c3)N=C(N)c3c(F)cccc32)cc(C)c1=O,-4.920818753964281
1461,CN(C)C(=O)Oc1ccc(CC(NC(=O)C2N(S(=O)(=O)c3cnn(C)c3)CSC2(C)C)C(=O)OCOC(=O)C(C)(C)C)cc1,-5.600950088226066
1462,CCOc1cc(NC(=O)C2(NC(=O)c3ccc4c(C5CCCC5)c(-c5ncc(Cl)cn5)n(C)c4c3)CCC2)cnc1C=CC(=O)O,-5.1249387366083
1463,O=C(NC1CCN(C(=O)CCc2cccnc2)CC1)C(c1ccc(Cl)cc1)C1CCCCC1,-5.0
1464,CS(=O)(=O)CC(=O)NCCn1ccc2ncnc(Nc3ccc(Oc4cccc(C(F)(F)F)c4)c(Cl)c3)c21,-6.2839966563652006
1465,CC(=O)NC(CCN1C2CCC1CC(n1c(C)nc3c1CCN(C(=O)C(C)(C)C)C3)C2)c1cccc(F)c1,-6.0
1466,C=CCn1c(=O)c2cccnc2n(CC=C)c1=O,-4.042392712939905
1467,O=C(NC(Cc1ccc(F)c(Br)c1)C(=O)O)c1ccc(Cl)cc1NS(=O)(=O)c1cccc2nccnc12,-7.397940008754027
1468,NC(=O)c1cncc(-c2ccc(C3CCC(CC(=O)O)CC3)cc2)n1,-4.537602002101044
1469,COCC1CCCN1CC(O)CN1C2CCC1CC(NC(=O)c1nn(C(C)C)c3ccccc13)C2,-4.318758762624412
1470,O=C(C(=O)N1CCN(C(=O)c2ccccc2)CC1)c1c[nH]c2c(-c3cnco3)ccc(F)c12,-4.913640169325252
1471,CCOC(=O)c1cnc(N2CCN(C(=O)NS(=O)(=O)c3ccc(Cl)cc3)CC2)c(Cl)c1,-5.920818753952375
1472,Cn1cc[nH]c1=S,-4.318759
1473,CC1OC(OC2C=C3CCC4C(CCC5(C)C(c6ccc(=O)oc6)CCC45O)C3(C)CC2)C(O)C(O)C1O,-6.222481560188967
1474,Fc1ccc(Oc2nccc3[nH]ccc23)c(F)c1,-4.4814860600915845
1475,COc1ccc(-c2nnc(C(=O)N3CC(Oc4ccc(CN5CCOCC5)c(OC)c4)C3)o2)cc1,-4.292429823902063
1476,COc1cccc(CNc2ccc(S(=O)(=O)Nc3nc4ccccc4s3)cc2)c1O,-5.823908740944319
1477,CCc1ccc(CCNc2ncc(C)n(CC(=O)NCCONC(=N)N)c2=O)cc1,-6.537602002101044
1478,O=c1cc(C2CCNC(Cc3ccccc3)C2)o[nH]1,-5.753712931551325
1479,COc1ccc(C2(c3cccc(-c4cncnc4)c3)N=C(N)N3CCCN=C32)cc1,-6.221848749616356
1480,Cc1cc(Nc2ncnc3cnc(N4CCOCC4)cc23)ccc1Oc1ccc(C(=O)NCC(C)(C)C)cc1,-4.8124792791635365
1481,COC1CCC(N2C(=O)CNc3ncc(-c4ccc(-c5nc[nH]n5)nc4C)nc32)CC1,-5.013228265800316
1482,COC(=O)N1CCc2nc(C)n(C3CC4CCC(C3)N4CCC(NC(C)=O)c3ccccc3)c2C1,-5.522878745210253
1483,COc1ccc(-c2ccc(OCCN3CCCC3C(=O)O)c(Sc3cccc(F)c3)c2)cc1,-4.580044251632682
1484,O=c1[nH]cnc2c1ncn2C1CCC(CO)O1,-6.6020599913279625
1485,COc1cc(C)c(S(=O)(=O)N(C)CCOCC(=O)N2CCC(C(C)(C)CN(C)C)CC2)c(C)c1,-4.8664610917223365
1486,CC(C)NCC(O)COc1ccc(NC=O)cc1,-5.427480333068071
1487,Cn1c(N2CCCN(CCCN3c4ccccc4COc4ccc(C(C)(C)C(=O)O)cc43)CC2)cc(=O)n(C)c1=O,-5.337242168159213
1488,O=c1[nH]ccc2cc(OC3CCCNC3)ccc12,-4.844663962534939
1489,COC(=O)C1C(O)C2(O)c3c(OC)cc(OC4COCC(CO)O4)cc3OC2(c2ccc(OC)cc2)C1c1ccccc1,-6.585026652029182
1490,CN(C)C(=O)c1cc(CN2CCOc3c(F)cc(F)cc32)c2oc(N3CCOCC3)cc(=O)c2c1,-5.045757490560675
1491,CC(C)(C)c1nc2c(s1)CCc1nc(NC(=O)N3CCCC3(C)C(N)=O)sc1-2,-4.91721462968355
1492,COc1cc(C)c(C(=O)N2CC3CN(CCC(NC(=O)C4CCCC4)c4ccccc4)CC3C2)c(C)c1,-4.481486060122112
1493,COc1ccc(-c2nnc(C(=O)N3CCC(Oc4ccc(CN5CCCC5)nc4)CC3)o2)cc1,-4.508638306165727
1494,CC1(c2cccc(-c3cccnc3)c2)N=C(N)c2c(F)cccc2O1,-4.638272163986805
1495,Cc1c(C(=O)c2cccc3ccccc23)c2cccc3c2n1C(CN1CCOCC1)CO3,-4.917214629762663
1496,COc1ccc(-n2nc(C(N)=O)c3c2C(=O)N(c2ccc(C4(CC(N)=O)CC4)cc2)CC3)cc1,-5.552841968743335
1497,Cc1[nH]n(-c2ccccn2)c(=O)c1-c1ccc(C(F)(F)F)cc1,-5.508638306165727
1498,CC(CO)Nc1nc(SCc2cccc(F)c2F)nc2nc(N)sc12,-5.607303046740334
1499,COc1ccc2cc(-c3ccc(CN4CCc5cc(OC)c(OC)cc5C4)o3)ccc2c1,-6.38933983691012
1500,NC(=O)C(Cc1ccccc1)NC(=O)C(Cc1ccccc1)NC(=O)C(CCCN=C(N)N)NC(=O)C(N)Cc1ccc(O)cc1,-7.4317985
1501,O=C(C=Cc1ccc(O)c(O)c1)OC1CC(O)(C(=O)O)CC(O)C1O,-6.3309777089902255
1502,O=C(CCC1=CCN(CCCc2ccccc2)C1=O)NO,-5.022276394711152
1503,COc1ccc(-n2nc(C#N)c3ncn(-c4ccc(-c5ccccc5CN5CCCC5)cc4)c(=O)c32)cc1,-5.508638306124295
1504,Cc1ccc(NC(=O)c2ccc(CN3CCN(C)CC3)cc2)cc1Nc1nccc(-c2cccnc2)n1,-5.31082501590328
1505,CC(O)C(NC(=O)Cc1cc(Cl)cc(Cl)c1)C(=O)NCc1ccnc(C#N)n1,-4.913640169325252
1506,Cn1cc(-c2ccc(Cc3[nH]nc4ccc(C(=O)N5CCC(O)C5)cc34)cc2)cn1,-5.06958806359736
1507,NC(Cc1ccccc1)C(=O)O,-4.7753434885334345
1508,Cn1cc(-c2ccc(-c3cnc(N)c4ccc(N5CCOC5=O)cc34)cc2)cn1,-4.686132779630847
1509,O=C(C(=O)N1CCN(C(=O)c2ccccc2)CC1)c1c[nH]c2cccc(F)c12,-5.0617305165370885
1510,CC(=O)N1CCC(CN(C2Cc3cc(C#N)ccc3N(Cc3cncn3C)C2)S(=O)(=O)c2ccccn2)CC1,-6.301029995663981
1511,Brc1ccc(C2(Cc3ccccc3)c3ccccc3-c3nccn32)cc1,-5.0
1512,COCCCn1c(=O)nc(-c2ccc(N3CCN(C(C)C)CC3)nc2)c2oc3ccc(Cl)cc3c21,-5.585026652029182
1513,Oc1cc(N2CCOCC2)nc(Cc2nc3ccccc3n2-c2ccccc2)n1,-5.356547323756907
1514,N#Cc1cccc(Cn2cccn2)c1,-4.142907593163164
1515,O=C1c2cc(Cl)ccc2-n2c1nc1ncccc1c2=O,-4.131943638176958
1516,O=C(O)Cc1c(C=CC(=O)OC(Cc2ccc(O)c(O)c2)C(=O)O)ccc(O)c1O,-7.179463527640075
1517,CNC(=O)C(c1ccc2nc(N)n(C(C)C)c2c1)c1cccc(F)c1F,-5.0
1518,COc1ccc(-n2nc(C(F)(F)F)c3c2C(=O)N(c2ccc(C4(Cn5ccnc5C)CC4)cc2)CC3)cc1,-5.154901959989307
1519,O=C(CCc1cc(Cl)c(Oc2ccncc2C(=O)N2CCN(C3CC3)c3ccccc32)cc1Cl)NCCOCCOCCOCCOCCOCCOCCOCCOCCNC(=O)CCc1cc(Cl)c(Oc2ccncc2C(=O)N2CCN(C3CC3)c3ccccc32)cc1Cl,-7.397940008672037
1520,COc1ccc(Cl)c(S(=O)(=O)Nc2ccc(-c3cnc4c(C)n[nH]c4n3)cc2)c1,-4.869666231504994
1521,COC(=O)c1c(Cl)cc(Cl)cc1-c1ccc(C(C)NC(=O)C2(NC(=O)C(F)(F)F)CC2)c(F)c1,-4.74472756058626
1522,CC(C)(C)OCC(O)C(=O)N1CC2CC2C1C(=O)NCc1cc(Cl)ccc1-n1cnnn1,-4.769551078716296
1523,COCCCn1c(=O)nc(-c2ccc(N3CCN(C(C)C)CC3)cc2)c2oc3ccc(Cl)cc3c21,-5.568636235841012
1524,CC1CCN(C(=O)CC(Cc2cccc(N)c2)NS(=O)(=O)c2ccc3ccccc3c2)CC1,-4.997298906554339
1525,CNS(=O)(=O)c1ccc(Cl)cc1,-4.186419
1526,O=C(C(=O)N1CCN(C(=O)c2ccccc2)CC1)c1c[nH]c2ccccc12,-4.642065152999546
1527,O=C(C=Cc1ccc(O)cc1)c1ccc(O)cc1O,-4.837279711053891
1528,C=CC1CC1(NC(=O)C1CC(OC)(c2ccc(-c3ccncc3)cc2)CN1C(=O)C(NC(=O)OC1CCCC1)C(C)(C)C)C(=O)NS(=O)(=O)C1CC1,-5.7447274948966935
1529,CN1C(=O)CC(N2CCCN(CCC=C3c4ccccc4CCc4ccc(C(=O)O)cc43)CC2)N(C)C1=O,-5.1599998
1530,C=CC1CC1(NC(=O)C1CC(Oc2cc(-c3csc(NC(C)C)n3)nc3cc(OC)ccc23)CN1C(=O)C(NC(=O)OC1CCCC1)C(C)(C)C)P(=O)(O)Cc1c(F)cccc1C(F)(F)F,-6.275724130399211
1531,Cc1cc(COc2ccc(C(=O)NC3CCCC3C(=O)NO)cc2)c2ccccc2n1,-5.1249387366083
1532,O=C(O)CC(CC1CCN(C(=O)CCc2ccc3c(n2)NCCC3)CC1)c1cnc2ccccc2c1,-5.8899999
1533,C=CCNC(=O)c1cccnc1NC(C)(C)CCCCC,-4.832682665188868
1534,Cn1c(N2CCC(F)(F)CC2)cc(OCc2cc(F)c(Oc3ccc(Cl)c(C(F)(F)F)c3)c(F)c2)nc1=O,-7.045757490560675
1535,O=C1COCCN1c1ccc(COC2COc3nc([N+](=O)[O-])cn3C2)cn1,-4.362410214120975
1536,COC(=O)c1c(Cl)cc(Cl)cc1-c1cnc(C(C)NC(=O)C2(NC(=O)C(F)(F)F)CC2)c(F)c1,-4.537601938287892
1537,NC(=O)C1CCN(c2ncc(-c3ccc4c(c3)OCCCO4)s2)CC1,-4.882728704258177
1538,CC#Cc1cncc(-c2cccc(C3(c4cc(C)c(=O)n(CC)c4)N=C(N)c4c(F)cc(F)cc43)c2)c1,-5.050609993266316
1539,O=C1Nc2c(C(F)(F)F)cccc2C1(c1ccc(O)cc1)c1ccc(O)cc1,-5.707743928643524
1540,CNC(=O)c1cc(Oc2ccc3oc(Nc4ccc(Br)cc4)nc3c2)ccn1,-5.0
1541,CCCC1(C(=O)c2ccc(N)c(Cl)c2)CCCN1,-4.431798275933005
1542,CCN1CCC(NC(=O)c2ccc3c(C4CCCCC4)c(-c4ccccn4)n(C)c3c2)(C(=O)Nc2ccc(C=CC(=O)O)cc2)C1,-5.251811972993799
1543,CC1CCN(S(=O)(=O)c2cn(Cc3ccc(F)cc3)c3cnc4c(c23)CCN(O)C4=O)CC1,-6.1249387366083
1544,OCCn1cc(-c2cnc3nnn(Cc4ccc5ncccc5c4)c3n2)cn1,-5.064996848659758
1545,CCOC(=O)C(Cc1ccc(-c2c(C)n(C)c(=O)n(C)c2=O)cc1)NC(=O)c1c(C)cccc1Cl,-4.459670525209126
1546,C=Cc1cc(C(NC(=O)NC(C)(C)C)C(=O)Nc2cccc(C(=O)NS(=O)(=O)c3ccc(C(F)(F)F)cc3)c2)ccc1Oc1cc(OC)nc(-c2ccccc2)n1,-6.443697499174535
1547,CNC(=O)c1cc(Oc2ccc3oc(Nc4ccc(Oc5ccccc5)cc4)nc3c2)ccn1,-5.0
1548,N#Cc1ccc(Cn2cncc2CN2CCCN(C(=O)C34CC5CC(CC(C5)C3)C4)CC2)cc1,-4.540607512180577
1549,CCC1(O)CC2CN(CCc3c([nH]c4ccccc34)C(C(=O)OC)(c3cc4c(cc3OC)N(C)C3C(O)(C(=O)OC)C(OC(C)=O)C5(CC)C=CCN6CCC43C65)C2)C1,-5.545890064063005
1550,CC(C)C(C(=O)N(C)C(Cc1ccc(O)c(C(C)(C)C)c1)C(N)=O)N(C)C(=O)C(N)Cc1ccccc1,-5.636388020080892
1551,CC(C)CC(CCNC(=O)C(C)CCNC(=O)C(CCN)C(C)C)C(=O)O,-7.468521082957745
1552,COc1ccc(-c2c(C(=O)NC3CCN(Cc4ccccc4)CC3)noc2-c2cc(Cl)c(O)cc2O)cc1,-6.028724151196421
1553,COc1ccc(NC(=O)c2ccc(C[S+](C)[O-])c3ccccc23)c(C(=O)NCC2CCOCC2)n1,-4.455931955737293
1554,COc1ccc(CN(CCN(C)C)c2ccccn2)cc1,-4.6599998
1555,Cn1cncc1CN1CC(N(CC2CCN(C(=O)OCc3ccccc3)CC2)S(=O)(=O)c2ccccn2)Cc2cc(C#N)ccc21,-6.0
1556,CC[N+](C)(C)Cc1ccccc1Br,-5.997332747417323
1557,CC(C)Oc1cccc(-c2cnc(N3CCC(C(N)=O)CC3)s2)c1,-5.214670164989233
1558,C=CC1CC1(NC(=O)C1CC(Oc2cc(-c3csc(NC(C)C)n3)nc3c(Br)c(OC)ccc23)CN1C(=O)C(NC(=O)OC1CCCC1)C(C)(C)C)C(=O)O,-4.769551078621726
1559,c1ccc(Cc2ccncc2)cc1,-3.997299281554339
1560,Cc1nc(-n2cnn(Cc3ccc(F)cc3)c2=O)sc1C(=O)NCc1cccnc1,-4.657577319177793
1561,O=C(c1nnc(-c2ccc(OC(F)F)cc2)o1)N1CCC(Oc2ccc(CN3CCCC3)cc2)CC1,-4.301029995663981
1562,CCCC(=O)N1CCc2c(nc(C)n2C2CC3CCC(C2)N3CCC(NC(C)=O)c2cccc(F)c2)C1,-6.0
1563,CC(C)(C)C(O)C(=O)N1Cc2ccccc2C1C(=O)NCc1cc(Cl)ccc1-n1nnnn1,-5.045757490560675
1564,COc1c(C(=O)Nc2ccccc2)cc(N2CCC(=O)NC2=O)cc1C(C)(C)C,-5.853871964321762
1565,Cc1nc(NC(=O)CN2C(=O)OCC2C(C)C)sc1-c1ccc(N)cc1,-4.721246399047171
1566,COCCOc1cc(NC(=O)C2(NC(=O)c3ccc4c(C5CCCC5)c(-c5ncc(Cl)cn5)n(C)c4c3)CCC2)ccc1C=CC(=O)O,-4.769551078621726
1567,CCOc1ccc(Nc2c(C)c(NC3CCCNC3)nc3ccnn23)cc1,-4.548213564475709
1568,c1ccc(Cn2nnnc2C(c2ccc(-n3cncn3)cc2)N2CCCN(C3CCC3)CC2)cc1,-3.98296666070122
1569,CCC1(C)NC(=O)c2cc(S(=O)(=O)Nc3ccc(F)cc3F)cc(Cl)c2NC1=O,-4.455931955649724
1570,CC(C)(C)CC(O)C(=O)N1CC2CC2C1C(=O)NCc1cc(Cl)ccc1-n1cnnn1,-4.602059991245972
1571,Cn1c(CC(=O)N2CCc3ccccc32)nc(N2CCOCC2)cc1=O,-5.080921907623926
1572,CCCCCCC(NC(=O)C(Cc1ccccc1)NC(=O)C(Cc1c[nH]c2ccccc12)NC(=O)C1CCCN1C(=O)C(Cc1ccc(O)cc1)NC(=O)CCC(=O)NC1OC(CO)C(O)C(O)C1O)C(N)=O,-5.943095148747646
1573,Cc1nnc2n1-c1ccc(Cl)cc1C(c1ccccc1)=NC2,-4.0065331628691565
1574,CN(C)CCC(Oc1ccc(NC(=O)c2ccc(Cl)c(Cl)c2)cc1)c1ccccc1,-4.9469215566374345
1575,CS(=O)(=O)N1CCc2cc(S(=O)(=O)c3ccc4c(c3)OCCO4)ccc21,-4.425968732272281
1576,CCN(C(=O)CO)C1CN(C(=Nc2cccc(OC)c2)NC#N)N=C1c1ccc(Cl)c(Cl)c1,-5.2076083105017466
1577,CCc1oc(O)c(Cc2c(O)c(CC=C(C)C)c(O)c(C(C)=O)c2O)c(=O)c1C,-4.71
1578,CC(C)CC(NC(=O)C(Cc1ccccc1)NC(=O)CNC(=O)CNC(=O)C(N)Cc1ccc(O)cc1)C(=O)O,-6.508638306165727
1579,N#Cc1c(-c2cccs2)no[n+]1[O-],-5.5951662833800615
1580,Cc1cc(COc2ccc(NC(=O)C3CCN(C(=O)OC4CC4)CC3C(=O)NO)cc2)c2ccccc2n1,-6.698970004168009
1581,Cn1c(N2CCCC2)cc(OCc2cc(F)c(Oc3ccc(Cl)c(C(F)(F)F)c3)c(F)c2)nc1=O,-7.096910013008056
1582,CNCCCN1c2ccccc2CCc2ccccc21,-4.646142224191194
1583,CC(C)C(NC(=O)c1ccc(C(=O)N2CCOCC2)cc1)C(=O)N1CCCC1C(=O)NC(C(=O)C(F)(F)C(F)(F)F)C(C)C,-5.098068753252015
1584,CS(=O)(=O)Nc1cccc(-c2c(O)ccc3cc(-c4cccc(O)c4)ccc23)c1,-4.721246399047171
1585,CC1C=C2C(=O)OC3CCC(C1)C23O,-4.18111458540599
1586,O=C(C=Cc1ccc(O)c(O)c1)OC1CC(O)(C(=O)O)CC(OC(=O)C=Cc2ccc(O)c(O)c2)C1O,-6.537602002050522
1587,COc1cccc(-c2cccc(C3(C)CSCC(N)=N3)c2)c1,-5.136677139909658
1588,CC1Cn2c(nnc2C(C)(C)C)CN1C(=O)c1cccc(C(F)(F)c2nnc(O)c3ccccc23)c1,-5.2076083107508735
1589,Cc1cn(C2C=CC(CO)O2)c(=O)nc1N,-5.3467875
1590,CN1CCC(c2cn(-c3ccc(F)cc3)c3ccc(-c4cncnc4)cc23)CC1,-4.886056647769872
1591,CC(Nc1cc(F)ccc1F)c1cc(C(=O)N(C)C)cc2c(=O)cc(N3CCOCC3)oc12,-4.920818753952375
1592,CNC(=O)C(Cc1ccc2ccccc2c1)N1CCN(C(=O)C(N)Cc2ccc(F)cc2)C(CCNC(=N)N)C1=O,-6.477142970746714
1593,c1ccc(CC2(c3ccc4[nH]ccc4c3)CCNC2)cc1,-4.736798050171082
1594,CC(C)CC1NC(=O)C(Cc2ccccc2)NC(=O)C(CC(=O)O)NC(=O)CNC(=O)C(CCCN=C(N)N)NC(=O)CNC1=O,-7.522878745140169
1595,COCCCn1c(=O)nc(-c2ccc(N3CCN(CCOC)CC3)nc2)c2oc3ccc(Cl)cc3c21,-4.920818753952375
1596,COc1ccc(-n2nc(C(N)=O)c3c2C(=O)N(c2ccc(N(C)C(C)=O)cc2)CC3)cc1,-5.6020599913279625
1597,O=C(O)c1ccc(Nc2ncc3c(n2)-c2ccc(Cl)cc2C(c2c(F)cccc2F)=NC3)cc1,-4.267606240177032
1598,CN1CCC(n2cc(-c3cnc4[nH]cc(C(=O)c5ccc(CO)cc5Cl)c4c3)cn2)CC1,-6.795880017344075
1599,Cn1cncc1CN(CCN(Cc1ccccc1)S(=O)(=O)c1ccccn1)c1ccc(C#N)cc1,-5.551953988246668
1600,CCCN(CC1CC1)c1cc(C(=O)Nc2ccc3[nH]ncc3c2)ncn1,-5.07058107421428
1601,CC(C)NS(=O)(=O)n1c(N)nc2ccc(C(C(N)=O)c3cc(F)ccc3F)cc21,-4.538501025525261
1602,Nc1ncnc2c1C(=O)N(c1ccc(-c3ccccc3)cc1)CCO2,-5.0
1603,C=CC(=O)Nc1ccc(S(=O)(=O)N2CCN(C(=O)C3CC3)CC2)cn1,-5.9586073148813306
1604,CC(NC(=O)C(=O)Nc1ccccc1C(C)(C)C)C(=O)NC(CC(=O)O)C(=O)COc1c(F)c(F)cc(F)c1F,-6.301029995663981
1605,Cc1nc2ccccc2n1C,-5.044312249686494
1606,CCOC(=O)NC1CCC2C(C1)CC1C(=O)OC(C)C1C2C=Cc1ccc(-c2ccccn2)cn1,-4.548213564475709
1607,Nc1ncnc2c1c(-c1cccc(OCC34CCC(CC3)O4)c1)cn2C1CC(CO)C1,-4.920818753952375
1608,COc1cc2c(cc1OC)CN(Cc1cccc(-c3ccccc3)c1)CC2,-4.521433504304618
1609,O=C(CNC(=O)c1ccc(N2CCN(C(=O)c3ccccc3C(F)(F)F)CC2)nn1)c1ccccc1,-4.657577319133345
1610,Cc1c(O)c2c(c(C)c1CCO)C(=O)C(C)(C)C2,-4.75965688792935
1611,Cc1cnc(NCCc2ccc(C(F)(F)F)cc2)c(=O)n1CC(=O)NCCONC(=N)N,-6.130768280269024
1612,NC(Cc1c[nH]c2ccccc12)C(=O)O,-5.3899999
1613,COc1ccccc1C(=O)C=Cc1ccccc1C(F)(F)F,-4.7594507517174005
1614,CC(C)N1CCN(C(=O)c2ccc(CN3CCCCC3)cc2)CC1,-4.886519703326328
1615,Cn1nc(C(N)=O)c2c1-c1nc(Nc3ccccc3)ncc1CC2,-4.234331445240986
1616,Cc1ccc(F)cc1Oc1c(C(=O)N2CCNCC2)c2ccnc(Cc3ccccc3)c2n1-c1ccccc1,-5.4089353929735005
1617,COc1ccc(C(=CC(N)=O)c2ccc3nc(N)n(S(=O)(=O)C(C)C)c3c2)cc1F,-4.48
1618,O=C(O)Cn1cc(-c2cnc3nnn(Cc4ccc5ncccc5c4)c3n2)cn1,-8.522878745280337
1619,O=c1c(O)c(-c2ccc(O)cc2)oc2cc(O)cc(O)c12,-4.9899998
1620,O=C(NC1CCN(C(=O)CCc2ccc(F)nc2)CC1)C(c1ccccc1)C1CCCCC1,-4.721246399047171
1621,c1ccc(-c2cccnc2)cc1,-3.8875354619232905
1622,O=C(O)Cc1ccc(Cn2cnc3ccccc32)cc1,-5.580044251510242
1623,CC(=O)Nc1cn2cc(-c3cnc(N)c(C(F)(F)F)c3)ccc2n1,-4.397940008754028
1624,CCC(=O)Nc1ccc(OCC(O)CNC(C)C)cc1,-5.219801796964963
1625,C=CC1CC1(NC(=O)C1CC(Oc2cc(OCC)nc3c(Cl)cccc23)CN1C(=O)C(CC(=O)Nc1ccccc1)C(C)(C)C)C(=O)NS(=O)(=O)C1CC1,-5.4089353929735005
1626,CCCC1N(C(=O)c2cnccc2C(F)(F)F)CCCC1(Oc1ccc(C(F)(F)F)cc1)C(=O)N1CCN(c2ccccc2OCCO)CC1,-5.00436480540245
1627,CN(C(=O)C(Cc1ccc(C(=N)N)cc1)NS(=O)(=O)c1ccc2ccccc2c1)C1CCCC1,-6.6989698
1628,NC(=O)n1nc(NCC(=O)NC2CN(C3CCC(c4ccc5c(c4)OCO5)CC3)C2)c2cc(C(F)(F)F)ccc21,-6.823908740944319
1629,Cc1ccc2c(NC3CC3)noc2c1-c1ccc2c(c1)NC(=O)C21CCC(F)(F)CC1,-5.0
1630,Cc1cnc(NCCc2ccc(F)c(F)c2)c(=O)n1CC(=O)NCCONC(=N)N,-6.036212172654444
1631,CCN(C(=O)CO)C1CN(C(=Nc2cccc(OC(F)F)c2)NC#N)N=C1c1ccc(Cl)c(C)c1,-5.481486060122113
1632,CC(C)(C)c1ccc(Nc2nnc(-c3cccnc3CCc3ccncc3)o2)cc1,-5.056348876217725
1633,CN(C)CCOc1cnc2nnn(Cc3ccc4ncccc4c3)c2n1,-4.586700235939061
1634,CNCC(=O)NC(c1cccc(F)c1N1CCN(C(=O)C(C)Cc2ccc(Cl)cc2OC)CC1)C(C)C,-5.698970004336019
1635,CC#CCn1c(N2CCCC(N)C2)c(C#N)c2ncn(Cc3ccnc4ccccc34)c(=O)c21,-5.920818753952375
1636,CC1OC(c2ccc(N(O)O)cc2)OCC1N,-4.888569400000001
1637,O=C(OCc1ccccc1)c1cn(C2CC2)c2cc(N3CCNCC3)c(F)cc2c1=O,-5.192464971931146
1638,CC(=Cc1cc(F)c(OCCCF)cc1F)C(=O)NC1C(O)C(O)C2OCOC2C1OCc1ccccc1C#N,-5.6020599913279625
1639,O=C(O)c1cn(Cc2ccc3ccccc3c2)c2cccc(F)c2c1=O,-4.638272163982407
1640,CC(C)CC1NC(=O)CNC(=O)C2CCCN2C(=O)C(Cc2ccc(O)cc2)NC(=O)C(Cc2ccccc2)NC(=O)C2CCCN2C1=O,-6.958607314841775
1641,Cc1ccc2cc(C(=O)NC3(C(=O)NC(Cc4ccccc4)C(=O)NCC4CCN(CC5CCOCC5)CC4)CCCC3)sc2c1,-5.291721118300688
1642,COc1cc2c(cc1OC)C13CCN4CC5=CCOC6CC(=O)N2C1C6C5CC43,-4.778302532213104
1643,CCN1C(=O)CNc2ncc(-c3ccc(-c4nc[nH]n4)nc3C)nc21,-4.517126416391246
1644,CCOC(=O)CNC(CCc1ccccn1)C(=O)N1CCCC1C(=O)NCc1cc(Cl)ccc1CN,-5.619788758288394
1645,CCOc1ccc(C(C)Nc2nc(N3CCN(C(C)=O)CC3)nc3c2CN(C(C)C)C3=O)cc1,-5.619788758288394
1646,COc1ncnc(Cn2cc(C(=O)NCCF)c3ncc(C)cc32)c1C,-4.481486060122112
1647,O=C(O)c1ccc(Cc2ncccn2)cc1,-5.268587748805893
1648,O=C(O)C(Cc1ccccc1)NC(=O)C1CCCN1,-5.640164517660112
1649,CC12CCC(=O)C=C1CCC1C2CCC2(C)C(O)CCC12,-4.274201041739878
1650,OC1CCN(c2cnc3nnn(Cc4ccc5ncccc5c4)c3n2)C1,-4.617982957318849
1651,O=C1C2=Nc3ccccc3CN2c2ccc(Cl)cc21,-4.216096420727265
1652,Nc1ccc(-c2cnc(NC(=O)CN(Cc3ccccc3)C(=O)c3ccncc3)s2)cn1,-5.638272163982407
1653,CCC(C)CCN1C(=O)C(O)(c2ccc3c(c2)OCO3)c2ccccc21,-4.978810700930062
1654,CC(C)n1c(C=CC(O)CC(O)CC(=O)O)c(-c2ccc(F)cc2)c2ccccc21,-5.427127982966011
1655,CN(C)Cc1cnccc1-c1ccc(-c2ccc3c(C(N)=O)nn(-c4ccc5onc(N)c5c4)c3c2F)c(F)c1,-5.1745738821741325
1656,Cc1ccc(NS(C)(=O)=O)c(C(=O)N2CCCCC2c2cc3nc(C)c(C)cn3n2)c1,-4.376750709602099
1657,NC(=O)C1CCN(c2nnc(-c3ccc4c(c3)OCCCO4)s2)CC1,-4.673664139053436
1658,CSc1ccc(-c2cnc(N3CCC(C(N)=O)CC3)s2)cc1,-5.795880017344075
1659,O=C(Nc1ccc(C(F)(F)F)c(Cl)c1)c1ccnn1CCc1ccncc1,-5.33896593811941
1660,c1ccc(C2(N3CCCCC3)CCCCC2)cc1,-4.496790547478719
1661,COCCC(CC1(C(=O)NC2CC2c2ccc(OC)cc2)CCCC1)C(=O)O,-5.154901959989307
1662,Cc1cnc(C(=O)NCCc2ccc(S(=O)(=O)NC(=O)NC3CCCCC3)cc2)cn1,-4.845462037404089
1663,O=C(O)c1ccc(Cn2nnc(-c3ccnc(C(=O)NCc4cccc(F)c4)c3)n2)cc1,-4.991399828238082
1664,CC(C)(C)C(O)C(=O)N1N=CCC1C(=O)NCc1cc(Cl)ccc1-n1cnnn1,-4.823908740944319
1665,O=C1COCCN1c1ccc(COC2COc3nc([N+](=O)[O-])cn3C2)cc1,-4.397072287105608
1666,Cc1cc(Cc2ccc(C(=O)NC3CN(C)CC3C(=O)NO)cc2)c2ccccc2n1,-6.522878745280337
1667,Cc1cc[n+]([O-])c(C)c1C(=O)N1CC2CN(CCC(NC(=O)C3CCCC3)c3ccccc3)CC2C1,-7.0
1668,C=C1CCC=C(C(=O)O)CC(O)C2C1CC2(C)C,-5.359021942641668
1669,O=C(CCCN1CCC(=C(c2ccc(F)cc2)c2ccc(F)cc2)CC1)N1CCCC1,-5.0599999
1670,Cc1cc(COc2ccc(C(=O)NC3CCOCC3C(=O)NO)cc2)c2ccccc2n1,-5.638272163982407
1671,CC(C)(N)C(=O)N1CCn2c(nc(-c3ccc(F)cc3)c2Nc2ccc(Cl)c(F)c2)C1,-6.075720713938118
1672,CC(C)c1ccc(C(C)CC(=O)NC2OC(CO)C(O)C(O)C2O)cc1,-5.104025267640935
1673,CCN1CC(C)(C)OC(=O)C1CC(=O)Nc1ccc(C(C)C)cc1,-4.187086643357144
1674,O=C(NCc1cc(Cl)ccc1-n1cnnn1)C1C2CC2CN1C(=O)C(O)c1ccccc1,-5.289198036548813
1675,COCCCn1c(=O)nc(-c2ccc(N3CCN(C4CC4)CC3)cc2)c2oc3ccc(Cl)cc3c21,-5.050609993355088
1676,C#CC1(O)C=CC2C3CCC4=CC(=O)CCC4C3CCC21CC,-4.6736641
1677,N=C(N)c1cccc(-n2nc(C(F)(F)F)cc2C(=O)Nc2ncc(-c3ccccc3S(N)(=O)=O)cn2)c1,-7.0
1678,COC(C)(C)C(O)C(=O)N1C(C(=O)NCc2cc(Cl)ccc2-n2cnnn2)CC2CC21,-4.795880017258057
1679,COc1cc(-c2cc(=O)c3c(O)cc(O)cc3o2)cc(OC)c1OC,-5.0999999
1680,CCC1(C)NC(=O)c2cc(S(=O)(=O)N(C)c3ccccc3)ccc2NC1=O,-4.443697499174534
1681,N=C(N)NCCCC(NC(=O)c1ccc(C(c2ccccc2)c2ccccc2)o1)C(=O)O,-6.3979400086720375
1682,Cc1cc(NC(=O)c2c(NCc3ccncc3)cnn2C)ccc1C(F)(F)F,-5.258310136311971
1683,Cc1cc(OCc2nnc(SC3CCCC3)n2-c2cccnc2)ccc1-c1ccc(S(C)(=O)=O)cc1,-4.665546248849069
1684,CNC(=O)c1cc(Oc2ccc3oc(Nc4ccccc4F)nc3c2)ccn1,-5.0
1685,O=C(N1CCC(c2cc(F)ccc2F)(S(=O)(=O)c2ccc(Cl)cc2)CC1)C1(C(F)(F)F)CC1,-4.428291168191312
1686,CCC1CC(n2c(=O)nc(-c3cnn(C)c3)c3oc4ccc(-c5cn(C)cn5)nc4c32)CCO1,-4.721246399047171
1687,O=C(c1nnc(-c2ccc(Cl)cc2)o1)N1CCC(Oc2ccc(CN3CCCC3)cc2)CC1,-4.366531544420414
1688,Cc1[nH]n(-c2ccccn2)c(=O)c1-c1ccc([N+](=O)[O-])cc1,-5.455931955649724
1689,CN(C)C(=O)Cn1cc(-c2nc(C(C)(c3ccc(-c4cnc(N)nc4)cc3)C3CC3)no2)cn1,-4.468521082957745
1690,O=C1CC(c2ccc(CC(Nc3nc4cc(Br)ccc4s3)c3nc4ccccc4[nH]3)cc2)S(=O)(=O)N1,-5.886056647693163
1691,N#Cc1cccnc1N1CCN(C(=O)c2cccc(C(F)(F)c3nnc(O)c4ccccc34)c2)CC1,-5.301029995831991
1692,CC12CCC(=O)C=C1CCC1C2C(O)CC2(C)C(C(=O)CO)CCC12,-4.389690307945596
1693,CS(=O)(=O)N(CCN1CCOCC1)c1ccc(Nc2ncc3cnn(C4CCCCCC4)c3n2)cc1,-4.576754126063192
1694,CC(C)CCC(O)C(C)(O)C1CCC2(O)C3=CC(=O)C4(O)CC(O)C(O)CC4(C)C3C(O)CC12C,-4.9000001
1695,CC=C(C)C(=O)NC(c1ccccc1)C(O)C(=O)OC1CC2(O)C(OC(=O)c3cccc(N=[N+]=[N-])c3)C3C4(OC(C)=O)COC4CC(OC(=O)CC(F)(F)F)C3(C)C(=O)C(O)C(=C1C)C2(C)C,-3.5228787452803374
1696,COC(CCC(C)(C)O)C(C)(O)C1CCC2(O)C3=CC(=O)C4CC(O)C(O)CC4(C)C3CCC12C,-4.79
1697,CCCCCCCCCC(=O)Nc1ccc(S(=O)(=O)Nc2nncs2)cc1,-5.46
1698,Cc1cn2nc(C3CCCCN3C(=O)c3cc(Cl)ccc3NS(C)(=O)=O)cc2nc1N1CCC(O)C1,-4.502401854201411
1699,O=C(Nc1n[nH]c2ccc(Cc3cc(F)cc(F)c3)cc12)c1ccc(CN2CCCCC2)cc1NC1CCOCC1,-5.9586073148813306
1700,COc1ccc(-c2cnc(N3CCN(C(=O)NC4C5CC6CC4CC(C(N)=O)(C6)C5)c4ccccc43)nc2)cc1,-4.739928612014925
1701,CN1CCN(CC(NC(=O)CC2CNC(=O)c3cc(-c4ccnc(F)c4)cn32)C2CCCCC2)CC1,-6.481486060122113
1702,O=C(C1CCOCC1)N1CCCN(c2nc(-c3ccccc3)ns2)CC1,-4.173925197299173
1703,CC(C)C1=NC(c2ccccc2)(c2cccc(-c3cncnc3)c2)N=C1N,-4.522878745210253
1704,O=[N+]([O-])c1ncn(CC(O)(Cn2cncn2)c2ccc(-c3ccccc3)cc2)n1,-4.782516055786093
1705,COc1ccnc2[nH]cc(C(=O)C(=O)N3CCN(C(=O)c4ccccc4)CC3C)c12,-5.292429823902063
1706,CC1CCCN1CCCOc1ccc(-c2cnn(-c3ccccn3)c(=O)c2)cc1,-4.863279432882695
1707,CCC1(C)NC(=O)c2cc(S(=O)(=O)Nc3ccccc3Cl)ccc2NC1=O,-5.193820026012085
1708,CC(C)CCn1nc(-c2cccs2)c(O)c(C2=Nc3ccc(NS(C)(=O)=O)cc3S(=O)(=O)N2)c1=O,-7.673664139071248
1709,CN1CCN(c2cc3c(-c4cccc(N5CCNCC5)n4)n[nH]c3cn2)CC1=O,-4.414539270491499
1710,Cn1c(-c2cncnc2)c(C2CCCCC2)c2ccc(C(=O)NC(C)(C)C(=O)Nc3ccc(C=CC(=O)O)cc3)cc21,-5.481486060122113
1711,CC(=S)NCC1CN(c2ccc(N3CCC[S+]([O-])CC3)c(F)c2)C(=O)O1,-5.3386211
1712,CC(=O)Nc1ccc(O)cc1OCC(O)CN1CCC2(CC1)Cc1cc(F)ccc1O2,-5.180456064458132
1713,CC(C)n1c(=O)c(C(=O)NC2CC3CCC(C2)N3CCCCCCCN2CCCC2C(N)=O)cc2ccccc21,-5.045757490560675
1714,NS(=O)(=O)c1ccc(Cl)cc1,-4.2620125
1715,Cc1nc(-n2cnn(Cc3ccc(C(F)(F)F)cc3)c2=O)sc1C(=O)NCc1ccccn1,-4.585026652029182
1716,CCOP(=O)(OCC)N1CC(=Cc2ccc(OC)c(OC)c2)C(=O)C(=Cc2ccc(OC)c(OC)c2)C1,-4.262012673666569
1717,O=C(COc1ccccc1)Nc1ccc2ncn(Cc3ccc(Cl)c(Cl)c3)c(=O)c2c1,-5.823908740944319
1718,O=C(CC1CNC(=O)c2cc(-c3cccc(F)c3)cn21)NC(CO)Cc1ccccc1,-5.886056647693163
1719,CNC(=O)c1ncc(F)c2c(C(=O)C(=O)N3CCN(C(=O)c4ccccc4)CC3)c[nH]c12,-4.906578314837765
1720,Nc1nc(=O)c2c([nH]1)NCC(CNc1ccc(C(=O)NC(CCC(=O)O)C(=O)O)cc1)N2C=O,-7.522038927986751
1721,COc1ccc(-c2cc(=O)c3c(O)cc(OC4OC(CO)C(O)C(O)C4O)cc3o2)cc1O,-6.920511963488094
1722,COc1ccc(NC(=O)Nc2ccc(OC(CCN(C)C)c3ccccc3)cc2)cc1Cl,-5.1249387366083
1723,NS(=O)(=O)c1ccc(-n2cc(C3C(O)CC(O)C3CC=CCCCC(=O)O)nn2)cc1,-5.481486060122113
1724,CC12CCC(NS(N)(=O)=O)CC1CCC1C2CCC2(C)C(C(=O)CO)CCC12,-4.882728704344236
1725,CC(C)n1c(=O)c(C(=O)NC2CC3CCC(C2)N3CC(O)CN(C)C(=O)N(C)C)cc2ccccc21,-4.481486060122112
1726,COc1ccc(-n2nc(C(N)=O)c3c2C(=O)N(c2ccc(-c4ccccc4CN(CCO)CCO)cc2)CC3)cc1,-6.045757490670506
1727,C=CC1CC1(NC(=O)C1CC(OC)(c2ccc(-c3nccs3)nc2)CN1C(=O)C(NC(=O)OC1CCCC1)C(C)(C)C)C(=O)NS(=O)(=O)C1CC1,-5.537602002101044
1728,CC(C)c1cccc(C(C)C)c1O,-4.7700104
1729,O=C(NC(Cc1ccc(F)c(Br)c1)C(=O)O)c1cc(Cl)c(Cl)cc1NS(=O)(=O)c1cccc2nsnc12,-7.698970004252014
1730,CCCCCn1cc2c(=O)n(CC34CC5CC(CC(C5)C3)C4)nc-2c2ccccc21,-6.096910013008056
1731,CC(C)=CCn1c(N2CCCC(N)C2)c(C#N)c2ncn(Cc3nc(C)c4ccccc4n3)c(=O)c21,-5.721246399047171
1732,Cc1cccc2c1CCN2C(=O)Cc1nc(N2CCOCC2)cc(=O)[nH]1,-5.130768280269024
1733,O=C(O)Cc1ccc(Cn2ccnc2)cc1,-6.1487416512809245
1734,COc1cc(C(=O)C=Cc2ccc(F)cc2)cc(OC)c1OC,-4.982966660701219
1735,Cn1c(N2CCN(CCCN3c4ccccc4Sc4ccc(CCC(=O)O)cc43)CC2)cc(=O)n(C)c1=O,-5.290911183963273
1736,C=C1NC(N)=Nc2c1ncn2COCCOC(=O)C(C)N,-5.6900001
1737,O=C(OC1CC(n2cc(F)c(=O)[nH]c2=O)OC1CO)C(Cl)Cl,-5.696587929302443
1738,Cc1[nH]c2cc(C3CCCCN3C(=O)c3cc(Cl)ccc3NS(C)(=O)=O)nn2c(=O)c1C,-6.537602002101044
1739,COc1ccc(-c2nc(OC3CC4C(=O)NC5(C(=O)NS(=O)(=O)C6CC6)CC5C=CCCCCN(C)C(=O)N4C3)c3ccc(OC)c(C)c3n2)cc1,-4.481486060122112
1740,COCCCn1c(=O)nc(-c2ccc(N3CCN(CCOC)CC3)cc2)c2oc3ccc(Cl)cc3c21,-5.096910013008056
1741,CCCCC(=O)N(Cc1ccc(-c2ccccc2-c2nn[nH]n2)cc1)C(C(=O)O)C(C)C,-6.277126002348184
1742,CCOc1ncc(S(=O)(=O)N2CCN(CC)CC2)cc1-c1nc2c(CC)n(CCN3CCOCC3)nc2c(=O)[nH]1,-5.6020599913279625
1743,FC1CNCCC1n1cc(-c2ccc3c(c2)Cc2c[nH]nc2-3)c(-c2ccncc2)n1,-4.94462166871875
1744,COc1cnc2ccc(=O)n(CCN3CCC(NC(=O)c4cnc(C)c(C#N)c4)CC3)c2c1,-5.376750709701574
1745,OCCOCCN1CCN(C(c2ccccc2)c2ccc(Cl)cc2)CC1,-5.6270881
1746,COC(=O)c1ccc2[nH]c(C(F)(F)F)nc2c1,-4.485585079314724
1747,O=C1CCCCN1c1ccc(COC2COc3nc([N+](=O)[O-])cn3C2)cc1F,-4.334794371674049
1748,O=C(O)CC1CCC(c2ccc(-c3ccc4c(c3)CCN4C(=O)Nc3ccccc3)cc2)CC1,-4.769551078621726
1749,CC=C(C)C(=O)OC1C(OC(C)=O)c2c(ccc3ccc(=O)oc23)OC1(C)C,-4.579999900000001
1750,CCc1nc(N)nc(N)c1-c1ccc2c(c1)N(CCNC(=O)CO)C(=O)C(C)(c1cc(F)cc(F)c1)O2,-5.823908740944319
1751,O=C(O)Cc1ccc(Cn2cccn2)cc1,-5.539501192108201
1752,COc1ccc(-c2c(C=CC(=O)N3CCN(c4ncccn4)CC3)noc2-c2cc(Cl)c(O)cc2O)cc1,-5.161150909197058
1753,O=C1CC(c2ccc(CC(Nc3nc4c(C(F)(F)F)cccc4s3)c3nc4ccccc4[nH]3)cc2)S(=O)(=O)N1,-7.0
1754,O=C1CC(c2ccc(CC(NS(=O)(=O)c3ccccc3)c3nc4ccccc4[nH]3)cc2F)S(=O)([O-])=N1,-6.521439099999999
1755,CC(Cc1cccc(CC(=O)NCc2cc(C(F)(F)F)ccc2F)c1)NCC(O)c1ccc(O)c(CO)c1,-5.698970004252014
1756,COc1cc(N)c(Cl)cc1C(=O)NC1CCN(CCCOc2ccc(F)cc2)CC1OC,-4.677507021917787
1757,Cc1cnc(NCCc2ccc(C(F)(F)F)cc2)c(=O)n1CC(=O)NCCON=C(N)N,-6.130768280134512
1758,Cn1cnc(NCc2ccncc2)c1C(=O)Nc1ccc(C(C)(C)C)cc1,-5.122053048370812
1759,CS(=O)(=O)Nc1ccc2c(c1)S(=O)(=O)NC(C1=C(O)C3C4CCC(C4)C3N(Cc3ccc(F)cc3)C1=O)=N2,-5.716959755094949
1760,CN(C)c1cc(OCc2cc(F)c(Oc3ccc(Cl)c(C(F)(F)F)c3)c(F)c2)nc(=O)n1C,-6.187086643357144
1761,NC(N)=NC(=O)c1nc(Cl)c(N)nc1N,-5.653401359290143
1762,Cc1c(-c2ccc(CC(NC(=O)c3c(F)cccc3F)C(=O)O)cc2)c(=O)n(C)c(=O)n1C,-6.113509274870639
1763,NC(=O)c1nc(-c2ccc(C(F)(F)F)cc2)oc1N,-4.723538195826756
1764,COCCn1c(COc2ccc(F)cc2)c2c(=O)n(CCN3CCOCC3)[nH]c2cc1=O,-5.853871964241321
1765,Cc1nc(-n2cnn(Cc3ccc(C(F)(F)F)cc3)c2=O)sc1C(=O)NCc1cccnc1,-4.823908740944319
1766,Cn1c(Cc2nc(O)cc(N3CCOCC3)n2)nc2cc(F)ccc21,-5.508638306082863
1767,NC(=O)c1cc(N=Nc2ccc(S(=O)(=O)Nc3ccccn3)cc2)ccc1O,-5.7088718
1768,Cc1cc[n+]([O-])c(C)c1C(=O)N1CCC(C)(N2CCC(N(c3ccccc3)c3cccnc3)CC2)CC1,-6.176080401856485
1769,O=c1ncn(Cc2c(F)cc(F)cc2F)c2ccc(Oc3ncccc3C(F)(F)F)cc12,-4.920818753952375
1770,CC1=[C+]N(C2CC(N=[N+]=[N-])C(CO)O2)C(=O)NC1=O,-5.1850867
1771,C[N+](C)(C)CCO,-4.9521427
1772,CC(=O)Nc1cccc(C(C)=NNC(=O)c2ccc(CN(Cc3ccccc3)S(=O)(=O)c3ccc(Cl)cc3)cc2)c1,-7.0
1773,COCCCOc1cc(C(=O)N(CC2CNCC2NC(=O)CCc2ccccc2)C(C)C)ccc1OC,-5.777221612769849
1774,CCC(CC)CC1(O)CCN(C(=O)Nc2cc(Oc3ccncc3)cc(Oc3ccc(F)cc3)c2)CC1,-5.221848749616356
1775,CN1CCC(NC(=O)c2ccc(Oc3ccc(C#CC4(O)CN5CCC4CC5)cc3)cc2)CC1,-6.522878745280337
1776,O=c1[nH]c2ccccc2n1CCCN1CCC(Nn2c(=O)[nH]c3cc(Cl)ccc32)CC1,-5.4202166
1777,COc1ccc(CC(=O)NC(=N)NC(CC2CCCCC2)C(=O)NCc2ccc(-c3nnn[nH]3)cc2)cc1OC,-6.6020599913279625
1778,CCCn1cc(-c2cc(C3C(=O)N(CC)c4ccc(C(F)(F)F)cc4N(c4ccccc4)C3=O)cc(OC)c2O)cn1,-5.00436480540245
1779,CCCCn1c2nc(C)ccc2c(=O)n1Cc1ccc(-c2ccccc2-c2nn[nH]n2)cc1,-5.060480747381382
1780,C=Cc1cc(C(NC(=O)OC(C)(C)C)C(=O)Nc2cccc(C(=O)NS(=O)(=O)c3ccc(C(F)(F)F)cc3)c2)ccc1Oc1cc(OC)nc(-c2ccccc2)n1,-6.0
1781,CN1c2ccccc2C(=O)N2CCc3c([nH]c4ccccc34)C21,-4.632820003777275
1782,Cc1c(F)c(N2CCNC(C)C2)cc2c1C(=O)C(C(=O)O)CN2C1CC1,-4.982549217622367
1783,COCCCOc1cc(C(=O)N(CC2CNCC2NCc2ccc3ccccc3c2)C(C)C)ccc1OC,-6.853871964321762
1784,CC1Cc2c(Cl)cccc2N1C(=O)Cc1nc(N2CCOCC2)sc1C(=O)O,-6.045757490670506
1785,CC(C)NC(=O)N1CCC(CN(C2Cc3cc(C#N)ccc3N(Cc3cncn3C)C2)S(=O)(=O)c2ccccn2)CC1,-6.221848749616356
1786,CCOC(=O)c1cc(C#N)c(N2CCC(C(=O)NS(=O)(=O)Cc3ccc(C(C)C)cc3)CC2)nc1C,-4.3979400086720375
1787,COc1cc(C(=O)N2CCC(CCN3CCC(C(N)=O)(c4ccccc4)CC3)(c3ccc(Cl)c(Cl)c3)C2)cc(OC)c1OC,-5.383143973915995
1788,O=C(NCc1cc(Cl)ccc1-n1cnnn1)C1CC2CC2N1C(=O)C(O)Cn1cccn1,-6.346787486224656
1789,Cc1cc(CC(=O)O)n(C)c1C(=O)c1ccc(Cl)cc1,-4.6100001
1790,Fc1ccc(CNc2cccc3[nH]c(C(F)(F)F)nc23)cc1,-5.823908740944319
1791,COc1ccccc1N1CCN(c2ncnc3c2cnn3-c2ccccc2F)CC1,-4.756961951235279
1792,Cc1ccc(-c2ccc(C(=O)NC3(C(=O)NC(Cc4ccccc4)C(=O)NCC4CCN(CC5CCOCC5)CC4)CCCC3)cc2)cc1,-4.920818753952375
1793,CC(c1ccccn1)c1c(CCN(C)C)sc2ccccc12,-4.663540266075735
1794,O=C(Nc1ccc2ncn(Cc3ccc(Cl)c(Cl)c3)c(=O)c2c1)OCc1ccccc1,-5.769551078621726
1795,COC(=O)NC(C(=O)N1CC(C)CC1c1nc(-c2ccc(-c3ccc(-c4ccc5[nH]c(C6CC(C)CN6C(=O)C(NC(=O)OC)C(C)C)nc5c4)cc3)cc2)c[nH]1)C(C)C,-5.3872161432802645
1796,COc1cc(Nc2nc3n(n2)C(c2ccccc2)CCN3CC(C)(C)O)ccc1-n1cnc(C)c1,-4.455931955649724
1797,CCC1(O)C(=O)OCc2c1cc1n(c2=O)Cc2cc3c(N(O)O)cccc3nc2-1,-5.198543099999999
1798,COc1ccc2c(OC3CC4C(=O)NC5(C(=O)NS(=O)(=O)C6CC6)CC5C=CCCCCN(C)C(=O)C4C3)cc(-c3nc(C(C)C)cs3)nc2c1Cl,-5.237643252413899
1799,CC(C)(C)c1ccccc1Oc1ncccc1NC(=O)Nc1ccc(OC(F)(F)F)cc1,-5.6777807052660805
1800,O=c1n(Cc2nc3ccccc3n2CCCCO)c2cnccc2n1C1CC1,-4.8996294548824375
1801,CCOCCOCCN(c1c(Cl)c(Cl)cc2[nH]c(=O)c(=O)[nH]c12)S(C)(=O)=O,-6.013228265733755
1802,COc1ccc(-c2nnc(C(=O)N3CC(Oc4ccc(CN(C)C)c(F)c4)C3)o2)cc1,-4.207608310501746
1803,CC1NC(=O)C2CCCN2C(=O)C(CCCN=C(N)N)NC(=O)C(CCCCN)NC(=O)C(CCCCN)NC1=O,-6.192464971965573
1804,O=C(Nc1ccc(-c2ccncn2)c(-c2ccco2)n1)C1CC1,-4.346787486224656
1805,O=C(CCC1=CCN(Cc2ccc(F)cc2)C1=O)NO,-5.107905397232139
1806,O=C(Nc1nc(Cc2cc(F)cc(F)c2)no1)c1ccc(OC2CCC(C(=O)O)CC2)cc1,-6.045757490560675
1807,O=C(C(=O)N1CCN(C(=O)c2ccccc2)CC1)c1c[nH]c2c(-c3nnc[nH]3)ccc(F)c12,-5.721246399047171
1808,CC12CCC3c4ccc(O)cc4CCC3C1CCC2O,-4.740010474917702
1809,COc1ccc(-n2nc(C(N)=O)c3c2C(=O)N(c2ccc(-c4ccccc4CN4CCC(O)C4)cc2)CC3)cc1,-5.638272163982407
1810,CC(Nc1cc(F)cc(Cl)c1)c1cc(C(=O)N(C)C)cc2c(=O)cc(N3CCOCC3)oc12,-4.958607314841775
1811,Cc1cc(CN2C(=O)C(C3=NS(=O)(=O)c4cc(NS(C)(=O)=O)ccc4N3)=C(O)C3C4CCC(C4)C32)ccc1F,-5.3979400086720375
1812,COC(=O)Nc1ccccc1C(=O)N1CCCCC1c1cc2[nH]c(C)c(C)c(=O)n2n1,-6.638272163982407
1813,Nc1nc(-c2ccc(F)c3c(C(=O)C(=O)N4CCN(C(=O)c5ccccc5)CC4)c[nH]c23)no1,-5.161150909262744
1814,CCn1cc(C(=O)O)c(=O)c2cc(F)c(N3CCNC(C)C3)c(F)c21,-4.8000002
1815,Cc1ccc(N2CCN(C(=O)C(C)Cc3ccc(Cl)cc3C)CC2)c(C(NC(=O)CCN(C)C)C(C)C)c1,-4.797424854336018
1816,CC(=O)OC(C)OC(=O)C(Cc1ccc(-c2c(C(F)(F)F)cc(C)n(C)c2=O)cc1)NC(=O)c1c(Cl)cccc1Cl,-4.560667306127303
1817,CCOc1ccc(S(=O)(=O)N2CCN(C)CC2)cc1-c1nc2c(=O)n(C)c(=O)n(CC(C)CC)c2[nH]1,-4.462180904926726
1818,CC(C)(C)CCn1nc(C2=CCCC2)c(O)c(C2=NS(=O)(=O)c3cc(NS(C)(=O)=O)ccc3N2)c1=O,-7.522878745280337
1819,CCOC(=O)C(Cc1ccc(-c2c(C)n(C)c(=O)n(C)c2=O)cc1)NC(=O)c1c(Cl)cccc1Cl,-4.737548910202178
1820,Cc1ccnc2[nH]c(Cc3nc4ccc(C(N)=NO)cc4[nH]3)nc12,-6.699356101084005
1821,Cc1ccc(C(=O)NC2CC2)cc1-c1ccc2c(c1)NC(=O)C21CCCC1,-4.7447274948966935
1822,Cc1c2c(=O)n(-c3ccccc3)[nH]c2cc(=O)n1Cc1cccnc1,-4.101274818410507
1823,CCCCOc1cccc(C(=O)NC2(C(=O)NC(Cc3ccccc3)C(=O)NCC3CCN(CC4CCOCC4)CC3)CCCC2)c1,-5.356547323635359
1824,NC(N)=NCC1COc2ccccc2O1,-4.819679033498336
1825,CC1(C)Oc2ncnc(N)c2N=C1c1ccc(C2CCC(CC(=O)O)CC2)cc1,-5.0
1826,CNC(=O)C(Cc1ccccc1)NC(=O)C(CC(C)C)NC(C)=O,-5.337675097954784
1827,CCCCCCCCCCCCCCCCC(N)C(=O)NC(Cc1ccccc1)C(=O)NC(CSCNC(C)=O)C(=O)NC(C(=O)NC(Cc1c[nH]c2ccccc12)C(=O)NC(CCCCN)C(=O)NC(CSCNC(C)=O)C(=O)NC(C(N)=O)C(C)O)c1ccc(O)cc1,-5.743522793758324
1828,Cc1cccc(-c2c(C3CCCCC3)c3ccc(C(=O)NC(C)(C)C(=O)Nc4ccc(C=CC(=O)O)cc4)cc3n2C)n1,-5.161150909262744
1829,CCCCc1ccc(C(=O)NC2(C(=O)NC(Cc3ccccc3)C(=O)NCC3CCN(CC4CCOCC4)CC3)CCCC2)nc1,-4.754487332162618
1830,Clc1ccc(C2CN3CCN=C3c3ccccc32)cc1,-4.7199998
1831,CN(C)Cc1nccn1-c1ccc(-c2ccc3c(C(N)=O)nn(-c4ccc5onc(N)c5c4)c3c2F)c(F)c1,-5.692503962086787
1832,Cc1nc(C(C)C)n(C2CC3CCC(C2)N3CCC(NC(=O)C2CCC(F)(F)CC2)c2ccccc2)n1,-4.958607314841775
1833,COc1ccc(C(=O)NCc2cccc(C(=O)Nc3ccc(CN(C)C)cc3)c2)cc1Cl,-5.113509274827518
1834,C#Cc1cccc(Nc2ncnc3cc(OCCOC)c(OCCOC)cc23)c1,-4.429950829992872
1835,CCCCCCC(C)(C)c1ccc(C2CC(O)CCC2CCCO)c(O)c1,-5.2441251443275085
1836,CC(C)(C)CCn1c(=O)c(C2=CS(=O)(=O)c3cc(NS(C)(=O)=O)ccc3N2)c(O)c2cccn21,-6.522878745210253
1837,CC(=O)Nc1cccc(-c2ccc(Cc3ocnc3C(=O)NC(Cc3ccccc3)C(=O)O)cc2)c1,-5.259637310629317
1838,CN1C(=N)NC2(c3cc(-c4cccc(C#N)c4)cs3)CN(c3ncc(F)cn3)CC2C1=O,-4.82102305270683
1839,O=[N+]([O-])N=C1NCCN1Cc1ccc(Cl)nc1,-4.6677732
1840,NC(C(=O)NC1C(=O)N2C(C(=O)O)=C(Cl)CCC12)c1ccccc1,-7.099969940261414
1841,Cn1c(CC(=O)Nc2ccc(F)c(Cl)c2)nc(N2CCOCC2)cc1=O,-5.180456064458132
1842,CCOc1cc(CC(=O)NC(CC(C)C)c2ccccc2N2CCCCC2)ccc1C(=O)O,-4.6179829
1843,O=C(Cc1nc(O)cc(N2CCOCC2)n1)Nc1ccc(F)c(F)c1,-6.096910013004028
1844,O=C1Cc2cc(CCN3CCN(c4nsc5ccccc45)CC3)c(Cl)cc2N1,-4.990059187853534
1845,Cn1c(=O)c2[nH]cnc2n(C)c1=O,-4.36114744072175
1846,CCC(=O)NCC1CN(c2ccc(-c3nncs3)c(F)c2)C(=O)O1,-4.431123893983252
1847,CC1CC1(C(=O)NC1OC(CO)C(O)C(O)C1O)c1cccc2ccccc12,-4.838033383635925
1848,COc1ccc2c(NCC(C)(C)c3ccccc3)noc2c1,-5.443697499232713
1849,COc1ccc(-c2cnc(N3CCN(C(=O)NC4C5CC6CC4CC(O)(C6)C5)c4ccccc43)nc2)cc1,-4.605548319173784
1850,Oc1ncnc2c(-n3cc(CCN4CCC(c5ccc(F)cc5)CC4)cn3)nccc12,-4.843753809801328
1851,CCN(CCN(C)C)S(=O)(=O)c1ccc(-c2cnc(N)c(C(=O)Nc3cccnc3)n2)cc1,-4.9586073148813306
1852,Cc1c(-c2ccc(CC(NC(=O)c3c(Cl)cccc3Cl)C(=O)O)cc2)c(=O)n(C)c(=O)n1C,-5.876148359024686
1853,CC(C)NC(=O)C(C)(C)COc1nnc(-c2ccc(NC(=O)c3ccc4ccccc4c3)cc2)n1C,-5.055517327849831
1854,C=C1c2ccccc2C(=O)N(C)c2ccc(O)cc21,-4.230371820115447
1855,CCc1cc2[nH]c(=O)c(=O)[nH]c2c(N(CCCOC)S(C)(=O)=O)c1Cl,-8.0
1856,Cn1c(N2CCOCC2)cc(OCc2ccc(Oc3ccc(Cl)c(C(F)(F)F)c3)c(C#N)c2)nc1=O,-5.184422251756799
1857,COc1cccc(NC(=O)c2c(C)[nH]n(-c3ccccn3)c2=O)c1,-5.045757490560675
1858,CC(Cc1ccc(Cl)cc1)C(=O)N1CCN(c2c(F)cccc2C(NC(=O)CCN(C)C)C(C)C)CC1,-5.0
1859,COc1cnc2c(C(=O)NCCO)cn(Cc3ncnc(OC)c3C)c2c1,-4.958607314841775
1860,CC(C)S(=O)(=O)NC1Cc2ccc(Cn3cc(CO)c(C(F)(F)F)n3)cc2C1,-4.892790030352131
1861,Cn1c(C2=CCN(CCCN3c4ccccc4Sc4ccc(CC(=O)O)cc43)CC2)cc(=O)n(C)c1=O,-4.932724282440773
1862,CN(C)Cc1ccccc1-c1ccc(NC(=O)c2cc(C(F)(F)F)nn2-c2ccc3onc(N)c3c2)c(F)c1,-5.376750709602099
1863,O=C1C(=Cc2ccc(Cl)cc2)CN(C(=O)c2ccc(OCCN3CCOCC3)cc2)CC1=Cc1ccc(Cl)cc1,-5.920818753952375
1864,COc1ccc(-n2nc(C(N)=O)c3c2C(=O)N(c2ccc(C4(CS(C)(=O)=O)CC4)cc2)CC3)cc1,-4.838631997823768
1865,CN1CCN(S(=O)(=O)c2ccc(-c3cncc(C(=O)Nc4cccnc4)n3)cc2)CC1,-4.602059991245972
1866,N#Cc1c(-c2ccccc2)no[n+]1[O-],-6.0
1867,O=C(NC1(C(=O)NC(CCCN2CCN(CC3CCOCC3)CC2)Cc2ccccc2)CCCC1)c1ccc2ccccc2c1,-4.835028490504858
1868,CNCC1(c2ccc(N3CCC4C(S(C)(=O)=O)=NN(c5ccc(OC)cc5)C4C3=O)cc2)CC1,-7.0
1869,COc1cc(-c2cn(C)c(=O)c3cnccc23)c(OC)cc1CN(C)C,-4.958607314841775
1870,Cc1nc(CNc2ncnc3ccc(-c4ccc5c(c4)OCO5)cc23)cs1,-4.5934598195660445
1871,CC1CC(C)C(=O)C(C(O)CC2CC(=O)NC(=O)C2)C1,-4.8400002
1872,COc1cc(C(=O)N2CCC(CCN3CCC(C(=O)N4CCOCC4)(c4ccccc4)CC3)(c3ccc(Cl)c(Cl)c3)C2)cc(OC)c1OC,-4.994267342899247
1873,O=C(NC(Cc1ccc(F)c(Br)c1)C(=O)O)c1cc(Cl)c(Cl)cc1NS(=O)(=O)c1cccc2nccnc12,-7.0
1874,Cn1c(-c2cnco2)c(C2CCCCC2)c2ccc(C(=O)NC(C)(C)C(=O)Nc3ccc(C=CC(=O)O)cc3)cc21,-5.301029995663981
1875,Cc1c(C(=O)O)sc2ccc(NC(=O)C3(NC(=O)c4ccc5c(C6CCCCC6)c(-c6ccccn6)n(C)c5c4)CCN(C)CC3)cc12,-6.096910013008056
1876,O=C1N(Cc2ccc(Cl)cc2)c2ccccc2C1(O)c1ccc2c(c1)OCO2,-5.045757490560675
1877,CCCSc1ncccc1C(=O)NC1CCCCC1,-4.56863623588076
1878,COc1ccc2cc1Oc1ccc(cc1)CC1c3c(cc4c(c3Oc3cc5c(cc3OC)CCN(C)C5C2)OCO4)CCN1C,-4.187178911907941
1879,CCn1cc(C2(c3cccc(-c4cncc(C#N)c4)c3)N=C(N)c3c(F)cccc32)cc(C)c1=O,-5.292429823926548
1880,Cc1c(CN(CCc2ccc(Cl)cc2)C2CCN(C(=O)c3cccc[n+]3[O-])CC2)c(=O)n(-c2ccc(F)cc2)n1C,-5.886056647769872
1881,Cn1cc(-c2cccc(-c3cnc(N)c(C(=O)NC4C5CC6CC4CC(O)(C6)C5)n3)c2)cn1,-4.552841968657781
1882,Cc1ccc(NC(=O)c2cc(-n3cc4ccc(C(=O)O)cc4n3)ccc2N2CCCCC2)cc1,-4.638272163982407
1883,CCOC(=O)c1cc(C#N)c(N2CCN(C(=O)NS(=O)(=O)c3ccccc3)CC2)nc1C,-6.522878745210253
1884,COc1cccc(-c2cccc(C3(C)N=C(N)CCS3)c2)c1,-5.2839966562739
1885,COC(=O)c1ccc(C=CC(=O)NC2OC(CO)C(O)C(O)C2O)cc1,-5.580044251510242
1886,O=c1[nH]cnc2c(-n3cc(CCN4CCC(c5cccc(C(F)(F)F)c5)CC4)cn3)nccc12,-4.815024809301739
1887,C=CC1CC1(NC(=O)C1CC(OC)(c2ccc(-c3cscn3)cc2)CN1C(=O)C(NC(=O)OC1CCCC1)C(C)(C)C)C(=O)NS(=O)(=O)C1CC1,-5.619788758288394
1888,CCCC(=O)c1cnn(-c2ccc(NC(=O)c3cn(CC(=O)N4CCN(CCOC)CC4)c4ccc(C)cc34)cc2)c1C,-5.130768280269024
1889,COc1ccc(-n2nc(C(N)=O)c3ncn(-c4ccc(-c5ccccc5CN5CCCC5)cc4F)c(=O)c32)cc1,-4.823908740944319
1890,CC12C=CC(=O)C=C1CCC1C2C(=O)CC2(C)C1CCC2(O)C(=O)CO,-4.9469213
1891,O=C(C1CCOCC1)N1CCCN(c2nc(C(F)(F)F)c(Cl)s2)CC1,-4.275724130399211
1892,CCOC(=O)N1CC(NC(=O)c2ccc(-n3ccccc3=O)cc2)C(NC(=O)c2ccc(Cl)s2)C1,-5.6020599913279625
1893,Nc1noc2ccc(-n3nc(C(F)(F)F)cc3C(=O)Nc3ccc(-c4ccccc4CN4CCC(N)C4)cc3F)cc12,-5.323422875091413
1894,O=C(NCc1ccc(F)cc1)C1C(=O)N(O)C(=O)c2ccccc21,-6.698970004336019
1895,CC(C)C(=O)Nc1ccc([N+](=O)[O-])c(C(F)(F)F)c1,-4.323306530125045
1896,CC(=O)c1ccc2c(c1)N1C(=O)OCC1CC2,-4.0100002
1897,NC(=O)N(O)CCC#Cc1ccc(CN2CCN(C(c3ccccc3)c3ccc(Cl)cc3)CC2)o1,-5.0
1898,CN(C)C(=O)c1cc(-c2ncc(F)c3c(C(=O)C(=O)N4CCN(C(=O)c5ccccc5)CC4)c[nH]c23)n[nH]1,-5.619788758288394
1899,Cc1nc2n(c(=O)c1CCN1CCC(c3noc4cc(F)ccc34)CC1)CCCC2,-4.927401857420888
1900,Cn1c(COc2ccc(F)cc2)c2c(=O)n(-c3ccccc3Cl)[nH]c2cc1=O,-4.449771646958679
1901,Cc1nc(-n2cnn(Cc3cc(F)cc(F)c3)c2=O)sc1C(=O)NCc1cccnc1,-4.552841968657781
1902,O=C(O)c1cn(Cc2ccc3c(c2)CCC3O)c2cccc(F)c2c1=O,-5.070581074285707
1903,COc1cccc(-c2cccc(C3(C)N=C(N)CCO3)c2)c1,-4.886056647693163
1904,COc1ccc(N2CCC(=O)NC2=O)cc1C(C)(C)C,-5.259637310505756
1905,Cc1nn(-c2ccc3onc(N)c3c2)c2c(=O)n(-c3ccc(-c4ccccc4CN4CCC(O)C4)cc3)c(C)nc12,-5.327902142064283
1906,Cc1ccc(Nc2c(-c3ccc(F)cc3)nc3n2CCN(C(=O)CN)C3)cc1,-5.787812395697031
1907,Cc1ccc(-c2cc(C(F)(F)F)nn2-c2ccc(S(N)(=O)=O)cc2)cc1,-4.836031939932879
1908,CC(C)COc1ccc(-c2nc(N)[nH]c(=O)c2C#N)cc1C#N,-7.0
1909,CC(Cc1cccc(CC(=O)NC2Cc3ccccc3C2)c1)NCC(O)c1ccc(O)c(CO)c1,-6.0
1910,COc1ncnc(Cn2cc(C(=O)NCCO)c3ncc(C)cc32)c1C,-4.958607314841775
1911,N#Cc1ccc(CCNC(=O)C2CCCN(c3cc(N4CCC(Oc5ccc(CC(=O)O)cc5)CC4)nc(C(F)(F)F)n3)C2)cc1,-5.597895704527756
1912,N=C(N)NCC1COc2ccccc2O1,-4.764776294318741
1913,CC(C)C(c1nc2ccccc2o1)n1cc(C=CC(=O)NO)nn1,-5.179798540514359
1914,CCC1(C)NC(=O)c2cc(S(=O)(=O)Nc3ccc(F)cc3F)cc(OC)c2NC1=O,-4.657577319133345
1915,O=[N+]([O-])c1cn2c(n1)OCC(OCc1ccc(N3CCCCC3)nc1)C2,-4.424350385183585
1916,CCc1cc(C(N)=S)ccn1,-4.399503991846167
1917,OCC(O)CO,-4.888875312189108
1918,O=C(Nc1cc(C(F)(F)F)cc(C(F)(F)F)c1)c1cnc(Cl)nc1C(F)(F)F,-5.958607314841775
1919,CC(C)CC(CO)Nc1nc(S(=O)(=O)Cc2ccccc2)nc2nc(O)sc12,-6.0
1920,Cc1ccccc1CC(NC(=O)C(N)Cc1ccccc1)C(N)=O,-6.236572006437063
1921,C=CC1CC1(NC(=O)C1CC(Oc2cc(-c3csc(NC(C)C)n3)nc3cc(OC)ccc23)CN1C(=O)C(NC(=O)OC1CCCC1)C(C)(C)C)P(=O)(O)Cc1cccc(OC)c1,-6.4089353929735005
1922,CC(C)Nc1nc2oc3c(NCCCN4CCCC4=O)ncnc3c2c2c1CCC(C)(C)C2,-4.619788758288394
1923,CC(C)(C)c1ccc2oc(N3CCCN(C(=O)C4CCOCC4)CC3)nc2c1,-4.309803919971486
1924,O=C1NCCc2[nH]c(-c3ccnc(-c4cnc5ccccc5c4)c3)cc21,-6.301029995663981
1925,CC(Nc1ccccc1)c1cc(C(=O)N(C)CCO)cn2c(=O)cc(N3CCOCC3)nc12,-4.450996737974212
1926,CC(NC(=O)C(N)CCC(=O)OCc1ccccc1)C(=O)O,-5.691565140521697
1927,COc1ccc(CC2c3cc(OC)c(OC)cc3CCN2C)cc1OC,-4.549748103461158
1928,Cc1nc(NC(=O)N2CCC(O)C2C(N)=O)sc1-c1csc(C(C)(C)C)n1,-6.045757490560675
1929,COc1ccc(C2(c3cccc(-c4cncnc4)c3)N=C(N)N3CC(F)(F)CN=C32)cc1,-5.958607314841775
1930,CC1COCCN1c1cc(C2(S(C)(=O)=O)CC2)nc(-c2cccc3[nH]ccc23)n1,-4.638272163986805
1931,CC(C)(N)C(=O)N1CCn2c(nc(-c3ccc(F)cc3)c2Nc2ccc(F)cc2)C1(C)C,-5.931756630918144
1932,N=C(N)SCc1cc(F)ccc1Sc1ccc([N+](=O)[O-])cc1CSC(=N)N,-6.9119543705
1933,CC#CC#CCCC=CC=CC(=O)NCC(C)CC,-4.028162123313877
1934,c1ccc2c(-c3ccncc3)c[nH]c2c1,-4.581698708760191
1935,Cc1cc(C#N)nc(C)c1C(=O)N1CCC(C)(N2CCC(N3C(=O)N(C4CCOCC4)CC3c3ccccc3)CC2)CC1,-6.0
1936,CC1NS(=O)(c2cccc(-c3cccc(C#N)c3)c2)=NC1=O,-5.638272163982407
1937,CS(=O)(=O)N1CCN(CC(O)CN2CCC(CNC(=O)c3cccc4[nH]c(C5CC5)nc34)CC2)CC1,-5.6777807052660805
1938,Cc1csc(-c2nc3c(=O)nc(N)nc-3n(C)n2)c1,-6.045757490560675
1939,FC(F)(F)c1ccc(Nc2nnc(-c3ccncc3CCc3ccncc3)o2)cc1,-5.590602330409668
1940,Cc1nn(-c2ccc3onc(N)c3c2)c2c(=O)n(-c3ccc(-c4ccccc4CN(C)C)cc3)cnc12,-4.9586073148813306
1941,O=C1CCc2cc(OCCCCc3nnnn3C3CCCCC3)ccc2N1,-4.914507529807436
1942,CC(NC(=O)C1CSSCC(NC(=O)c2nc3ccccc3cc2O)C(=O)NCC(=O)N1C)c1ccccc1,-7.958607314841775
1943,CC(C)CC(CNC(=O)C(C)CNC(=O)C(CN)C(C)C)C(=O)O,-7.619788758288394
1944,CCC1C2CCCCN3CCC(C4C(C)C(=O)OC14)C23,-4.919834218165038
1945,CC(CS(C)(=O)=O)Nc1ncc2cc(Oc3ccc(F)cc3F)c(=O)n(C)c2n1,-4.869666231504994
1946,CCOC(=O)c1[nH]cc2c1NC1=C(C(=O)CCC1)C2c1cccc(Oc2nc3ccccc3[nH]2)c1,-5.221848749616356
1947,Cc1nc2cc(C(C)C)c(-c3ccc(Cl)c(OCC4CC4)c3)cc2c(=O)[nH]1,-5.359833383554703
1948,CC(Nc1ccccc1)c1cc(C(=O)N2CCOCC2)cn2c(=O)cc(N3CCOCC3)nc12,-5.36653154431531
1949,CC(C)(N)C(=O)N1CCn2c(nc(-c3ccc(F)cc3)c2Nc2ccc(Cl)cc2)C1,-5.835647144161673
1950,CCCC1CC(C(=O)NC(C(C)O)C2OC(SC)C(O)C(O)C2O)N(C)C1,-7.087246798164339
1951,Cc1ccc(-n2nc(C(C)(C)C)cc2NC(=O)Nc2ccc(OCCN3CCOCC3)c3ccccc23)cc1,-5.0
1952,CC(C(=O)O)c1ccc(-c2cccc(F)c2)cc1,-4.696804
1953,N=C(N)SCc1c(Br)ccc2c1oc1c(CSC(=N)N)c(Br)ccc12,-6.761439372640169
1954,CC(C)CC1NC(=O)C(Cc2ccccc2)NC(=O)CNC(=O)C(C)NC(=O)C(Cc2ccc(O)cc2)NC(=O)C(CC(C)C)NC1=O,-6.142667503568731
1955,CC(C)CC1C(=O)NCC(=O)N(C)C(CCCNC(=N)N)C(=O)NCC(=O)NC(CC(=O)O)C(=O)N(C)C(Cc2ccccc2)C(=O)N1C,-7.522878745280337
1956,CCNC(=O)CN1C(=O)C(C)(c2cc(F)cc(F)c2)Oc2ccc(-c3c(N)nc(N)nc3CC)cc21,-4.6777807052660805
1957,O=C1c2ncc3c(ccn3Cc3ncc(F)cc3F)c2CCN1O,-5.116338564846382
1958,O=C(O)C=Cc1ccc(NC(=O)C2(NC(=O)c3ccc4c(c3)nc(-c3ccoc3)n4C3CCCCC3)CCCC2)cc1,-5.4089353929735005
1959,CCOc1cc(NC(=O)C2(NC(=O)c3ccc4c(C5CCCC5)c(-c5ncc(Br)cn5)n(C)c4c3)CCC2)ccc1C=CC(=O)O,-4.886056647693163
1960,CC(=O)c1ccc(N2CC(CN)OC2=O)cc1,-4.8499999
1961,Cc1nc(NC(=O)N2CCC(C)C2C(N)=O)sc1-c1csc(C(C)(C)C)n1,-4.954677021213342
1962,CCC1CC(n2c(=O)nc(-c3cnn(C)c3)c3oc4cc(C#N)c(-c5cnn(C)c5)cc4c32)CCO1,-4.537602002101044
1963,COc1cccc(-c2cccc(C3(c4ccncc4)N=C(N)CS3)c2)c1,-4.74472749492252
1964,CCOCC(CCc1ccccc1)NS(=O)(=O)c1cccc(NC(=O)C(CC(C)C)OC(=O)C(C)(C)C)c1,-5.958607314841775
1965,CC(C)n1c(=O)c2c(-c3noc(C4CC4)n3)ncn2c2ccccc21,-5.033858267260968
1966,CC(=O)Nc1ccc(OCC(O)CNC(C)C)cc1,-5.664685438387586
1967,O=C(Cc1nc(N2CCOCC2)cc(=O)[nH]1)N1CCc2c(-c3ccncc3)cccc21,-6.3979400086720375
1968,CC(C)COC1C(C)C(n2ccc(N)nc2=O)OC1(CO)N=[N+]=[N-],-5.795880017344075
1969,COc1cccc(-c2cccc(C3(C)COCC(N)=N3)c2)c1,-4.698970004252014
1970,CC12CC3CC(C)(C1)CC(N)(C3)C2,-4.3625102
1971,COCCCN1CC2C(CNC(=O)c3nc(C(C)C)n4ccccc34)C2C1,-4.458420756053419
1972,CCCCCCCCCCCCC(NC(Cc1ccccc1)C(=O)NC(CSCNC(C)=O)C(=O)NC(C(=O)NC(Cc1c[nH]c2ccccc12)C(=O)NC(CCCCN)C(=O)NC(CSCNC(C)=O)C(=O)NC(C(N)=O)C(C)O)c1ccc(O)cc1)C(=O)NC1OC(O)C(O)C(O)C1O,-5.794524963259109
1973,Cc1cc2c(cc1S(=O)(=O)Nc1ccc(C(F)(F)F)cc1)C(=O)NC(C)(C)C(=O)N2,-5.154901959985743
1974,O=c1[nH]cnc2c(-n3cc(CCN4CCC(c5cc(Cl)cc(Cl)c5)CC4)cn3)nccc12,-5.197910742118268
1975,CS(=O)(=O)N1CCN(c2ccc(N3CCN(C(=O)NC4C5CC6CC4CC(O)(C6)C5)c4ccccc43)cc2)CC1,-4.7121982700697735
1976,CC(C)CC1NC(=O)C(Cc2ccccc2)NC(=O)CNC(=O)C(C)NC(=O)C(Cc2ccc(O)cc2)NC(=O)C=Cc2ccccc2OCOC1=O,-6.378418456420359
1977,O=C(O)c1cc(CN2CCN(c3ccc(C(F)(F)F)cc3)CC2)c2ccccn2c1=O,-4.494850021680094
1978,CS(=O)(=O)Nc1ccc2c(c1)S(=O)(=O)NC(C1=C(O)C3CCCCCC3N(Cc3ccc(F)cc3)C1=O)=N2,-6.022276394855576
1979,Cc1nnc(NS(=O)(=O)c2ccc(N)cc2)s1,-5.839031249441256
1980,CN(C)Cc1nccn1-c1ccc(CC(=O)c2cc(C(F)(F)F)nn2-c2ccc3onc(N)c3c2)cc1,-4.619788758288394
1981,NCC1(c2cccc(Cl)c2)CCC(N2CCc3c(nc(C(F)(F)F)nc3C3CC3)C2=O)CC1,-5.356547323513812
1982,CCCCN1C(=O)C(C(O)C2CCCCC2)NC(=O)C12CCN(Cc1ccc(Oc3ccc(C(=O)O)cc3)cc1)CC2,-5.672439285834355
1983,Cn1c(OCC(C)(C)C(=O)O)nnc1-c1ccc(NC(=O)c2ccc3ccccc3c2)cc1,-6.657577319177793
1984,C=CCCCS(=O)(=O)NC(=O)c1ccccc1NC(=O)C(NC(=O)C(NC(=O)OC(C)(C)C)C(C)(C)C)c1ccc(Oc2cc(OC)nc(-c3ccccc3)n2)c(C=C)c1,-5.769551078621726
1985,N#CC1CCCN1C(=O)C(N)Cc1ccc(-c2ccc(F)cc2)cc1,-5.142064735210429
1986,CCCC1C(=O)N(C(Cc2ccc3ccccc3c2)C(=O)NC)CCN1C(=O)C(Cc1ccc(F)cc1)NC(=O)C(C)(C)N,-5.101448497900389
1987,Cc1ccccc1-c1ccc(N2CCOc3ncnc(N)c3C2=O)cc1,-5.0
1988,CNC(=O)c1cc(Oc2ccc3oc(Nc4ccc(Cl)cc4)nc3c2)ccn1,-5.0
1989,O=C1Nc2ccc(Cl)cc2C(C#CC2CC2)(C(F)(F)F)O1,-4.0500002
1990,CS(=O)(=O)N1CCN(c2ccc(N3CCN(C(=O)NC4C5CC6CC4CC(C(N)=O)(C6)C5)c4ccccc43)cc2)CC1,-5.522878745280337
1991,O=C(O)CC1CCC(c2ccc(-c3ccc4c(c3)OCCN4C(=O)Nc3ccc(F)cc3C(F)(F)F)cc2)CC1,-4.621602099051862
1992,CC(C)(C)NC(=O)Nc1nc(Cl)c(CCc2ccccc2)n(CC(=O)Nc2ccccc2C(=O)NS(=O)(=O)c2ccc(C(F)(F)F)cc2)c1=O,-6.522878745280337
1993,Cn1cnc(S(=O)(=O)N(Cc2ccc(C(F)(F)F)o2)C2Cc3cc(C#N)ccc3N(Cc3cncn3C)C2)c1,-6.154901959985743
1994,COC(=O)N(C)c1cc2c(NCc3ccc(OC)c(Cl)c3)ncnc2c(CCO)c1OC,-4.455931955649724
1995,COc1cc2nc(N3CCN(C(=O)c4occc4Cl)CC3)nc(N)c2cc1OC,-4.8899999
1996,CC(=O)N1CCC(n2cc(-c3cnc4[nH]cc(C(=O)c5ccc(CO)cc5Cl)c4c3)cn2)CC1,-5.769551078621726
1997,CNc1cncc(-c2c[nH]c(=O)c(NC(=O)c3ccc(N4CCCC4CN4CCCC4)cc3)c2)n1,-4.966576244513051
1998,CC(=O)NC(c1cccs1)c1cc(Br)c2cccnc2c1O,-5.055517327924916
1999,CCCC(=O)N1CCC(CN(C2Cc3cc(C#N)ccc3N(Cc3cncn3C)C2)S(=O)(=O)c2ccccn2)CC1,-6.301029995663981
2000,CC1CN(c2nc(C(F)(F)F)no2)CCN1c1ncc(OCc2ccncc2C#N)cn1,-4.886056647693163
2001,CN1C(=O)CC(N2CCCN(CCCN3c4ccccc4COc4ccc(C(=O)O)cc43)CC2)N(C)C1=O,-5.5
2002,CCOC(=O)c1cc(C#N)c(N2CC(C(=O)NS(=O)(=O)CC3CCCCC3)C2)nc1C,-5.522878745280337
2003,COC1C(=O)C2(C)C(OC(=O)N(C)C)CC3OCC3(OC(C)=O)C2C(OC(=O)c2ccccc2)C2(O)CC(OC(=O)C(O)C(NC(=O)OC(C)(C)C)c3ccccc3)C(C)=C1C2(C)C,-4.976747540274716
2004,CC(C)CC1NC(=O)C(Cc2ccc(O)cc2)N(C)C(=O)C2CCCN2C(=O)C(CC(C)C)NC(=O)C(CO)N(C)C(=O)C(CC(C)C)N(C)C1=O,-5.481486060122113
2005,COc1ccn(-c2nc(C)c(C(=O)NCc3ccccc3)s2)c(=O)c1,-4.82390874095824
2006,Cc1cncc(C=CC(=O)N2CCC(NC(=O)C(c3ccccc3)C3CCCCC3)CC2)c1,-5.102372908709558
2007,COc1ccc(-c2oc3c(CC=C(C)C)c(O)cc(O)c3c(=O)c2OC2OC(C)C(O)C(O)C2O)cc1,-5.837279711053891
2008,CCCCCCCC(=O)NCCCCC1NC(=O)C2CCCN2C(=O)C(CCCNC(=N)N)NC(=O)C(CCCCN)NC(=O)C(CCCCN)NC1=O,-6.035269078946371
2009,CC(=O)N1CCCC(NC(=O)c2ccc3c(C4CCCCC4)c(-c4ccccn4)n(C)c3c2)(C(=O)Nc2ccc(C=CC(=O)O)cc2)C1,-5.259637310505756
2010,COc1ccc(-c2nnc(C(=O)N3CC(Oc4ccc(CN5CC6(COC6)C5)cc4)C3)o2)cc1,-4.214670164989233
2011,CC(c1c(CCN(C)C)sc2ccccc12)n1cccn1,-4.663540266075735
2012,O=C(O)CCCN1CC(C(=O)O)Oc2c(C=Cc3ccc(OCCCCOc4ccccc4)cc3)cccc21,-5.107905397309519
2013,CC(C)CC1NC(=O)C(Cc2ccccc2)NC(=O)C(CC(=O)O)NC(=O)CNC(=O)C(CCCNC(=N)N)NC(=O)CNC1=O,-7.522878745280337
2014,Oc1c2c(nn1-c1ccccn1)CCc1cc(Br)ccc1-2,-5.494850021680094
2015,COc1ccc2c(OC3CC4C(=O)NC5(C(=O)NS(=O)(=O)C6(C)CC6)CC5C=CCCCCCC(=O)N4C3)cc(-c3nc(C(C)C)cs3)nc2c1Cl,-4.954677021213342
2016,CC(=O)NC(CC(C)C)C(=O)NCCc1ccccc1,-4.506987599702301
2017,COC(=O)C(c1ccccc1Cl)N1CCc2sccc2C1,-4.8961964
2018,CC(C)CCn1c(=O)c(C2=CS(=O)(=O)c3cc(N(C)S(C)(=O)=O)ccc3N2)c(O)c2cccn21,-7.920818753952375
2019,COc1ccc(C(=O)NC2CC2)c(OCC(O)CN2CCC3(CC2)Cc2cc(Cl)ccc2O3)c1,-4.920818753952375
2020,CC(=O)Oc1ccccc1C(=O)OC1CC(n2cc(F)c(=O)[nH]c2=O)OC1CO,-5.727462222718572
2021,CC(C)CCn1nc(N2CCCC2)c(O)c(C2=Nc3ccc(NS(C)(=O)=O)cc3S(=O)(=O)N2)c1=O,-6.494850021680094
2022,CC(C)OC(=O)C(C)(C)Oc1ccc(C(=O)c2ccc(Cl)cc2)cc1,-4.6386830387330935
2023,CN(C)C(=O)NS(=O)(=O)n1c(N)nc2ccc(C(C(N)=O)c3cccc(F)c3)cc21,-4.1700001
2024,CC(C)COCC1(N=[N+]=[N-])OC(n2ccc(N)nc2=O)C(C)C1OCC(C)C,-5.113509274827518
2025,Clc1ccc(-c2ccc(-c3nccn3-c3ccc(N4CCNCC4)cc3)o2)cc1,-5.301029995663981
2026,CNC(=O)c1ccc(OC)c2c(C(=O)C(=O)N3CCN(C(=O)c4ccccc4)CC3)c[nH]c12,-5.4089353929735005
2027,COc1ccc2onc(N3CCN(CCCCNC(=O)c4ccc(N5CCOCC5)cc4)CC3)c2c1,-4.440093374963888
2028,COc1ccc(CNc2ncnc3c(CCO)c(OC)c(NC(C)=O)cc23)cc1Cl,-4.761953896871205
2029,COC1CN(C(=O)c2ccc3c(N)ncc(-c4ccc(-c5cnn(C)c5)cc4)c3c2)C1,-4.537602002075783
2030,COC(=O)C1=C(C)NC(C)=C(C(=O)OC(C)C)C1c1cccc2nonc12,-4.054028049400505
2031,NC(=O)C(c1ccccc1)(c1ccccc1)C1CCN(CCc2ccc3c(c2)OCC3)C1,-4.7212462
2032,CC1(F)CCCC1Nc1c(C(N)=O)cnn2cccc12,-4.59176003468815
2033,CC(Cc1cccc(CC(=O)NCc2ccc(Cl)c(Cl)c2)c1)NCC(O)c1ccc(O)c(CO)c1,-6.0
2034,CCCCCCC(N)C(=O)NC(CCC(=O)O)C(=O)NC(Cc1c[nH]c2ccccc12)C(N)=O,-5.314706218613216
2035,COc1cc(Cl)ccc1CC(C)C(=O)N1CCN(c2ccc(Cl)cc2C(NC(=O)C2CNC2)C(C)C)CC1,-6.522878745280337
2036,Cn1cncc1CN1CC(N(CC2CCN(C(=O)c3ccc(Cl)cc3)CC2)S(=O)(=O)c2ccccn2)Cc2cc(C#N)ccc21,-6.301029995663981
2037,CC(C)n1c(=O)c(C(=O)NC2CC3CCC(C2)N3CC(O)CN(C)C(N)=O)cc2ccccc21,-6.0
2038,O=C(O)CN1C(=O)C2(NC(=O)N(Cc3cc(Cl)ccc3F)C2=O)c2cc(Cl)ccc21,-6.698970004252014
2039,CC(N)CC(=O)NC(CCCCN)CC(=O)NC(CC(=O)O)Cc1ccccc1,-7.309803919971486
2040,COc1c(NC(=O)c2ccc(NS(C)(=O)=O)cc2)cc(-c2ccc[nH]c2=O)cc1C(C)(C)C,-6.522878745280337
2041,CCCC(=O)c1cnn(-c2ccc(NC(=O)c3cn(CC(=O)N(C)C)c4cc(C)c(C)cc34)cc2)c1C,-4.730487055782084
2042,c1ccc(OC2CN(c3c4c(nc5ccnn35)CCNCC4)C2)nc1,-4.987162775294828
2043,NC(=O)c1cc(-c2ncc(F)c3c(C(=O)C(=O)N4CCN(C(=O)c5ccccc5)CC4)c[nH]c23)n[nH]1,-5.537602002101044
2044,Cc1cc(COc2ccc(C(=O)NC3(CC(=O)NO)CCOCC3)cc2)c2ccccc2n1,-6.096910013008056
2045,COC(=O)NC(C(=O)NN(Cc1ccccc1)CC(O)(Cc1ccccc1)C(=O)NC1c2ccccc2CC1O)C(C)(C)C,-4.455931955649724
2046,CCOc1nc(NC(=O)C2(NC(=O)c3ccc4c(C5CCCC5)c(-c5ccccn5)n(C)c4c3)CCC2)ccc1C=CC(=O)O,-4.6777807052660805
2047,Cc1cc(CC(OC(=O)N2CCC(c3cc4ccccc4[nH]c3=O)CC2)c2cc(CN3CCOCC3)ccn2)cc2cn[nH]c12,-5.00436480540245
2048,CCOc1ccc(C(=O)NC2(C(=O)NC(Cc3ccccc3)C(=O)NCC3CCN(CC4CCOCC4)CC3)CCCC2)cc1,-5.920818753964281
2049,O=C(Nc1nc2ccccc2[nH]1)c1ccc(N2CCN(C(=O)c3ccccc3C(F)(F)F)CC2)nn1,-4.602059991245972
2050,CC(C)c1nc2ccccc2n1Cc1ccc(C(=O)NC2CC3(CCCO3)CC2C(=O)NO)cc1,-7.0
2051,C=CCn1c2c(c3cc(C(=O)N4CCC(C)CC4)ccc31)CN(CC1CC1)CC2,-5.522878745280337
2052,CON=C1CN(c2nc3c(cc2F)c(=O)c(C(=O)O)cn3C2CC2)CC1CN,-4.9208188
2053,CC1c2nnc(-c3ccccn3)n2CCN1C(=O)c1cccc(Cl)c1Cl,-4.13430394008393
2054,COc1ccc(CN2CCC(NC(=O)c3noc(-c4cc(Cl)c(O)cc4O)c3-c3ccc(OC)cc3)CC2)cc1,-6.016824927971641
2055,NC1=NC(c2ccc(OC(F)F)cc2)(c2cccc(OCCCF)c2)C2=NCC(F)(F)CN12,-5.027758663924915
2056,COC(=O)NC(C(=O)NN(CCCC(O)(Cc1ccccc1)C(=O)NC1c2ccccc2CC1O)Cc1ccc(Br)cc1)C(C)(C)C,-4.698970004168009
2057,Cc1c(-c2cccc(OCCCCC(=O)O)c2F)c(=O)n(CC(c2ccccc2)N(C)C)c(=O)n1Cc1c(F)cccc1C(F)(F)F,-4.769551078621726
2058,CCOCCN(c1c(Cl)c(Cl)cc2[nH]c(=O)c(=O)[nH]c12)S(C)(=O)=O,-5.0
2059,Cc1cc(CN(C)C)ccc1OC1CN(C(=O)c2nnc(-c3ccccc3)o2)C1,-4.207608310501746
2060,CC(C)C(=O)N1CCC(CN(C2Cc3cc(C#N)ccc3N(Cc3cncn3C)C2)S(=O)(=O)c2ccccn2)CC1,-6.301029995663981
2061,Nc1ncccc1C(=O)c1cccc(N2CCCNCC2)n1,-5.045757490560675
2062,CCC1(O)CC2CN(CCc3c([nH]c4ccccc34)C(C(=O)OC)(c3cc4c(cc3OC)N(C)C3C5(CC6(CC)C=CCN7CCC43C76)OC(=O)N(CCCl)C5=O)C2)C1,-4.719551229415811
2063,NS(=O)(=O)c1cc2c(cc1C(F)(F)F)NC(Cc1ccccc1)NS2(=O)=O,-5.88934265
2064,O=C(O)c1ccccc1-c1ccc(CN2CCC(COC(=O)c3c4n(c5ccccc35)CCCO4)CC2)cc1,-6.096910013006042
2065,COc1ccc(-n2nc(C(F)(F)F)c3c2C(=O)N(c2ccc(C4(C5=NCCN5)CC4)cc2)CC3)cc1,-7.0
2066,C=CCc1ccccc1OCC(CNC(C)C)OC(=O)C1CC1,-4.190789592876232
2067,Cc1nc(NC(=O)Cc2nc(-c3ccccc3)c(C)o2)sc1-c1ccc(N)nc1,-4.585026652029182
2068,Cc1c(CC(=O)O)c2cccnc2n1S(=O)(=O)c1ccc(F)c(F)c1,-5.022276394711152
2069,Cc1cc(CC(OC(=O)N2CCC(n3c(=O)[nH]c4ncccc43)CC2)c2cc(C(=O)N(C)C)cc(Cl)n2)cc2cn[nH]c12,-5.795880017344075
2070,CCC1CC(n2c(=O)nc(-c3cnn(C)c3)c3oc4cc(C#N)c(-c5cnn(C)c5)nc4c32)CCO1,-4.6777807052660805
2071,Cc1nc(-c2c(Cl)cc(Cl)cc2-c2ccc(C(C)NC(=O)C3(NC(=O)C(F)(F)F)CC3)c(F)c2)no1,-4.6382722489934025
2072,CCOC(=O)c1cc(C#N)c(N2CC(C(=O)NS(=O)(=O)Cc3ccc(C)cc3)C2)nc1C,-6.221848749616356
2073,CCOc1cc(C(Nc2ccc3c(N)nccc3c2)C(=O)NCc2ccccc2)ccc1OC(C)C,-5.0655015487564325
2074,Cc1[nH]n(-c2ccccn2)c(=O)c1C(=O)Nc1ccc([N+](=O)[O-])cc1,-5.119186407719209
2075,Cn1c(=O)c(Oc2ccc(F)cc2F)cc2cnc(NC(CCO)CCO)nc21,-5.562249437179612
2076,CCOC(=O)c1cc(C#N)c(N2CCN(C(=O)NS(=O)(=O)c3ccc(Cl)cc3)CC2)nc1C(F)(F)F,-6.886056647693163
2077,CNC1(c2ccccc2Cl)CCCCC1=O,-4.2600002
2078,Oc1c2c(nn1-c1nc3ccccc3[nH]1)CCc1ccccc1-2,-5.292429823902063
2079,O=[N+]([O-])c1cn2c(n1)OCC(OCc1ccc(N3CCCCC3)cc1)C2,-4.498119506183706
2080,O=C(OC1CC(n2cc(F)c(=O)[nH]c2=O)OC1CO)c1cccc(C(=O)OC2CC(n3cc(F)c(=O)[nH]c3=O)OC2CO)c1,-5.76321090069303
2081,Cn1cncc1CN1CC(N(CC2CCN(C(=O)Nc3ccc(Br)cc3)CC2)S(=O)(=O)c2ccccn2)Cc2cc(C#N)ccc21,-6.221848749616356
2082,Cc1c(Cc2ccccc2S(=O)(=O)c2ccccc2)c2c(n1CC(=O)O)CCN(C(C)C(F)(F)F)C2=O,-6.221848749616356
2083,O=C(c1ccc(-n2nc(C(F)(F)F)c3c2CCCC3)cc1)N1CCOCC1,-4.341988603342887
2084,CC(C)(C)c1cc(NC(=O)C2CCCCN2C(=O)N2CCS(=O)(=O)CC2)no1,-4.698970004336019
2085,COc1cccc(C=CC(=O)NC2(C(=O)NC(Cc3ccccc3)C(=O)NCC3CCN(CC4CCOCC4)CC3)CCCC2)c1,-5.853871964241321
2086,NCc1ccc(C(=O)Nc2ccncc2F)cc1-c1cccc(C(=O)Nc2ccccc2)c1,-5.638272163986805
2087,Cc1nc(NC(=O)C2(C)CCCCC2)sc1-c1ccc(N)nc1,-4.698970004336019
2088,COc1ccccc1NC(=O)c1nc(-c2ccc(S(=O)(=O)N3CCN(C)CC3)cc2)cnc1N,-5.886056647693163
2089,CCCNc1cc(NC(=O)c2c(F)cccc2F)cc(C(F)(F)F)c1,-5.568636235880759
2090,Cc1cccc(C(=O)N2c3cccc(O)c3NC3=C(C(=O)CC(C)(C)C3)C2c2ccc(OCc3ccccc3)cc2F)n1,-4.935542010773082
2091,CC(C)Nc1cc(NC(=O)c2c(F)cccc2F)cc(C(F)(F)F)c1,-5.161150909262744
2092,COc1cc(Br)c(CNc2ccc(C(F)(F)F)c(OC3CCN(C)C3)c2)cc1OC,-6.537602002101044
2093,Cn1nnnc1-c1cccc(NC(=O)NC2CCCCC2CN2CCCC(Cc3ccc(F)cc3)C2)c1,-5.698969876626007
2094,CNC(=O)CN(C1CCCN(c2ccc(-n3ccccc3=O)cc2F)C1=O)S(=O)(=O)c1cc2ccc(Cl)nc2s1,-7.0
2095,CCc1nc(N)nc(N)c1-c1ccc2c(c1)N(CCCO)C(=O)C(C)(c1cc(F)cc(F)c1)O2,-5.0
2096,Cn1c(S)nc2cc(Cl)ccc21,-5.1598939055432425
2097,O=c1[nH]cnc2c(-n3cc(CCN4CCC(c5cccs5)CC4)cn3)nccc12,-4.748848656824645
2098,O=C1CCCN1Cc1ccc(-n2nc(C(F)(F)F)c3c2CCCC3)cc1F,-4.376750709602099
2099,CC(C)Oc1cccc(-c2ccnc(N3CCC(C(N)=O)CC3)n2)c1,-4.396855627379818
2100,CC1CCC(C(=O)N(c2ccc(Oc3ncccc3C(F)(F)F)cc2C(=O)O)C(C)C)CC1,-4.721246399047171
2101,COc1ccc(-n2nc(C#N)c3c2C(=O)N(c2ccc(C4(CS(C)(=O)=O)CC4)cc2)CC3)cc1,-4.818156412055227
2102,NC(CC(=O)N1CCCC1CNC(=O)C1CC1)Cc1cc(F)c(F)cc1F,-6.259637310505756
2103,COc1cc(N2C(=O)N(Cc3c(F)cc(F)cc3F)c3ncccc3S2(=O)=O)cnc1OC,-4.2839966563652006
2104,O=C(Nc1nnc(NC2CCCC2)s1)c1ccc(OC2CCC(C(=O)O)CC2)cc1,-6.221848749616356
2105,Oc1cccc2ccccc12,-4.4899998
2106,COc1ccc(Nc2nnc(-c3cccnc3CCc3ccncc3)o2)cc1OC,-5.376750709602099
2107,N#CCNC(=O)CNC(=O)C(CN)NC(=O)Cc1cc(Cl)cc(Cl)c1,-6.0
2108,C=CC(=O)Nc1ccc(S(=O)(=O)N2CCN(C(=O)C3CC3)CC2)cc1,-5.187086643357144
2109,CCOc1ncc(S(=O)(=O)N2CCN(CC)CC2)cc1-c1nc2c(CC)n(CCOC)nc2c(=O)[nH]1,-4.795880017344075
2110,O=C1c2ncc3c(c(COCC4CCOCC4)cn3Cc3ccc(F)cc3)c2CCN1O,-5.372634143407267
2111,CCOc1ncc(S(=O)(=O)N2CCN(CC)CC2)cc1-c1nc(O)c2nn(CCN3CCOCC3)c(CC)c2n1,-5.602059991163982
2112,FC(F)(F)Oc1ccc(Nc2nnc(-c3cccnc3CCc3ccncc3)o2)cc1,-5.385436715045663
2113,O=C(O)c1ccc(CCN2C(=O)CCN2CCC(O)Cc2cccc(Br)c2)cc1,-5.0
2114,CNC(=O)C(NC(=O)C(O)(Cc1ccccc1)CN(Cc1ccc(Br)cc1)NC(=O)C(CC(=O)OC)C(C)(C)C)C(C)(C)C,-5.5999999
2115,CC(C)(Oc1ccc2ccccc2c1)C(=O)NC1OC(CO)C(O)C(O)C1O,-4.973466735476703
2116,O=C1Cc2cc(Cn3cc(C(=O)O)c(=O)c4c(F)cccc43)ccc2N1,-5.795880017344075
2117,Cc1cc(C(=O)Nc2ccc(-c3ccccc3S(N)(=O)=O)cc2)n(-c2cccc(CN)c2)n1,-6.698970004336019
2118,CC(NC(=O)C(N)CC(N)=O)C(N)=O,-6.588548689465516
2119,CCCS(=O)(=O)Nc1ccc(F)c(C(=O)Nc2cnc3[nH]c(-c4ccc(C)cc4)nc3c2)c1F,-5.585026652029182
2120,Cc1cc(S(=O)(=O)NCCC(=O)O)ccc1NC(=O)c1cc(N(CC2CC2)C2CCCCC2)ncn1,-5.698970004252014
2121,O=C(Nc1nnc(COC2CCCC2)s1)c1ccc(OC2CCC(C(=O)O)CC2)cc1,-5.3872161432802645
2122,Cc1[nH]n(-c2ccccn2)c(=O)c1C(=O)Nc1ccccc1C(F)(F)F,-5.107905397309519
2123,Clc1ccc2[nH]ncc2c1Nc1c(-c2ncccn2)oc2cnccc12,-5.698970004336019
2124,Cc1cc(O)ccc1NC(=O)c1cc(NC2CCCCC2)ncn1,-4.661543506395395
2125,Cc1c(-c2ccccn2)cccc1S(=O)(=O)NC(CCCc1ccc(N)cn1)C(=O)N1CCC(=C(F)F)CC1,-5.017728766960431
2126,O=c1cc(C2CCNCC2)[nH]o1,-6.301029995663981
2127,CC1Cc2c(Br)cccc2N1C(=O)Cc1nc(N2CCOCC2)sc1C(N)=O,-4.681936665037238
2128,COC(=O)c1ccc(-c2c(Cl)cc(OC3OC(CO)C(O)C(O)C3O)cc2Cl)cc1,-5.235823867707252
2129,Cc1nc(-n2cnn(CC3CC3(F)F)c2=O)sc1C(=O)NCc1cccnc1,-4.468521082957745
2130,CCC(C)C(NC(=O)C1SC(C)(C)SC1C(=O)O)C(=O)O,-4.846185135655471
2131,FC(F)(F)c1ccc(N2CCNCC2)nc1Cl,-4.5999999
2132,O=C(C1CCOCC1)N1CCCN(c2nc3ccc(Cl)cc3s2)CC1,-4.207608310501746
2133,CS(=O)(=O)Nc1ccc2c(c1)S(=O)(=O)NC(c1c(O)c(C3=CCCC3)nn(CCC3CC3)c1=O)=N2,-6.229147988178928
2134,CC1(C)CC(c2ccc(OC3CCN(C4CCC4)CC3)cc2)=NNC1=O,-4.56863623588076
2135,c1cnc(OCC2CC(c3ccc(CN4CCCC4)cc3)C2)nc1,-4.488116639021126
2136,COc1ccc2cc(C(=O)NC3(C(=O)NC(Cc4ccccc4)C(=O)NCC4CCN(CC5CCOCC5)CC4)CCCC3)sc2c1,-5.959042368065665
2137,CC(C)C(N)C(=O)OCC1OC(n2ccc(O)nc2=O)C(O)C1O,-5.23
2138,CN(C)Cc1ccccc1-c1ccc(N2CCc3c(C(F)(F)F)nn(-c4ccc5onc(N)c5c4)c3C2=O)cc1,-5.327902142064283
2139,COc1ccc2c(OC3CC4C(=O)NC5(C(=O)NS(=O)(=O)C6CC6)CC5C=CCCCCN(C)C(=O)C4C3)cc(-c3cccc(C(C)C)n3)nc2c1C,-4.920563095232141
2140,COc1ccc(C2(c3cccc(-c4cccnc4)c3)N=C(C)C(N)=N2)cc1,-4.552841968743335
2141,CS(=O)(=O)c1ccc(Sc2ccc(F)cc2CSC(=N)N)c(CSC(=N)N)c1,-7.0
2142,CC(C)(C)CC(O)C(=O)N1OCCC1C(=O)NCc1cc(Cl)ccc1-n1cnnn1,-4.6020599913279625
2143,Cn1c(N2CCCN(CCC=C3c4ccccc4CCc4ccc(C(=O)O)cc43)CC2)cc(=O)n(C)c1=O,-5.161150909131372
2144,COC(=O)CN(C1CCCN(c2ccc(-n3ccccc3=O)cc2)C1=O)S(=O)(=O)c1cc2ccc(Cl)nc2s1,-5.455931955649724
2145,COc1ccc(CCN2CCC(Nc3nc4ccccc4n3Cc3ccc(F)cc3)CC2)cc1,-5.151089411111111
2146,N#Cc1ccc(C2(CC3CCCC3)c3ccccc3-c3nccn32)cc1,-4.657577319177793
2147,CC(=O)OC(C)OC(=O)N1CCC(N2CCN(CC(=O)c3ccc(OCC(=O)OC4CCOCC4)cc3)C(=O)C2)CC1,-4.5100002
2148,O=C([O-])C(S)C(S)C(=O)[O-],-4.9582126810282485
2149,COC(=O)C1CCN(C(=O)CC(Cc2cccc(C(=N)N)c2)NS(=O)(=O)c2ccc3ccccc3c2)CC1,-7.091617884806354
2150,CCN1CCCC1CNC(=O)c1c(O)c(Cl)cc(Cl)c1OC,-4.180456064458132
2151,CN(C)C(=O)NS(=O)(=O)n1c(N)nc2ccc(C(=CC(N)=O)c3cccc(F)c3)cc21,-4.1700001
2152,NC1=NC(c2ccc(OC(F)F)cc2)(c2cccc(-c3cncnc3)c2)C2=NCC(F)(F)CN12,-5.387216143210198
2153,Cc1nn(C)cc1-c1nc2c(N3CCN(Cc4ccc(Cl)cc4)CC3)c(Cl)cnc2[nH]1,-4.730487055782084
2154,CC(C)C(NC(=O)N1CCOCC1)C(=O)N1CCCC1C(=O)NC(C(=O)C(F)(F)C(F)(F)F)C(C)C,-4.517312465163304
2155,CN(Cc1cc(=O)[nH][nH]1)c1cc(Cl)cc(Cl)c1,-5.657577319177793
2156,C=CC1CC1(NC(=O)C1CC(OC)(c2ccc(-c3cnn(C)c3)cc2)CN1C(=O)C(NC(=O)OC1CCCC1)C(C)(C)C)C(=O)NS(=O)(=O)C1CC1,-5.537602002101044
2157,O=[N+]([O-])c1cn2c(n1)OCC(OCc1ccc(N3CCCCC3)c(F)c1)C2,-4.450261268801325
2158,CCN(CC)c1ccc2cc(C(=O)NC3(C(=O)NC(Cc4ccccc4)C(=O)NCC4CCN(CC5CCOCC5)CC4)CCCC3)sc2c1,-4.9970288598315085
2159,Cc1c(CC(=O)O)c2cccnc2n1Cc1ccc(S(C)(=O)=O)cc1,-6.045757490560675
2160,CN(Cc1ccc(-c2ccc(N3CCOc4ncnc(N)c4C3=O)cc2)c(Cl)c1)S(C)(=O)=O,-4.72584215073632
2161,O=C(NC1(C(=O)NC(Cc2ccccc2)C(=O)NCC2CCN(C3CCOCC3)CC2)CCCC1)c1cc2ccccc2s1,-5.797081557198025
2162,C=CC1=C(C)C(=Cc2[nH]c(Cc3[nH]c(C=C4NC(=O)C(C)=C4C=C)c(C)c3CCC(=O)O)c(CCC(=O)O)c2C)NC1=O,-6.541384954883906
2163,CCCN(CCC)C(=O)Cc1c(-c2ccc(C)cc2)nc2ccc(C)cn12,-4.4962091
2164,O=C(O)c1cc(-c2ccc(OC3CC3)c(Cl)c2)ncn1,-4.728158393463501
2165,CC1CN(c2nnc(C(F)(F)F)o2)CCN1c1ncc(OCc2ccncc2C#N)cn1,-4.727346441857717
2166,COc1cc(F)c2[nH]c(-c3c(C)nn(C)c3C)c(C=C3Oc4ccc(NC(=O)Nc5ccc(C(=O)N(C)CCN(C)C)cc5)cc4C3=O)c2c1,-6.522878745280337
2167,Cc1[nH]n(-c2ccccn2)c(=O)c1-c1ccc(F)cc1,-4.950781977329818
2168,CC(C)(C)C(NC(=O)c1c[nH]c2ncc(C3CC3)nc12)C(=O)N1CC(C#N)C1,-5.6777807052660805
2169,Cc1ccnc2c1NC(=O)c1cccnc1N2C1CC1,-4.516791961486401
2170,COc1cc(C)c(S(=O)(=O)N(C)CCOCC(=O)N2CCN(CCCN(C)C)CC2)c(C)c1,-7.0
2171,Cn1c(-c2ccoc2)c(C2CCCC2)c2ccc(C(=O)NC3(C(=O)Nc4ccc(C=CC(=O)O)cc4)CCC3)cc21,-5.1249387366083
2172,CC(NC(=O)C(N)Cc1ccccc1)C(=O)NC(CO)C(=O)O,-6.2824981140913
2173,O=C(NCc1cc(Cl)ccc1-n1cnnn1)C1CC2CC2N1C(=O)C(O)c1ccccc1F,-4.795880017258057
2174,CC1(c2cccc(-c3cncnc3)c2)N=C(N)c2ccccc2S1,-4.408935392980125
2175,Cc1c(N(C)C)c(=O)n(-c2ccccc2)n1C,-4.401819485225602
2176,NC(=O)c1sc(-c2ccc(F)cc2)cc1N,-4.714442690992226
2177,CC(C)CC1NC(=O)C(CC2CCCCC2)NC(=O)CNC(=O)C(C)NC(=O)C(Cc2ccc(O)cc2)NC(=O)C=Cc2ccccc2OC1=O,-6.4699998
2178,COc1cc2c(cc1OC)CN(Cc1coc(-c3ccc4cc(Br)ccc4c3)n1)CC2,-6.494850021680094
2179,C#CCN(CC=C)C(=O)C1(c2ccsc2)CC1CN,-5.017728766960431
2180,Cc1nsc(-c2nnc3n2CCN(C(=O)c2ccc(Cl)cc2)C3C)n1,-4.330683119325416
2181,CC(=O)N1CCN(CCN2C3CCC2CC(NC(=O)c2nn(C(C)C)c4ccccc24)C3)CC1,-4.508638306165727
2182,O=C1NCCC12CCN(c1c(Cl)cncc1-c1ccc3cnccc3c1)CC2,-4.619788758288394
2183,CN(c1cc2cc(n1)N(Cc1ccccc1)CCCCc1cccc(c1)CC(C)(N)C(=O)OC2)S(C)(=O)=O,-4.698970004336019
2184,Cc1[nH]c2cc(C3CCCCN3C(=O)c3ccccc3O)nn2c(=O)c1C,-6.221848749616356
2185,CCOc1nc(NC(=O)C2(NC(=O)c3ccc4c(c3)c(C)c(-c3ccc(F)cn3)n4C3CCCCC3)CCC2)ccc1C=CC(=O)O,-4.823908740944319
2186,O=C(NC1CCC(c2cccc(F)c2F)CN(CC(F)(F)F)C1=O)N1CCC(n2c(O)nc3ncccc32)CC1,-4.6777807052660805
2187,Nc1n[nH]c2nc(-c3ccc(NS(=O)(=O)c4cc(Cl)ccc4F)cc3)cnc12,-4.906578314837765
2188,N#Cc1cccnc1N1CCN(C(=O)c2cccc(C(F)(F)c3n[nH]c(=O)c4ccccc34)c2)CC1,-5.301029995663981
2189,CC(C)OCCOCc1cn(Cc2ccc(F)cc2)c2cnc3c(c12)CCN(O)C3=O,-5.021363051615525
2190,Cc1[nH]n(-c2ccccn2)c(=O)c1C(=O)Nc1cccc(C(F)(F)F)c1,-5.346787486224656
2191,COc1ccc(C2(c3cccc(-c4cncnc4)c3)N=C(N)n3nc(C)cc32)cc1,-4.522878745280337
2192,CCCCCCCOC1OC(CO)C(O)C(O)C1O,-5.137723006893378
2193,CC(C)C1NC(=O)c2csc(n2)C(C(C)C)NC(=O)C2CCCN2C(=O)C(C(C)C)NC(=O)C2CCCN2C(=O)C(Cc2ccccc2)NC1=O,-5.657577319133345
2194,N#Cc1cncc(-c2cccc(C3(c4ccnc(C(F)(F)F)c4)N=C(N)c4c(F)cccc43)c2)c1,-4.795880017258057
2195,COc1cc(Sc2c(-n3cncn3)[nH]c3ccccc23)cc(OC)c1OC,-4.877252152355586
2196,CCCOC(=O)NC1CCCCCC=CC2CC2(C(=O)NS(=O)(=O)C2CC2)NC(=O)C2CC(Oc3cc(OCC)nc4c(C)c(OC)ccc34)CN2C1=O,-5.522878745280337
2197,C=CC(=O)Nc1ccc(S(=O)(=O)N2CCN(C(=O)C3CCCC3)CC2)cc1,-4.866461091629782
2198,CN(C)Cc1ncccc1-c1ccc(-c2ccc3c(C(N)=O)nn(-c4ccc5onc(N)c5c4)c3c2F)c(F)c1,-5.982966660701219
2199,C=C1NC(N)=Nc2c1ncn2COCCOC(=O)C(N)C(C)CC,-5.6799998
2200,CN(C(=O)c1cc2ccccc2s1)C1(C(=O)NC(Cc2ccccc2)C(=O)NCCCN2CCOCC2)CCCC1,-4.530177984021837
2201,O=C(O)CCCN1CC(C(=O)O)Oc2c(OCc3ccc(OCCCCc4ccccc4)cc3)cccc21,-6.130768280201767
2202,CCCCC(=O)NS(=O)(=O)c1ccccc1-c1ccc(Cn2c(CCC)nc(CC)c2C(=O)O)c(F)c1,-5.1999998
2203,CC(C)NC(C)C(O)c1cccc2ccccc12,-4.6718245
2204,COc1ccc(-n2nc(C#N)c3c2C(=O)N(c2ccc(C4(CN(C)C)CC4)cc2)CC3)cc1,-5.337242168159213
2205,O=C(c1nnc(-c2ccccc2)o1)N1CCC(Oc2ccc(CN3CCCC3)cc2)CC1,-4.259637310505756
2206,C=CC1=C(C)C(=CC2=NC(=Cc3[nH]c(C=C4NC(=O)C(C)=C4C=C)c(C)c3CCC(=O)O)C(CCC(=O)O)=C2C)NC1=O,-5.6290045
2207,O=C(CS)NCCCCCC(=O)Nc1cccc2cccnc12,-4.849527240034924
2208,Cn1cncc1CN1CC(N(Cc2ccc(S(C)(=O)=O)cc2)S(=O)(=O)c2ccccn2)Cc2cc(C#N)ccc21,-6.698970004336019
2209,COc1cc(Sc2c(-c3ccncc3)[nH]c3ccccc23)cc(OC)c1OC,-5.329176416008121
2210,O=C(Nc1cnc(-c2ccncc2)c(-c2ccccn2)n1)C1CC1,-4.455931955737293
2211,CCS(=O)(=O)n1c2c(c3cc(C(=O)N4CCC(C)CC4)ccc31)CN(C1CCOCC1)CC2,-4.886056647769872
2212,COc1cccc2[nH]nc(NCC(C)(C)c3ccccc3)c12,-5.026872146400302
2213,O=C(c1ccc(F)cc1)C1CCN(CCn2c(=O)[nH]c3ccccc3c2=O)CC1,-4.439226544444445
2214,CC(Cc1ccc(O)c(C(C)(C)C)c1)NC(=O)C(C(C)C)N(C)C(=O)C(N)Cc1ccccc1,-4.918084986131332
2215,CS(=O)(=O)Nc1ccc2c(c1)S(=O)(=O)N=C(C1=C(O)C3C4CCC(O4)C3N(Cc3ccc(F)cc3)C1=O)N2,-7.096910013008056
2216,CN1C(=O)CC(N2CCN(CCCN3c4ccccc4Sc4ccc(CC(=O)O)cc43)CC2)N(C)C1=O,-4.9099998
2217,Nc1ncnc2c1C(=O)N(c1ccc(-c3ccc(CC(=O)N4CCC(O)C4)cc3Cl)cc1)CCO2,-5.958607314841775
2218,CCc1c2nc(-c3cc(S(=O)(=O)N4CCN(CC)CC4)cnc3OCCOC)[nH]c(=O)c2nn1CCOC,-5.045757490560675
2219,CC=C(C)C(=O)NC(c1ccccc1)C(O)C(=O)OC1CC2(O)C(OC(=O)c3cccc(N=[N+]=[N-])c3)C3C4(OC(C)=O)COC4CC(OC(=O)CNC(=O)OC(C)(C)C)C3(C)C(=O)C(O)C(=C1C)C2(C)C,-3.910094888560602
2220,CC(=O)Nc1ccc(O)cc1,-4.405772470173536
2221,COc1ccc2c(=O)cc(-c3ccccc3)oc2c1,-4.64743231521315
2222,Cc1ccc(-c2ncc(Cl)cc2-c2ccc(S(C)(=O)=O)cc2)cn1,-4.281165437044241
2223,CCCCc1oc2ccc(NS(C)(=O)=O)cc2c1C(=O)c1ccc(OCCCN(CCCC)CCCC)cc1,-4.52
2224,Cc1nsc(-c2nnc3n2CCN(C(=O)c2ccc(F)cc2)C3)n1,-4.321481620969914
2225,C=CCNC(=O)C(NC(=O)C(O)(CCCN(Cc1ccc(Br)cc1)NC(=O)C(NC(=O)OC)C(C)(C)C)Cc1ccc(C=C)cc1)C(C)(C)C,-4.346787486224656
2226,CS(=O)(=O)Nc1ccc2c(c1)S(=O)(=O)N=C(c1c(O)c(C3=CCCC3)nn(CCC3CC3)c1=O)N2,-6.229147988357855
2227,Cn1c(-c2ccccn2)c(C2CCCCC2)c2ccc(C(=O)NC(C)(C)C(=O)Nc3ccc(NC(=O)C(N)=O)cc3)cc21,-4.889410289700751
2228,CCOC(=O)c1cc(C#N)c(N2CCC(C(=O)NS(=O)(=O)Cc3ccc(C)cc3)CC2)nc1C,-4.3979400086720375
2229,CCCCOC(=O)c1ccc(O)cc1,-4.4899998
2230,CC(OC1OCCN(Cc2n[nH]c(=O)[nH]2)C1c1ccc(F)cc1)c1cc(C(F)(F)F)cc(C(F)(F)F)c1,-5.105130343254747
2231,CCCCCCCCCC(=O)NN,-4.1199999
2232,CCC1OC(=O)C(C)C(OC2CC(C)(OC)C(O)C(C)O2)C(C)C(OC2OC(C)CC(N(C)C)C2O)C(C)(O)CC(C)CN(C)C(C)C(O)C1(C)O,-6.28573530869406
2233,Cn1c2c(c3cc(S(=O)(=O)c4c[nH]c5ccccc45)ccc31)C1CCC(C2)N1,-6.136677139879544
2234,Cc1cccc(C)c1OCC(C)N,-3.5500590112266623
2235,CC(C)C(=O)Nc1ccc(N(O)O)c(C(F)(F)F)c1,-4.3224800000000005
2236,Cc1cc(Oc2cccc(Cn3ccnc3)c2)cc(C)c1Cl,-4.678401569534656
2237,O=C(c1cnc(N2CCN(C(=O)NS(=O)(=O)c3ccc(Cl)s3)CC2)c(Cl)c1)C1CC1,-6.920818753952375
2238,Cc1ccc2c(c1)C=C(C(=O)NC1OC(CO)C(O)C(O)C1O)C(=O)C2,-5.441291429466834
2239,CC1CCCN1CCCOc1ccc(-c2ccc(=O)[nH]n2)cc1,-4.869666231504994
2240,CCC(C)C1NC(=O)C2CCCN2C(=O)C(C(C)O)NC(=O)C2CCCN2C(=O)C(Cc2ccccc2)NC(=O)C(C)NC(=O)c2csc1n2,-6.397940008754028
2241,COc1cc(Nc2nc3n(n2)CCC(=O)N3Cc2ccccc2C(F)(F)F)ccc1-n1cnc(C)n1,-4.346787486224656
2242,Cc1cc(Cc2ccc(C(=O)NC3CCCC3C(=O)NO)cc2)c2ccccc2n1,-5.920818753952375
2243,CC(C)(C)C(=O)OCOC(=O)c1ccccc1-c1ccc(CN2CCC(COC(=O)c3c4n(c5ccccc35)CCCO4)CC2)cc1,-5.045757490560675
2244,COC(=O)OC1C(=O)C2(C)C(OC)CC3OCC3(OC(C)=O)C2C(OC(=O)c2ccccc2)C2(O)CC(OC(=O)C(O)C(CC(C)C)NC(=O)OC(C)(C)C)C(C)=C1C2(C)C,-5.052076380126205
2245,CC(=O)N1CCN(C2CC(n3cc(-c4cccc(OCC56CCC(CC5)O6)c4)c4c(N)ncnc43)C2)CC1,-5.251811972993799
2246,N#Cc1cccc(Cc2ncccn2)c1,-4.175874187281294
2247,CN(C(=O)C(Cc1ccc(CN)cc1)NS(=O)(=O)c1ccc2ccccc2c1)C1CCCC1,-4.9586072
2248,COc1ccc(-c2oc3c(CC=C(C)C)c(OC4OC(CO)C(O)C(O)C4O)cc(O)c3c(=O)c2OC2OC(C)C(O)C(O)C2(C)OC2OC(C)(CO)C(O)C(O)C2O)cc1,-6.4910722
2249,Cn1cncc1CN1CC(N(CC2CCN(C(=O)C3CCCC3)CC2)S(=O)(=O)c2ccccn2)Cc2cc(C#N)ccc21,-6.301029995663981
2250,CC(=O)NCC1CN(c2ccc(N3CCOCC3)c(F)c2)C(=O)O1,-4.665557269359313
2251,COc1cc(Nc2nc(NC3CCCCC3N)n3ncnc3c2C(N)=O)cc(OC)c1,-6.481486060122113
2252,Cc1cc(COc2ccc(NC(=O)C3CN(C)CCC3C(=O)NO)cc2)c2ccccc2n1,-7.0
2253,CN(C)C(=O)Oc1cccc(NC(=O)C2(N(C)C)CCN(c3ncnc4[nH]c5c(c34)CCCC5)CC2)c1,-4.756961951235279
2254,CC(C)CC(NC(=O)CNC(=O)C(Cc1ccc(O)cc1)NC(=O)C(CO)NC(=O)C(Cc1c[nH]c2ccccc12)NC(=O)C(Cc1c[nH]cn1)NC(=O)C(CCC(N)=O)NC(=O)CCC(=O)NC1OC(CO)C(O)C(O)C1O)C(=O)NC(CCCN=C(N)N)C(=O)N1CCCC1C(=O)NCC(N)=O,-5.713436502641306
2255,O=C(NC1CCN(C(=O)CCc2cccnc2)CC1)C(c1ccccc1)C1CCCCC1,-4.920818753952375
2256,O=C(NC1CCCC(c2nc3ccccc3[nH]2)C1)c1ccc2c(c1)OCCO2,-4.070581074285707
2257,CC(Cc1cccc(CC(=O)NCc2cc(Cl)cc(Cl)c2)c1)NCC(O)c1ccc(O)c(CO)c1,-6.0
2258,NC1=NC(c2ccncc2)(c2cccc(-c3cncnc3)c2)c2ccccc21,-5.468521082957745
2259,CCC(=O)NC1CCC(C(=O)N(C)c2ccc(-c3nc4ccccc4o3)cc2)C1,-4.026872146400302
2260,CN(C(=O)c1c(F)cccc1Cl)c1ncc(-c2cc(C(N)=O)ccc2Cl)cc1OCC(F)(F)F,-5.229147988268393
2261,Cn1c(=O)[nH]c2nc(-c3ccco3)c(-c3ccncn3)cc21,-4.494850021680094
2262,CC(C)(C)CCn1c(=O)c(C2=NS(=O)(=O)c3cc(NS(C)(=O)=O)ccc3N2)c(O)c2cccn21,-6.154901959989307
2263,N#Cc1ccc(N2CCN(Cc3cc(C(=O)O)c(=O)n4ccccc34)CC2)cc1,-4.657577319177793
2264,COCCC1CC1c1cncc(OCC2CCCN2C)c1,-4.041436116778033
2265,O=C1CC(c2ccc(CC(Nc3nc4ccccc4s3)c3nc4ccccc4[nH]3)cc2)S(=O)(=O)N1,-6.020479303839453
2266,Cc1cc(C(C)Nc2ccccc2C(=O)NO)c2nc(N3CCOCC3)cc(=O)n2c1,-4.2839966563652006
2267,CC1CCC(=O)CCCC=Cc2cc(O)cc(O)c2C(=O)OC1,-4.98
2268,CCOC(=O)CNC(CCc1ccc(O)cc1)C(=O)N1CCCC1C(=O)NCc1cc(Cl)ccc1CN,-5.050609993355088
2269,O=C(O)C=Cc1ccc(O)c(O)c1,-5.853871964321762
2270,CC(C)CC1NC(=O)C(Cc2ccc(O)cc2)N(C)C(=O)C2CCCN2C(=O)C(CC(C)C)NC(=O)C(CC(=O)O)N(C)C(=O)C(CC(C)C)N(C)C1=O,-6.443697499174535
2271,CC(C)(C)C(O)C(=O)N1COCC1C(=O)NCc1cc(Cl)ccc1-n1cnnn1,-5.0655015487564325
2272,NC(=O)Nc1ccc(O)cc1OCC(O)CN1CCC2(CC1)Cc1cc(Cl)ccc1O2,-6.301029995663981
2273,Nc1ncnc2c1C(=O)N(c1ccc(-c3ccccc3Cl)c(F)c1)CCO2,-5.0
2274,Cn1cc(-c2ccc(-c3cnc(N)c4ccc(C(=O)N5CCCC5)nc34)cc2)cn1,-4.522878745280337
2275,O=C(NC1(C(=O)NC(Cc2ccccc2)C(=O)NCCCN2CCOCC2)CCCC1)c1sc2ccccc2c1Cl,-4.82102305270683
2276,CCCC(=O)N1CCC(NS(=O)(=O)c2ccc(NC(=O)c3ccccc3C)c3ccccc23)CC1,-4.6020599913279625
2277,CC(C)c1nc2ccccc2n1Cc1ccc(C(=O)NC2CN(C(=O)OC(C)(C)C)CC2C(=O)NO)cc1,-6.698970004252014
2278,CN(C)CCN(C)C(=O)c1ccc(-c2cnc(N)c(C(=O)Nc3cccnc3)n2)cc1,-5.721246399047171
2279,NS(=O)(=O)c1ccc(Nc2ncc3c(n2)-c2ccsc2CC3)cc1,-4.469160221383479
2280,N#CC1CCCN1C(=O)C(N)Cc1ccc(-c2ccccc2)cc1,-5.575118363368933
2281,N=C(N)NCCCC(NC(=O)C(N)Cc1ccc(O)cc1)C(=O)NC(Cc1ccccc1)C(=O)NC(Cc1ccccc1)C(N)=O,-7.6779497189832515
2282,CC(C)(C)c1ccc(C(O)CCCN2CCC(C(O)(c3ccccc3)c3ccccc3)CC2)cc1,-5.2625526338415565
2283,CS(=O)(=O)NCC1CCCC2(S(=O)(=O)c3ccc(C(F)(F)F)cc3)c3c(F)ccc(F)c3OCC12,-4.375717904164332
2284,Nc1ncnc2c1OC(c1ccc(C3CCC(CC(=O)O)CC3)cc1)CO2,-5.113509274827518
2285,c1ccc2c(NCCCCCCCNc3c4c(nc5ccccc35)CCCC4)c3c(nc2c1)CCCC3,-5.441558074523585
2286,CC(CO)Nc1cc2c(cc1S(=O)(=O)Nc1ccc(F)c(Cl)c1)CCC(=O)N2,-5.79317412396815
2287,O=C(CO)Nc1ccc2c(=O)n(Cc3ccc(Cl)c(Cl)c3)cnc2c1,-4.47755576649368
2288,O=C1NC(=O)C(c2ccccc2)(c2ccccc2)N1,-4.465510565802908
2289,CC(Nc1cc(F)cc(F)c1)c1cc(C(=O)N(C)CCO)cc2c(=O)cc(N3CCOCC3)oc12,-6.0
2290,CCOC(=O)c1cc(C#N)c(N2CCC(C(=O)NS(=O)(=O)c3ccc(Cl)s3)CC2)nc1C,-5.221848749616356
2291,Cc1ccc2c(NC3CC3)noc2c1-c1ccc2c(c1)NC(=O)C21CCOCC1,-4.585026652021886
2292,COC1C(=O)C2(C)C(OC)CC3OCC3(OC(C)=O)C2C(OC(=O)c2ccccc2)C23OC(=O)OC2C(OC(=O)C(O)C(NC(=O)c2ccccc2)c2ccccc2)C(C)=C1C3(C)C,-5.829738284703782
2293,COCCCOc1cc(C(=O)N(CC2CNCC2NC(=O)OCc2ccccc2)C(C)C)ccc1OC,-6.007082197306289
2294,Cc1nn(-c2ccc3onc(N)c3c2)c2c1CCN(c1ccc(-c3ccccc3CN(C)C)cc1)C2=O,-5.167491087220323
2295,Cc1ccc(C(=O)NC2CC2)cc1-c1ccn2c(C(C)(C)C)nnc2c1,-4.823908740944319
2296,CON=C(C(=O)NC1C(=O)N2C(C(=O)O)=C(COC(N)=O)CSC12)c1ccco1,-6.3350594391983375
2297,CC(C)CC1NC(=O)CNC(=O)C(Cc2ccccc2)NC(=O)C(CC(N)=O)NC(=O)C(Cc2ccc(O)cc2)NC(=O)C(C)NC1=O,-7.698970004252014
2298,C=CCc1cc(OC)c(OC(C)C(OC(C)=O)c2ccc(OC)c(OC)c2)c(OC)c1,-4.5900002
2299,Clc1ccc(-n2cc(NCCN3CCOCC3)nn2)cc1Cl,-4.292429823902063
2300,O=C1OCCN1N=Cc1ccc(N(O)O)o1,-4.9899998
2301,O=c1ncn(Cc2c(F)cc(F)cc2F)c2ccc(Oc3cccc(-c4ccc5[nH]cnc5c4)c3C(F)(F)F)cc12,-6.3979400086720375
2302,CN1CCN(C(=O)CCNC(=O)C(Cc2ccccc2)NC(=O)C2(NC(=O)c3cc4ccccc4s3)CCCC2)CC1,-5.699270301778673
2303,CC(=O)Nc1nc2ccc(-c3ccc(N)nc3)cc2s1,-4.337242168238819
2304,O=C(NC1(C(=O)NC(Cc2ccccc2)C(=O)NCC2CCN(CC3CCOCC3)CC2)CCCC1)c1cc2ccc(Br)cc2s1,-6.096910013006042
2305,OCC1OC(OC2(CO)OC(CO)C(O)C2O)C(O)C(O)C1O,-5.906240226755913
2306,C=CCN(CC)C(=O)C1(c2cccs2)CC1CN,-4.863279432843593
2307,CCCCCCNC(=O)c1ccc(N2CCN(C(=O)c3ccccc3C(F)(F)F)CC2)nn1,-4.698970004252014
2308,Cc1ccccc1CN(CCN(Cc1cncn1C)c1ccc(C#N)cc1)S(=O)(=O)c1cn(C)cn1,-6.397940008754028
2309,O=C1CC(=O)CC(C2CC2c2cc(C(F)(F)F)cc(C(F)(F)F)c2)C1,-4.66354026615147
2310,C#CCN(CC#C)C(=O)C1(c2cccs2)CC1CN,-4.602059991245972
2311,Nc1nccc2cc(OC3CCCN(Cc4ccccc4)C3)ccc12,-5.657577319177793
2312,O=c1ncn(Cc2c(F)cc(F)cc2F)c2ccc(Oc3cccc(-c4nc5ncccc5o4)c3C(F)(F)F)cc12,-5.522878745280337
2313,O=C(Nc1cc(C(F)(F)F)cc(C(F)(F)F)c1)c1cnc(Cl)nc1,-5.214670164989233
2314,CC1CCC(O)CCCC=Cc2cc(O)cc(O)c2C(=O)OC1,-5.27
2315,N=C(N)SCc1ccccc1Sc1cc(F)ccc1CSC(=N)N,-6.56246936830415
2316,CC(CS(C)(=O)=O)Nc1n[nH]c2nc(Oc3ccc(F)cc3F)ncc12,-5.522878745280337
2317,N=C(N)c1ccc(-c2ccc(-c3ccc(C(=N)N)cc3)o2)cc1,-6.420135325845797
2318,O=C(C=Cc1ccccc1)c1ccccc1,-5.539102157243452
2319,NC1=NC(c2cccc(-c3cncnc3)c2)(c2ccnc(C(F)F)c2)c2cccc(F)c21,-4.518578659424534
2320,N#Cc1c(-c2ccc(Br)cc2)no[n+]1[O-],-5.1023729087821685
2321,Cn1cc(-c2ccc(-c3cnc(N)c4ccc(C(=O)NC5CC5)cc34)cc2)cn1,-4.488116639021126
2322,N#Cc1cccc(Cn2cnc3ccccc32)c1,-4.181576958393797
2323,CNC(=O)c1cc2cc(C3(Cc4ccccc4)CCNC3)ccc2[nH]1,-5.853871964321762
2324,CC1(C)SC(C(=O)O)C(C(=O)NC(CC(N)=O)C(=O)O)S1,-4.778585762157661
2325,Cc1cc(COc2ccc(C(=O)NC3(CC(=O)NO)CCN(C(=O)C(C)C)CC3)cc2)c2ccccc2n1,-6.698970004336019
2326,N#Cc1ccc(Cn2cncc2CN2CCN(C(=O)C3CCCCC3)CCC2c2ccccc2)cc1,-4.600326278639221
2327,CC1(C)CC(=O)N(CCCCN2CCN(c3ncccn3)CC2)C(=O)C1,-4.6999998
2328,CCC(C)C(NC(=O)C(CCCN=C(N)N)NC(=O)C(CC(C)C)NC(=O)CN)C(=O)NC(CC(C)C)C(=O)NC(CC(C)C)C(=O)NC(CC(C)C)C(=O)NC(CCCCN)C(=O)NC(C(=O)O)C(C)C,-7.376750709801049
2329,CC1CCC(C(=O)N(c2ccc(Oc3ccccc3C(F)(F)F)cc2C(=O)O)C(C)C)CC1,-4.795880017344075
2330,Nc1ccncc1,-4.020282031323975
2331,C=CC1CC1(NC(=O)C1CC(OC)(c2ccc(-c3cccc(OC)c3)cc2)CN1C(=O)C(NC(=O)OC1CCCC1)C(C)(C)C)C(=O)NS(=O)(=O)C1CC1,-4.958607314841775
2332,Cc1c(Cc2ccccc2S(=O)(=O)c2ccccc2)c2c(n1CC(=O)O)CCNC2=O,-7.814909327626439
2333,CCOC(=O)C(Cc1ccc(OC(=O)N(C)C)cc1)NC(=O)C1N(S(=O)(=O)c2cnn(C)c2)CSC1(C)C,-5.370658460851818
2334,CCCCC1N(CC2CCOCC2)C(=O)OC12CCN(C1(C)CCN(C(=O)c3c(C)ncnc3C)CC1)CC2,-6.221848749616356
2335,Cn1cnc(S(=O)(=O)N(CCN(Cc2cncn2C)c2ccc(C#N)cc2)Cc2ccccc2)c1,-5.959013364530591
2336,O=C(O)CC(c1cnc2ccccc2c1)N1CCC(CCCc2ccc3c(n2)NCCC3)C1=O,-5.6900001
2337,O=C(CCCN1CCC(O)(c2ccc(Cl)cc2)CC1)c1ccc(F)cc1,-4.796374073481287
2338,C=CCN(C(=O)C1(c2ccsc2)CC1CN)C1CC1,-5.275724130299409
2339,CC(C)C(NC(=O)C(OCc1ccccc1)C(O)C(O)C(OCc1ccccc1)C(=O)NC1c2ccccc2CC1O)C(=O)NCC(F)(F)F,-5.539000834200348
2340,O=C(NCCO)c1ccc(O)cc1OCC(O)CN1CCC2(CC1)Cc1cc(Cl)ccc1O2,-5.853871964321762
2341,COC(C)(C)C(O)C(=O)N1CC2CC2C1C(=O)NCc1cc(Cl)ccc1-n1cnnn1,-5.455931955737293
2342,COC(=O)c1cnc(Nc2cnc(C#N)cn2)cc1NCC1CCNCC1,-5.585026652029182
2343,O=C(NCc1cccnc1)c1cc(-n2cnn(Cc3ccc(F)cc3)c2=O)n[nH]1,-4.920818753952375
2344,O=C(Nc1ccc(OC2CCC(C(=O)O)CC2)cc1F)c1nnc(Nc2cc(F)c(F)cc2F)o1,-4.481486060122112
2345,O=C(NCc1ccc(Cl)s1)c1ccc2[nH]c(-c3ccc(C(=O)c4ccccc4C(F)(F)F)cc3)nc2c1,-5.279014255846261
2346,CCOC(=O)N(Cc1ccccc1-c1ccccc1)C1CCNC1,-4.56863623588076
2347,CC(C)CC(O)C(O)C(CC1CCCCC1)NC(=O)CCCCCc1ccccc1,-5.1500001
2348,CCC12CCN(CC3(O)CC3)C(Cc3ccc(O)cc31)C2(C)C,-4.833412618695692
2349,O=C(O)c1cn(Cc2ccc3c(c2)OCCO3)c2cccc(F)c2c1=O,-4.443697499232712
2350,CN(CCc1cnn(-c2nccc3c(=O)[nH]cnc23)c1)Cc1ccc(Cl)c(Cl)c1,-4.673459331483438
2351,COc1ccc2c3c1OC1C(O)C=CC4C(C2)N(C)CCC341,-4.282409811317516
2352,O=C1CC(=O)CC(c2cc(C(F)(F)F)cc(C(F)(F)F)c2)C1,-4.42021640338319
2353,CC(=O)Nc1ccc(O)cc1OCC(N)CN1CCC2(CC1)Cc1cc(Cl)ccc1O2,-5.568636235841012
2354,CC(Cc1ccc(Cl)cc1)C(=O)N1CCN(c2ccc(Cl)cc2C(NC(=O)C2CN(C)C2)C(C)C)CC1,-5.698970004336019
2355,CCN(CC)CCN(Cc1ccc(-c2ccc(C(F)(F)F)cc2)cc1)C(=O)Cn1cc([S+](C)[O-])c(=O)nc1SCc1ccc(F)cc1,-5.77810782523439
2356,Nc1ncnc2c1c(-c1cccc(OCC34CCC(CC3)O4)c1)cn2C1CC(CN2CC[S+]([O-])CC2)C1,-5.356547323513812
2357,COC(=O)NC(C(=O)NN(CCCC1(Cc2ccccc2)C(=O)N(C2c3ccccc3CC2O)CC1O)Cc1ccc(Br)cc1)C(C)(C)C,-4.657577319133345
2358,CCC1CC1(NC(=O)C1CC(Oc2cc(-c3csc(NC(C)C)n3)nc3c(Cl)c(OCCN4CCCCC4)ccc23)CN1C(=O)C(NC(=O)OC1CC2CC2C1)C(C)(C)C)C(=O)O,-5.173925197299173
2359,NCC1(c2cccc(Cl)c2)CCC(N2CCn3c(nnc3C(F)(F)F)C2=O)CC1,-5.795880017344075
2360,CCOC(=O)c1cc(C#N)c(N2CC(NC(=O)NS(=O)(=O)c3ccccc3)C2)nc1C,-6.3872161432802645
2361,CON=C(C(=O)NC1C(=O)N2C(C(=O)O)=C(CSc3nc(=O)c(=O)[nH]n3C)CSC12)c1csc(N)n1,-6.669294281395805
2362,COc1cc(C)c(S(=O)(=O)NC(=O)c2cccc3cccnc23)cc1-c1ccc(C#CCO)s1,-5.590066876668706
2363,CC(C)(C)N1CCN(c2ccc(N3CCN(C(=O)NC4C5CC6CC4CC(C(N)=O)(C6)C5)c4ccccc43)nc2)CC1,-6.522878745280337
2364,CCOC(=O)C1=C(C)NC(C)=C(C(=O)OC)C1c1cccc([N+](=O)[O-])c1,-4.7974965513061205
2365,FC(F)(F)c1cccc(Sc2ccc3nnc(-c4ccccc4)n3n2)c1,-5.6777807052660805
2366,COc1ccccc1C(=O)C=Cc1ncccc1C(F)(F)F,-4.761953896871205
2367,CSc1ccccc1Nc1nc(N2CCNCC2)nc2c(NCC3CC3)ncnc12,-6.522878745280337
2368,CC(=O)NCC1CN(c2ccc(-c3ccc(C#N)nc3)c(F)c2)C(=O)O1,-4.377969302400525
2369,Cn1oc(C2CCNCC2)cc1=O,-6.3979400086720375
2370,COc1cc(CC(CO)C(CO)Cc2ccc(O)c(OC)c2)ccc1O,-5.07745097999845
2371,Nc1ncnc2c1C(=O)N(c1ccc(-c3ccc(CN4CCC(O)C4=O)cc3Cl)cc1)CCO2,-5.1938200260161125
2372,CCCCOC(=O)N1CCN(C(=O)C(CCC(=O)O)NC(=O)c2cc(OCCOC)cc(-c3ccccc3)n2)CC1,-5.9586073148813306
2373,Cc1cc(COc2ccc(C(=O)NC3CCNCC3C(=O)NO)cc2)c2ccccc2n1,-6.698970004252014
2374,CN1CCCN(c2cncc(-c3cccc(C=CC(=O)O)c3)n2)CC1,-5.563837352959244
2375,Oc1ccc(-c2cnc(-c3cccc(O)c3)o2)cc1,-5.101631278284237
2376,COc1ccc(Nc2nc3cc(C(N)=O)ccc3n2Cc2ccccc2C(F)(F)F)cc1,-4.173925197299173
2377,O=C(C(=O)N1CCN(C(=O)c2ccccc2)CC1)c1c[nH]c2c(-c3cnco3)ncc(F)c12,-4.869666231504994
2378,Cn1cc(-c2ccc(-c3cnc(N)c4ccc(C(=O)N5CCC5)cc34)cc2)cn1,-4.565431095965801
2379,CCOC(=O)c1cc(C#N)c(N2CCN(C(=O)NS(=O)(=O)c3ccccc3)CC2)nc1C(F)(F)F,-6.221848749616356
2380,CN(C)CCC(c1ccc(Br)cc1)c1ccccn1,-4.723545614965564
2381,COCCCn1c(=O)nc(-c2ccc(N3CCN(C)CC3)nc2)c2oc3ccc(-c4cnn(C)c4)cc3c21,-6.3979400086720375
2382,Cc1ncc(CNC2CCN(CCn3c(=O)ccc4ncc(F)cc43)CC2F)cc1C#N,-4.752026733638194
2383,COc1ccc(-n2nc(Cn3ccnn3)c3c2C(=O)N(c2ccc(-c4ccccc4CN4CCC(O)C4)cc2)CC3)cc1,-5.795880017344075
2384,CC1c2cccc(O)c2C(O)=C2C(=O)C3(O)C(=O)C(=C(N)O)C(=O)C(N(C)C)C3C(O)C21,-5.65169521847592
2385,Cc1ccc(NC(=O)c2cc(N3C(=O)c4ccc(C(=O)O)cc4C3=O)ccc2N2CCCCC2)cc1,-4.920818753952375
2386,Nc1ccc(-c2cnc(NC(=O)CN(Cc3ccccc3)C(=O)c3ccncc3)s2)cc1,-4.94692155651658
2387,CC(C)(C)c1cccc(Nc2nc3cc(Oc4ccnc(C(N)=O)c4)ccc3s2)c1,-5.0
2388,CC(Nc1cc(F)cc(F)c1)c1cc(C(=O)N(C)C)cn2c(=O)cc(N3CCOCC3)nc12,-4.301029995663981
2389,CNC(=O)C=C(c1cccc(F)c1)c1ccc2nc(N)n(S(=O)(=O)NC(=O)N3CCOCC3)c2c1,-4.3899999
2390,COC(=O)NC(C(=O)NN(CCC(O)(Cc1ccccc1)C(=O)NC1c2ccccc2CC1O)Cc1ccc(Br)cc1)C(C)(C)C,-4.376750709602099
2391,CC(C)CC(CO)Nc1nc(OCc2ccccc2)nc2[nH]c(=O)sc12,-4.638272163982407
2392,COCCN1CC(=O)Nc2ncc(-c3ccc(-c4nc[nH]n4)nc3C)nc21,-4.781177561662067
2393,CCC(C)C1NCCOc2ccccc2CCCNC(=O)C(Cc2ccc(Cl)cc2)NC(=O)C(C)N(C)C1=O,-4.838631997765025
2394,COc1ccccc1N1CCN(CCN(C(=O)C2CCCCC2)c2ccccn2)CC1,-4.420216403191596
2395,CCN1CCN(S(=O)(=O)c2cnc(OCCOC)c(-c3nc4c5n(nc4c(=O)[nH]3)CCCC5C)c2)CC1,-4.619788758288394
2396,CCN(CCO)C(=O)c1cc2ccccn2c1-c1cccc(OC)n1,-4.251811972993799
2397,C#CCNc1ccnc2sc3c(=O)n(-c4ccc(Cl)cc4)cnc3c12,-4.366531544420414
2398,O=C1CCCCN1c1ccc(COC2COc3nc([N+](=O)[O-])cn3C2)cn1,-4.472627917129291
2399,CC(C)CC(NCCN)c1cccc(F)c1N1CCN(C(=O)C(Cc2ccc(Cl)cc2Cl)N2CCCC2=O)CC1,-5.698970004252014
2400,O=C(O)c1cc(N=Nc2ccc(S(=O)(=O)Nc3ccccn3)cc2)ccc1O,-5.704519427714779
2401,FC(F)(F)c1ccc(Nc2nnc(-c3cccnc3CCc3ccncc3)o2)cc1,-5.136677139879544
2402,CC(C)c1nnc2ccc(-c3[nH]cnc3-c3cc(F)ccc3F)cn12,-6.0
2403,O=C(O)CCCN1CC(CO)Oc2c(NC(=O)c3ccc(OCCCCc4ccccc4)cc3)cccc21,-6.769551078621726
2404,CN(C(=O)c1c(F)cccc1Cl)c1ccc(-c2cc(C(N)=O)ccc2Cl)cc1OCC(F)(F)F,-4.492144128228127
2405,COC(=O)Nc1nc2cc(C(=O)c3ccccc3)ccc2[nH]1,-5.288192770979405
2406,CCc1cc(-c2ccc(C(F)(F)F)o2)n(-c2ccc3c(c2)nc(-c2cc(C(=O)N4CCCC4)ccc2O)n3Cc2ccc(=O)[nH]c2)n1,-6.721246399047171
2407,CC(C)(C)C(O)C(=O)N1CC2CC2C1C(=O)NCc1cc(Cl)ccc1-n1cnnn1,-5.094883741049742
2408,CC(=O)c1sc(NC(=O)NC2CN(C(C)=O)CCC2CN2CCCC(Cc3ccc(F)cc3)C2)nc1C,-5.552841968743335
2409,Cc1cn(CCCCN2CCN(c3cc(C(F)(F)F)nc(C(C)(C)C)n3)CC2)c(=O)[nH]c1=O,-5.7121982700697735
2410,CC(c1cccnc1F)c1c(CCN(C)C)sc2ccccc12,-4.663540266075735
2411,CN1C(=O)CC(N2CCN(CCCN3c4ccccc4COc4ccc(C(=O)O)cc43)CC2)N(C)C1=O,-5.119999900000001
2412,Cc1c(-c2cccc(OCCCCC(=O)O)c2)c(=O)n(CC(N)c2ccccc2)c(=O)n1Cc1c(F)cccc1C(F)(F)F,-7.0
2413,Cn1cnc(S(=O)(=O)N(Cc2ccccn2)C2Cc3cc(C#N)ccc3N(Cc3cncn3C)C2)c1,-6.698970004336019
2414,O=C(O)CN1C(=O)C2(CC(=O)N(Cc3cc(Cl)ccc3F)C2)c2cc(Cl)ccc21,-5.7447274948966935
2415,NC(CC(=O)N1CCCC1CNS(=O)(=O)C(F)(F)F)Cc1cc(F)c(F)cc1F,-5.036212172654444
2416,NC(=S)NCC1CN(c2ccc(C3CCS(=O)(=O)CC3)c(F)c2)C(=O)O1,-5.8875352369232905
2417,O=C(O)C1CN(Cc2ccc(-c3noc(-c4onc(-c5ccccc5)c4C(F)(F)F)n3)cc2)C1,-4.982966660701219
2418,COc1cccc(-c2cccc(C3(C)N=C(N)CN3C(C)=O)c2)c1,-4.795880017344075
2419,NC(=O)C1C(c2ccccc2)CCN1C(=O)C(N)Cc1ccccc1,-5.865711014058578
2420,O=C(NCc1cc(Cl)ccc1-n1cnnn1)C1C2CC2CN1C(=O)C(O)Cn1cccn1,-6.508638306165727
2421,CN(C)C(=O)c1cccc(N=c2c(O)c(O)c2=NC2CCCC2)c1O,-4.995678626108679
2422,COc1ccc(-n2nc(C(N)=O)cc2C(=O)Cc2ccc(-n3ccccc3=O)cc2F)cc1,-5.657577319133345
2423,CCc1cc(-c2ccc(C(F)(F)F)o2)n(-c2ccc3c(c2)nc(-c2cc(C(=O)N4CCCC4)ccc2O)n3Cc2c[nH]c(=O)c(C)c2)n1,-5.167491087293763
2424,O=C1COCCN1c1ccc(C2CC(c3ccc([N+](=O)[O-])o3)=NO2)cn1,-5.065249125336421
2425,Cc1cc(COc2ccc(C(=O)NC3CNCCC3C(=O)NO)cc2)c2ccccc2n1,-6.698970004252014
2426,O=C(NC1(C(=O)NC(Cc2ccccc2)C(=O)NCCCN2CCOCC2)CCCC1)c1ccc2ccccc2c1,-5.267606240177032
2427,Oc1cc(C2CCNCC2)no1,-6.301029995831991
2428,CC(=O)N1CCN(c2ccc(N3CCN(C(=O)NC4C5CC6CC4CC(O)(C6)C5)c4ccccc43)nc2)CC1,-6.0
2429,COC1C(=O)C2(C)C(OC(=O)N(C)C)CC3OCC3(OC(C)=O)C2C(OC(=O)c2ccccc2)C2(O)CC(OC(=O)C(O)C(NC(=O)c3ccccc3)c3ccccc3)C(C)=C1C2(C)C,-5.485452247254785
2430,C#CCN(CC)C(=O)C1(c2cccs2)CC1CN,-4.686132779723136
2431,CC(C)CCn1nc(-c2ccccc2)c(O)c(C2=CS(=O)(=O)c3cc(NS(C)(=O)=O)ccc3N2)c1=O,-7.721246399047171
2432,COc1cc(C=CC(=O)C(Cc2cn(CCCCCCNC(=O)CCNC(=O)CCNC(=O)COC3CCC4(C)C(=CCC5C4CCC4(C)C(C(C)CCCC(C)C)CCC54)C3)nn2)=C(O)C=Cc2ccc(O)c(OC)c2)ccc1O,-5.337242168318426
2433,COc1cccc(CN2CCCn3c(c4c(=O)n(-c5ccccc5Cl)[nH]c4cc3=O)C2)c1,-4.651695136951839
2434,CS(=O)(=O)c1ccccc1-c1ccc(NC(=O)c2cc(C(F)(F)F)nn2-c2cccc(CN)c2)cc1,-5.489156237395879
2435,Oc1cccc(-c2ccc3cc(O)ccc3c2)c1,-5.050609993266316
2436,Cc1cnc(NCCc2ccc(F)c(F)c2)c(=O)n1CC(=O)NCCON=C(N)N,-6.036212172827222
2437,CCCCOc1ncc(C(C)=O)cc1-c1nc(O)c2nn(C3CN(CC)C3)c(CC)c2n1,-4.522878745210253
2438,O=C(NC1CCC(c2cccc(F)c2F)Cn2c(C3CC3)nnc21)N1CCC(n2c(=O)[nH]c3ncccc32)CC1,-5.3979400086720375
2439,Cc1nc(-n2cnn(Cc3ccc(F)cc3)c2=O)sc1C(=O)NCc1cn(C)cn1,-4.3872161432802645
2440,CCCn1c(=O)c2cccnc2n(CCC)c1=O,-4.200659450546418
2441,C=CCc1cc(OC)c(OC(C)C(O)c2ccc(O)c(OC)c2)c(OC)c1,-4.5100002
2442,CC(C)OC(=O)N1CCC(CN(C2Cc3cc(C#N)ccc3N(Cc3cncn3C)C2)S(=O)(=O)c2ccccn2)CC1,-6.0
2443,Cn1c(-c2cccc3cccnc23)c(C2CCCCC2)c2ccc(C(=O)NC(C)(C)C(=O)Nc3ccc(C=CC(=O)O)cc3)cc21,-5.468521082957745
2444,CCOc1cc(OC2CC3C(=O)NC4(C(=O)NS(=O)(=O)C5CC5)CC4C=CCCCCCC(NC(=O)c4ccn[nH]4)C(=O)N3C2)c2ccc(OC)c(C)c2n1,-6.698970004336019
2445,CN(C)C(=O)c1cc(CN2CCOc3c(F)cccc32)c2oc(N3CCOCC3)cc(=O)c2c1,-5.187086643267858
2446,CC1(C)SC2C(NC(=O)Cc3ccccc3)C(=O)N2C1C(=O)O,-5.930327367283433
2447,Cn1c(N2CCCN(CCCN3c4ccccc4Sc4ccc(C(C)(C)C(=O)O)cc43)CC2)cc(=O)n(C)c1=O,-5.001636802025919
2448,O=C1CC(c2ccc(CC(Nc3nc4ccccc4s3)c3nc4cc(C(F)(F)F)ccc4[nH]3)cc2)S(=O)(=O)N1,-6.3979400086720375
2449,COc1ccc(Cl)cc1C(=O)NCCc1ccc(S(=O)(=O)NC(=O)NC2CCCCC2)cc1,-4.611749347069392
2450,COc1cc(Nc2nc3n(n2)CCC(=O)N3Cc2ccccc2C)ccc1-c1ccnnc1,-4.7447274948966935
2451,NCc1cccc(Cn2cnc3ccccc32)c1,-4.559191996859903
2452,O=C1NNC(=O)C1(c1ccccc1)c1ccccc1,-4.5293937
2453,FC(F)(F)Oc1cccc(Nc2nnc(-c3cccnc3CCc3ccncc3)o2)c1,-5.1487416512809245
2454,CNC(=O)C=C(c1cccc(F)c1)c1ccc2nc(N)n(S(=O)(=O)NC(=O)N(C)C)c2c1,-4.0599999
2455,O=[N+]([O-])c1cn2c(n1)OCC(OCc1ccc(N3CCSCC3)cc1)C2,-4.573814174816617
2456,CS(=O)(=O)Nc1ccc(-c2ccnc(Nc3ccc(CN4CCS(=O)(=O)CC4)cc3)n2)cc1,-5.337242168238819
2457,O=C(Nc1cnc(-c2ccncc2F)c(-c2cccnc2)n1)C1CC1,-4.431798275933005
2458,CC#Cc1cncc(-c2cc(C3(C4CC4)N=C(C)C(N)=N3)ccc2O)c1,-5.698970004336019
2459,COC(=O)C1=COC(C)C2CN3CCc4c([nH]c5ccccc45)C3CC12,-4.8184909368913615
2460,Cc1nc2ccccc2c(-c2ccc3c4c(ccnc24)CCO3)c1C(OC(C)(C)C)C(=O)O,-4.853871964321762
2461,O=C1CC(c2ccc(CC(Nc3nc4ccc(Cl)cc4s3)c3nc4ccccc4[nH]3)cc2)S(=O)(=O)N1,-6.096910013008056
2462,CC1CCC(N2CCC3(CN(C(=O)c4cc5ccc(F)cc5[nH]4)c4ccccc43)C2)CN1,-5.289882634888183
2463,Cc1cc(C(F)(F)F)c(-c2ccc(CC(NC(=O)c3c(Cl)cccc3Cl)C(=O)OCC(C)C)cc2)c(=O)n1C,-4.488116639021126
2464,Cc1ccc(-c2nn(Cc3ccccc3)c(=O)c(C3=NS(=O)(=O)c4ccccc4N3)c2O)s1,-5.886056647693163
2465,C=C(C)n1c(=O)n(Cc2nc3ccccc3n2CCCC#N)c2cnccc21,-4.638272163982407
2466,CCc1c2nc(-c3cc(S(=O)(=O)N4CCN(C)CC4)cnc3OCCOC)[nH]c(=O)c2nn1CC(C)C,-4.721246399047171
2467,CC(C)(C)C(O)C(=O)N1CSC(C)(C)C1C(=O)NCc1cc(Cl)ccc1-n1cnnn1,-5.20760831062631
2468,C=CC1CC1(NC(=O)C1CC(Oc2cc(-c3csc(NC(C)C)n3)nc3cc(OC)ccc23)CN1C(=O)C(NC(=O)OC1CCCC1)C(C)(C)C)P(=O)(O)Cc1c(C)cccc1C,-6.721246399047171
2469,CC(=O)N(C)C(Cc1ccccc1)C(=O)N(C)C(Cc1ccccc1)C(=O)N(C)C(Cc1ccccc1)C(N)=O,-4.687225685021098
2470,Nc1ncnc2c1C(=O)N(c1ccc(-c3ccc(CO)cc3Cl)cc1)CCO2,-4.774690718274138
2471,CCCNCC1CC1(C(=O)N(C)Cc1ccc(F)cc1)c1ccc(Cl)c(Cl)c1,-5.267606240177032
2472,Cc1ccc(F)c(C)c1Oc1c(C(=O)N2CCNCC2)c2ncccc2n1-c1ccccc1,-5.36653154431531
2473,O=C(CCCN1CC[Si](O)(c2ccc(Cl)cc2)CC1)c1ccc(F)cc1,-4.703334809803852
2474,CSc1nc2cc(C(=O)N3CCC(C)CC3)ccc2[nH]1,-4.54227139171774
2475,CCOc1nc(NC(=O)C2(NC(=O)c3ccc4c(C5CCCC5)c(-c5ccc(F)cn5)n(C)c4c3)CCC2)ccc1C=CC(=O)O,-4.853871964321762
2476,COc1cc(C)c(S(=O)(=O)N(C)CCOCC(=O)N2CCN(C3CN4CCC3CC4)CC2)c(C)c1,-5.787559181644246
2477,O=c1c2c3n(c(=O)cc2[nH]n1-c1ccccc1Cl)CCCN(Cc1ccccc1)C3,-4.374687549038326
2478,Cc1cccc(S(=O)(=O)Nc2ccc(C)n(CC(=O)NCCONC(=N)N)c2=O)c1,-6.154901959985743
2479,COc1cc2nc(N3CCN(C(=O)C4CCCO4)CC3)nc(N)c2cc1OC,-4.790166567689706
2480,Cn1c(N2CCN(CCCN3c4ccccc4Sc4ccc(CC(=O)O)cc43)CC2)cc(=O)n(C)c1=O,-4.910035458210226
2481,Cn1c(N2CCOC(c3ccc(F)cc3)C2)nc(-c2ccncn2)cc1=O,-4.234331445240986
2482,CC1CCCN1CCCOc1ccc(-c2ccc(O)nn2)cc1,-4.869666231752497
2483,O=c1n(Cc2nc3ccccc3n2CCCCO)c2cnccc2n1C1CCC1,-4.79317412396815
2484,COc1c(NC(=O)c2ccc(C)c(N3C=C(C(=O)NCC(C)(C)O)NN3)c2)cc(C(C)(C)C)cc1NS(C)(=O)=O,-5.130768280269024
2485,N#Cc1ccc(-c2ccc(OC3OC(CO)C(O)C(O)C3O)cc2)cc1,-5.698970004336019
2486,COCC(C)Oc1cc(Oc2ccc(S(C)(=O)=O)cc2)cc(C(=O)Nc2ccc(C(=O)O)cn2)c1,-6.522878745280337
2487,Cc1nsc(-c2nnc3n2CCN(C(=O)c2ccc(-c4cccs4)cc2)C3C)n1,-4.443697499174534
2488,CNC(=O)c1ccc(-c2ccc(=O)n(Cc3cccc(Nc4ncc(-c5cnn(C)c5)cn4)c3)n2)cc1F,-5.769551078621726
2489,Cc1ccc(-c2c(C3CCCCC3)c3ccc(C(=O)NC(C)(C)C(=O)Nc4ccc(C=CC(=O)O)cc4)cc3n2C)cn1,-5.585026652029182
2490,CN1CCN(c2ccc(-n3cc(-c4ccncc4OCC4CCNCC4)cn3)cc2)CC1,-4.853871964241321
2491,Cc1cnc(NCC(c2ccccc2)c2ccccc2)c(=O)n1CC(=O)NCCONC(=N)N,-6.853871964321762
2492,CC(C)(C)c1ccc(C=CC(=O)NC2OC(CO)C(O)C(O)C2O)cc1,-5.05700040663396
2493,CNC(=O)C=C(c1ccc2nc(N)n(C(C)C)c2c1)c1cccc(F)c1F,-5.2199998
2494,Cc1c(Cc2ccccc2Cc2ccccc2)c2c(n1CC(=O)O)CCNC2=O,-6.698970004252014
2495,O=c1c2c(CN3CCCC3)n(CCc3ccccn3)c(=O)cc2[nH]n1-c1ccc(F)cc1Cl,-5.136677139879544
2496,Nc1nc(=O)c2ncn(COC(CO)CO)c2[nH]1,-6.270687374333233
2497,Cc1nccc2c1[nH]c1ccccc12,-5.223298954002898
2498,Cc1cc2oc(=O)cc(-c3cccc(N)c3)c2c(C)c1-c1ccc(CN2CCOCC2)cc1,-4.46268472688799
2499,CC1(C)CC(OC(=O)c2ccc(Oc3cccc(-c4ccnnc4)c3C#N)c(Cl)c2)CC(C)(C)N1,-4.690369832574101
2500,CN=C(NC#N)NCCSCc1[nH]cnc1C,-5.910732167064067
2501,COc1cc(NS(C)(=O)=O)cc(C(=O)OC(Cc2c(Cl)c[n+]([O-])cc2Cl)c2ccc(OC(F)F)c(OCC3CC3)c2)c1,-6.0
2502,CC1(C)CC(NC(=O)c2ccc(Oc3cccc(-c4ccnnc4)c3C#N)c(Cl)c2)CC(C)(C)N1,-6.721246399047171
2503,Cc1cnc(-c2ccccc2C(C)C)nc1NCc1ccc(-n2ccnn2)cc1,-4.638649975735801
2504,CC(C)N(C)C1CCC(N2CC(C)(C)C(NC(=O)c3cccc(C(F)(F)F)c3)C2=O)C(CS(=O)(=O)c2ccccc2)C1,-5.823908740944319
2505,Cc1ccc(C(=O)Nc2ccon2)cc1NC(=O)c1cnn(-c2ccccc2F)c1N,-4.636388020107856
2506,CC(Nc1ccccc1)c1cc(C(=O)N(C)C)cn2c(=O)cc(N3CCOCC3)nc12,-7.397940008672037
2507,CNC(Cn1c(=O)c(-c2cccc(OCCCCC(=O)O)c2F)c(C)n(Cc2c(F)cccc2C(F)(F)F)c1=O)c1ccccc1,-5.920818753964281
2508,COC(=O)c1ccc(-c2cccc(OC3OC(CO)C(O)C(O)C3O)c2)cc1,-5.311580177997967
2509,Cc1c(CN(CCc2ccccn2)C2CCN(C(=O)c3c(F)cccc3F)CC2)c(=O)n(-c2ccc(F)cc2)n1C,-5.853871964241321
2510,COc1c(O)cc2oc(-c3ccc(O)cc3)cc(=O)c2c1O,-5.1799998
2511,CC(C)CNC(=O)C(C)NCC(Cc1ccccc1)NC(=O)c1cc(C(=O)NC(C)c2ccc(F)cc2)cc(N(C)S(C)(=O)=O)c1,-5.0
2512,COc1ccnc(Oc2ccc3c(c2)c(=O)ncn3Cc2c(F)cc(F)cc2F)c1C(F)(F)F,-5.102372908709558
2513,N#Cc1ccc(NC(=O)Nc2ccc(Cc3ccc(NC(=O)Nc4ccc(C#N)cc4)cc3)cc2)cc1,-5.818156412055227
2514,O=C(Nc1cc(C(F)(F)F)cc(C(F)(F)F)c1)c1cnc(Cl)nc1-c1ccccc1,-6.045757490560675
2515,CCOC(=O)c1cc(C#N)c(N2CCN(C(=O)NS(=O)(=O)c3ccc(C)cc3)CC2)nc1C(F)(F)F,-6.657577319177793
2516,O=C(NC1(C(=O)NC(Cc2ccccc2)C(=O)NCCCN2CCOCC2)CCCC1)c1ccc(-c2ccccc2)s1,-4.931247051845189
2517,CS(=O)(=O)Nc1ccc2c(c1)S(=O)(=O)NC(=c1c(=O)c3cccn3n(Cc3ccc(F)cc3)c1=O)N2,-7.0
2518,CC1Cn2c(nnc2-c2cccnc2)C(=O)N1Cc1cccc(C(F)(F)F)c1Cl,-5.2076083105017466
2519,COc1ccc2c(OC3CC4C(=O)NC5(C(=O)NS(=O)(=O)C6(C)CC6)CC5C=CCCCCCC(NC(=O)c5cnn(C)n5)C(=O)N4C3)cc(OC(C)C)nc2c1C,-4.886056647693163
2520,CNc1cc(-c2nc(=O)n(CCC3CCCO3)c3c2oc2ncc(-c4cnn(C)c4)cc23)ccn1,-5.0655015487564325
2521,Cc1ccc(N2CCN(C(=O)C3CN(C4CCOCC4)CC3c3ccc(Cl)cc3)CC2)c(C(N)C(C)C)c1,-6.096910013006042
2522,CC(NC(=O)C1(NC(=O)C(F)(F)F)CC1)c1ccc(-c2cc(Cl)ccc2-c2nnn(C)n2)cc1F,-4.552842050746667
2523,CN(C)C(=O)CN1CCn2c(c(C3CCCCC3)c3ccc(C(=O)O)cc32)-c2ccccc21,-4.284832642151542
2524,CCN1CCC(N2CCN(C(=O)COCCN(C)S(=O)(=O)c3c(C)cc(OC)cc3C)CC2)CC1,-5.769551078716296
2525,N#Cc1c(N2CCCNCC2)n(Cc2ccccc2)c2c(=O)n(Cc3nccc4ccccc34)cnc12,-5.920818753952375
2526,COc1cccc(-c2c(C)n(Cc3c(F)cccc3F)c(=O)n(CC(NCCCC(=O)O)c3ccccc3)c2=O)c1F,-6.397940008754028
2527,CCOc1ccccc1CC(c1ccccc1)N1CCNCC1,-4.481486060122112
2528,OCc1ccncc1,-4.090277792689706
2529,O=C(CO)Nc1ccc2ncn(Cc3ccc(Cl)c(Cl)c3)c(=O)c2c1,-4.401209493236885
2530,O=C(O)c1ccc2c(C3CCCCC3)c(-c3ccoc3)n(CC(=O)N3CCOCC3)c2c1,-5.2839966563652006
2531,CC1CN(c2c(F)c(N)c3c(=O)c(C(=O)O)cn(C4CC4)c3c2F)CC(C)N1,-4.796559270396932
2532,COc1cncc(-c2nccc(-c3cc4c([nH]3)C3(CCCNC3)CNC4=O)n2)c1,-5.699613626626007
2533,CNCC(O)c1ccc(O)c(O)c1,-6.0586648994220855
2534,CC(CO)Nc1cc(NS(=O)(=O)N2CCOCC2)nc(SCc2cccc(F)c2F)n1,-5.154901959985743
2535,CC(C)C(N)C(=O)OCC1OC(n2cnc3c(N)ncnc32)C(O)C1O,-6.221306333402035
2536,Cc1cc(COc2ccc(C(=O)NC3CN(Cc4ccco4)CC3C(=O)NO)cc2)c2ccccc2n1,-5.958607314841775
2537,O=C1c2ncc3c(c(CCC(F)(F)F)cn3Cc3ccc(F)cc3)c2CCN1O,-4.97469413473523
2538,COC(=O)C=CCNC(=O)CN1C(=O)C(COC(=O)Nc2ccc(Cl)cc2C(F)(F)F)N=C(c2ccccc2)c2ccccc21,-5.419226301408109
2539,CC1=C(C(=O)O)N2C(=O)C(NC(=O)C(N)c3ccccc3)C2SC1,-6.342801102430223
2540,COc1ccc(-n2nc(C(N)=O)c3c2C(=O)N(c2ccc(C4(N(C)CCO)CC4)cc2)CC3)cc1,-5.619788758216295
2541,C#CC1(O)CCC2C3CCc4cc(O)ccc4C3CCC21C,-4.285452679353629
2542,O=C1CC(c2ccc(CC(Nc3nc4ccccc4s3)c3nc4ccccc4[nH]3)cc2Cl)S(=O)(=O)N1,-6.154901959985743
2543,Cc1cc(C#N)nc(C)c1C(=O)N1CC2CN(CCC3(c4ccccc4)CCN(C(=O)C4CCCC4)C3)CC2C1,-5.5934598195660445
2544,Cc1nc(-c2nc[nH]n2)ccc1-c1cnc2c(n1)N(CCC1CCOCC1)C(=O)CN2,-5.376750709701574
2545,O=c1[nH]c2ccccc2n1CCCN1CCC(n2c(=O)[nH]c3cc(Cl)ccc32)CC1,-5.350676476001052
2546,Nc1noc2ccc(-n3nc(C(F)(F)F)cc3C(=O)Nc3ccc(-c4ccccc4CN4CCCC4)cc3F)cc12,-5.4156687756324695
2547,Clc1ccc2c(c1)N=C(N1CCNCC1)c1ccccc1N2,-4.6799998
2548,CCCCCn1c(=O)nc(-c2ccc(NC)nc2)c2oc3ccc(-c4cnn(C)c4)cc3c21,-5.008773924307505
2549,Cc1cc(CC(OC(=O)N2CCC(c3cc4ccccc4[nH]c3=O)CC2)c2cc(CN3CCCCC3)ccn2)cc2cn[nH]c12,-5.070581074285707
2550,CC1(C)CCC23CCC4(C)C5(C)CCC6C(C)(C)C(=O)C(C#N)=CC6(C)C5=CC(=O)C4(C2C1)N(C1CCCCC1)C3=O,-7.331089778759792
2551,CN1CCN(S(=O)(=O)c2ccc(-c3cnc(N)c(C(=O)Nc4cccnc4)n3)c(C(F)(F)F)c2)CC1,-4.431798275933005
2552,CC(C)C(N)C(=O)OC(CC(Cc1ccccc1)C(=O)NC1c2ccccc2CC1O)CN1CCN(Cc2cccnc2)CC1C(=O)NC(C)(C)C,-5.289882634888183
2553,NC(=O)Cc1cc(N=Nc2ccc(S(=O)(=O)Nc3ccccn3)cc2)ccc1O,-5.7085898321608814
2554,CN(c1ccc(Cl)cc1)S(=O)(=O)c1cccc(C(=O)Nc2ccc(C#N)cc2)c1,-4.701146923590294
2555,C#Cc1ccc(NC(=O)c2cnn3c(C)cc(C)nc23)cc1,-5.2658715643802765
2556,O=C(O)c1cc2sccc2[nH]1,-4.327902142064283
2557,COc1ccc(-c2csc(-c3nc4c(=O)n(C)c(=O)nc-4n(C)n3)c2)cc1OC,-6.522878745280337
2558,COc1cccc(OC)c1C(=O)C=Cc1ccco1,-4.044312249686494
2559,Nc1nc(OC2CCCC2)nc2c1ncn2C1OC(CF)C(O)C1O,-5.478861916221973
2560,Nc1ncnc2c1ncn2C1OC(COP(=O)(O)OP(=O)(O)OP(=O)(O)O)C2OC3(OC21)C([N+](=O)[O-])=CC([N+](=O)[O-])=CC3[N+](=O)[O-],-4.995678626217358
2561,O=C(Nc1cccc(C(F)(F)F)c1)c1ccccc1NCc1ccncc1,-5.166206871463858
2562,CS(=O)(=O)Cn1cnc2c(N3CCOCC3)nc(-c3cccc4[nH]ccc34)cc21,-4.853871964241321
2563,O=C(Nc1nnc(Cc2ccccc2)s1)c1ccc(OC2CCC(C(=O)O)CC2)cc1,-5.823908740944319
2564,Cc1cc(COc2ccc(C(=O)NC3(CC(=O)NO)CCN(C(=O)C(C)(C)C)CC3)cc2)c2ccccc2n1,-6.055517327849832
2565,CCCc1nc(CC)c(C=O)n1Cc1ccc(-c2ccccc2-c2nnn[nH]2)cc1,-5.43000005
2566,C(=Cc1ccccc1)CN1CCN(C(c2ccccc2)c2ccccc2)CC1,-5.376750709602099
2567,O=C(Cc1cccc2ccccc12)Nc1cn(C2CC(NC(=O)c3ccccn3)C2)cn1,-4.585026652021886
2568,CC(C)n1c(=O)n(Cc2nc3ccccc3n2CCCC#N)c2cnccc21,-4.772113295386326
2569,CC(=O)Nc1ccccc1OCC(O)CN1CCC2(CC1)Cc1cc(F)ccc1O2,-4.782516055786093
2570,COc1ccc(-n2nc(C(N)=O)c3c2C(=O)N(c2ccc(N4CCCCC4=O)cc2)CC3)cc1,-5.669979576795093
2571,COC(=O)NC(C(=O)NN(CCCC1(Cc2ccccc2)C(=O)N(C2c3ccccc3CC2O)CC1O)Cc1ccc(-c2cccnc2)cc1)C(C)(C)C,-5.356547323635359
2572,Cc1cn2nc(C3CCCCN3C(=O)c3cc(Cl)ccc3NS(C)(=O)=O)cc2nc1N1CC(O)C1,-4.698970004336019
2573,Cc1cnc(NCCc2ccc3c(c2)CCC3)c(=O)n1CC(=O)NCCONC(=N)N,-6.173925197299173
2574,CC(C)CN(CC(O)C(Cc1ccccc1)NC(=O)OC1CCOC1)S(=O)(=O)c1ccc(N)cc1,-5.018266815957272
2575,COCc1ccc2c(C(C(=O)NS(=O)(=O)c3ccc(C)cc3OC)c3ccc4c(c3)OCO4)cn(C)c2c1,-5.300643898915995
2576,Cc1cc(COc2ccc(C(=O)NC3CC(O)CC3C(=O)NO)cc2)c2ccccc2n1,-7.0
2577,O=C1CCc2cc(S(=O)(=O)Nc3ccc(F)c(Cl)c3)c(F)cc2N1,-5.027797161620936
2578,Cc1c(Cc2ccc(=O)n(Cc3ccccc3)n2)c2cc(F)ccc2n1CC(=O)O,-5.36653154431531
2579,CC(Cn1ncnn1)Nc1ncc2cc(Oc3ccc(F)cc3F)c(=O)n(C)c2n1,-4.521433504406157
2580,CC(C)n1c(=O)c(C(=O)NC2CC3CCC(C2)N3CCCCCCCN2CCCCC2)cc2ccccc21,-4.638272163982407
2581,N#Cc1ccc(NCc2cccc3cccnc23)c(F)c1CC(=O)NCCONC(=N)N,-5.769551078621726
2582,COC(=O)NC(C(=O)NN(CCCC1(Cc2ccccc2)C(=O)N(C2c3ccccc3CC2O)CC1O)Cc1ccc(-c2ccccn2)cc1)C(C)(C)C,-5.468521082968309
2583,O=c1[nH]c2cc(-c3ccncn3)c(-c3ccco3)nc2[nH]1,-4.3979400086720375
2584,CCOc1nc(NC(=O)C2(NC(=O)c3ccc4c(C5CCCC5)c(-c5cnccn5)n(C)c4c3)CCC2)ccc1C=CC(=O)O,-4.886056647693163
2585,O=C(NCc1cc(Cl)ccc1-n1cnnn1)C1CC2CC2N1C(=O)C(O)c1ccccc1,-4.933230545814891
2586,C=CC1CC1(NC(=O)C1CC(OC)(c2ccc(-c3ccc(C)cn3)cc2)CN1C(=O)C(NC(=O)OC1CCCC1)C(C)(C)C)C(=O)NS(=O)(=O)C1CC1,-5.431798275933005
2587,CC(=O)NC(Cc1ccccc1)C(=O)NC(Cc1ccccc1)C(=O)NC(Cc1ccccc1)C(N)=O,-5.781086096151261
2588,C=C(c1ccccc1)C1OCC(N)C(C)O1,-4.987954948439412
2589,O=C(Nc1cccnc1)c1cccc(Oc2ccc3c(c2)c(=O)ncn3Cc2c(F)cc(F)cc2F)c1C(F)(F)F,-6.585026652029182
2590,Cc1ccc(C(=CCN2CCCC2)c2cccc(C=CC(=O)O)n2)cc1,-5.720707513570618
2591,Cc1ccc(NS(C)(=O)=O)c(C(=O)N2CCCCC2c2cc3nc(C4CC4)cc(C)n3n2)c1,-4.468521082957745
2592,Cc1cc(C(C)Nc2cc(Cl)ccc2C(=O)O)c2nc(N3CCOCC3)cc(=O)n2c1,-4.823908740944319
2593,NC1=NC(c2ccc(OC(F)F)cc2)(c2cccc(-c3cccnc3F)c2)C2=NCC(F)(F)CN12,-5.180456064458132
2594,CC(=O)N1CCN(c2nc(NCc3cc4ccccc4cn3)c3c(n2)C(=O)N(C(C)C)C3)CC1,-6.221848749616356
2595,COCCn1cc(C(=O)C(=O)Nc2ccc(OC)nc2)c2ccccc21,-4.494850021760071
2596,CN1CCN(Cc2ccc(C(c3nnnn3Cc3ccccc3)N3CCCN(C4CCC4)CC3)cc2)CC1,-6.098712447086019
2597,COc1c(-c2nc3cc(NS(C)(=O)=O)ccc3o2)cc(-c2ccc[nH]c2=O)cc1C(C)(C)C,-6.045757490560675
2598,O=c1c(OC2C(O)OC(CO)C(O)C2O)c(-c2ccc(O)c(O)c2)oc2cc(O)cc(O)c12,-6.170000099999999
2599,COc1cc(C2c3cc4c(cc3C(OC3OC5COC(C)OC5C(O)C3O)C3COC(=O)C23)OCO4)cc(OC)c1O,-6.12053755769515
2600,CC(=O)c1ccc(N2CCN(S(=O)(=O)c3cc4c(cc3Cl)NC(=O)C4)CC2)cc1,-4.265200170411153
2601,Cc1cc(O)cc(C)c1CC(N)C(=O)NCCCCNC(=O)C(N)Cc1c(C)cc(O)cc1C,-6.856985199809428
2602,COc1ccc2c(OC3CC4C(=O)NC5(C(=O)NS(=O)(=O)C6CC6)CC5C=CCCCCN(C)C(=O)C4C3)nc(-c3ccc(F)cc3)nc2c1,-4.699613626626007
2603,CC(C)C(N)C(=O)OC(CN1CC2CCCCC2CC1C(=O)NC(C)(C)C)C(Cc1ccccc1)NC(=O)C(CC(N)=O)NC(=O)c1ccc2ccccc2n1,-5.634512015109101
2604,CC1CN(Cc2cc(Cl)ccc2OCC(=O)O)CCN1C(=O)Cc1ccc(Cl)cc1,-5.236572006437063
2605,CCNC(=O)CCC(CO)N(C)C(=O)c1ccc2c(c1)c1c(n2C)CCC(C2CCOCC2)C1,-6.6777807052660805
2606,CC(C)CC1CC(c2cc(=O)[nH]o2)CCN1,-6.0
2607,CCc1ccc(CCNc2ncc(C)n(CC(=O)NCCON=C(N)N)c2=O)cc1,-6.537602002050522
2608,NC(=O)c1cccc(Cn2cccn2)c1,-4.35261702988538
2609,CCc1cc(-c2c[nH]c3ncc(-c4cnn(C)c4)cc23)nc(N)n1,-5.267606240132774
2610,COc1cc(Cl)ccc1CC(C)C(=O)N1CCN(c2ccc(Cl)cc2C(NC(=O)C(C)N)C(C)C)CC1,-5.521978966962606
2611,CCCCCNC(=N)NN=Cc1c[nH]c2ccc(OC)cc12,-4.958607286131331
2612,CCCCCCC(NC(=O)C(CC(C)C)NC(=O)C(Cc1ccccc1)NC(=O)CNC(=O)CNC(=O)C(Cc1ccc(O)cc1)NC(C)=O)C(N)=O,-6.117475462033839
2613,NCC(=O)N1CCCC1C(=O)O,-5.212918866247309
2614,C=CCCCS(=O)(=O)NC(=O)c1ccccc1NC(=O)C(NC(=O)OC(C)(C)C)c1ccc(Oc2cc(OC)nc(-c3ccccc3)n2)c(C=C)c1,-6.0
2615,COc1ccc(C2CCN(CCc3cnn(-c4nccc5c(=O)[nH]cnc45)c3)CC2)cc1,-5.238824186844269
2616,CC(=O)NC1(c2ccccc2)CCN(CC2CC2(C(=O)N(C)Cc2ccccc2)c2ccc(Cl)c(Cl)c2)CC1,-5.251811972993799
2617,COc1cc2c(cc1OC)CN(CCCC1CCCc3c(OC)cccc31)CC2,-5.251811972993799
2618,CCCNC(=O)c1cn2ncnc(Nc3cc(C(=O)NOC)ccc3C)c2c1C,-5.236572006437063
2619,COc1cccc(-c2c(C(=O)N3CCCCC3CO)cc3ccccn23)c1,-4.236572006437063
2620,CCc1nc(N)nc(N)c1-c1ccc2c(c1)N(CCCOC)C(=O)C(C)(C)O2,-4.721246399047171
2621,Oc1ncnc2c(-n3cc(CCN4CCC(Cc5ccc(Cl)cc5)CC4)cn3)nccc12,-5.163675884146624
2622,COc1cc2cncc(Cc3nc4c(=O)n(C)c(=O)n(CC(C)(C)C)c4[nH]3)c2cc1OC,-4.630784142794928
2623,Cc1cc(C(=O)NC2(C(=O)NC(C)c3ncc(-c4cc(Cl)cc(Cl)c4OCC(F)F)cc3F)CC2)no1,-4.638272163982407
2624,COc1cccc(CC(C)N)c1,-5.1307683
2625,CCCS(=O)(=O)c1cccc(C#Cc2cc(Cl)ccc2OCC(=O)O)c1,-4.928117992693875
2626,Cc1nc(NC(=O)CN(Cc2ccccc2)C(=O)c2ccncc2)sc1-c1ccc(N)nc1,-5.6777807052660805
2627,COc1cnc2ccc(=O)n(CCN3CCC(NCc4cnc(OC)c(C#N)c4)CC3)c2c1,-4.886056647693163
2628,COc1cc(C2c3cc4c(cc3C(OC3OC5COC(c6cccs6)OC5C(O)C3O)C3COC(=O)C23)OCO4)cc(OC)c1O,-6.002731885945632
2629,CC1=CC2OC3C(O)CC(C)(C34CO4)C2(CO)C(O)C1=O,-5.300643898915995
2630,Nc1ccc(S(=O)(=O)Nc2ncccn2)cc1,-4.8934497030352375
2631,CCN(CC)CCN(Cc1ccc(-c2ccc(C(F)(F)F)cc2)cc1)C(=O)Cn1cc(CCO)c(=O)nc1SCc1ccc(F)cc1,-6.079189932197844
2632,O=C1COCCN1c1ccc(C2CC(c3ccc([N+](=O)[O-])o3)=NO2)cc1,-4.898252926040225
2633,Cc1cccc(C)c1C(=O)N1CC2CN(CCC(NC(=O)C3CCCC3)c3ccccc3)CC2C1,-5.3979400086720375
2634,NC1=NC(c2cccc(-c3cncnc3)c2)(c2ccnc(C(F)(F)F)c2)c2cccc(F)c21,-4.408935392980125
2635,CCOC(=O)c1cc2cc(C3(Cc4ccccc4)CCNC3)ccc2[nH]1,-5.455931955649724
2636,CC(C)(C)c1ccc(NC(=O)c2ccnn2CCc2ccncc2)cc1,-5.129302647653807
2637,CCCc1nn(C)c2c(=O)[nH]c(-c3cc(S(=O)(=O)NCCCCCCO)ccc3OCC)nc12,-5.040958607678906
2638,Cc1cc(CC(NS(=O)(=O)c2ccccc2)c2nc3ccccc3[nH]2)ccc1C1CC([O-])=NS1(=O)=O,-6.3989701
2639,COc1cccc2[nH]cc(C(=O)C(=O)N3CCN(C(=O)c4ccccc4)CC3)c12,-5.366531544420414
2640,Cc1cc2c(O)n(Cc3ccccc3C#N)c(N3CCCC(N)C3)nc-2n1,-5.360513510865706
2641,CNc1ccc(-c2nc(=O)n(CCC3CCCCO3)c3c2oc2ncc(-c4cnn(C)c4)cc23)cn1,-5.1938200260161125
2642,N=C(N)NN=Cc1c(Cl)cccc1Cl,-4.18170595
2643,O=C(NC1(C(=O)NC(Cc2ccccc2)C(=O)NCC2CCN(CC3CCOCC3)CC2)CCCC1)c1cc2ccc(C(F)(F)F)cc2s1,-5.192626447256043
2644,CC(Nc1cc(F)cc(F)c1)c1cc(C(=O)N2CCC2)cc2c(=O)cc(N3CCOCC3)oc12,-5.036212172654444
2645,CC1(C)NC(=O)Cn2c1nc(-c1ccc(F)cc1)c2Nc1ccc(F)c(Cl)c1,-5.487804377178135
2646,Nc1noc2ccc(-n3nc(C(F)(F)F)cc3C(=O)Nc3ccc(-c4ccccc4CN4CCCCC4)cc3F)cc12,-5.051098239029786
2647,Cc1c(Cc2ccccc2S(=O)(=O)c2ccccc2)c(-c2ccccc2)nn1CC(=O)O,-5.698970004252014
2648,CC12C=CC(=O)C=C1CCC1C2C(O)CC2(C)C1CCC2(O)C(=O)CO,-5.185900773715676
2649,COc1ccc(-n2nc(C(F)(F)F)c3c2C(=O)N(c2ccc(C4(CN(C)C)CC4)cc2)CC3)cc1,-5.07058107421428
2650,CN(C)Cc1ccc2c(c1)CCN(C(=O)c1cc3cc(Br)ncc3n1C)C2,-4.87942606879415
2651,Cc1onc(C(=O)N2CCC(Nc3cc(=O)n(C)c4cc(F)c(F)cc34)CC2)c1C,-4.657577319177793
2652,CS(=O)(=O)Nc1ccc([N+](=O)[O-])cc1Oc1ccccc1,-4.4162346317150005
2653,Cc1nccn1-c1ccc(NC(=O)c2cc(C(F)(F)F)nn2-c2ccc3onc(N)c3c2)cc1,-6.086186147616283
2654,CC(CC(=O)NC1OC(CO)C(O)C(O)C1O)c1ccc(C(C)(C)C)cc1,-5.0101054362812265
2655,COc1ccc2c(OC3CC4C(=O)NC5(C(=O)NS(=O)(=O)C6(C)CC6)CC5C=CCCCCCC(NC(=O)c5ccn(C)n5)C(=O)N4C3)cc(OC(C)C)nc2c1C,-4.853871964321762
2656,CS(=O)(=O)C1(c2cc(N3CCOCC3)nc(-c3cccc4[nH]ccc34)n2)CCNCC1,-6.698970004336019
2657,CCCCCC=CCC=CCCCCCCCC(=O)OCCC=Cc1ccc(OC)c(OC)c1,-4.849853534537861
2658,CC(NC(=O)c1cc(C(=O)NC(Cc2ccccc2)C(O)CNC2CC2)cc(N(C)S(C)(=O)=O)c1)c1ccc(F)cc1,-6.221848749616356
2659,O=C(Nc1cc(C(F)(F)F)cc(C(F)(F)F)c1)c1cnc(Cl)nc1-c1cccs1,-5.6777807052660805
2660,NS(=O)(=O)c1cc2c(cc1Cl)N=CNS2(=O)=O,-6.222630253732158
2661,COc1cc2c(cc1OC)CN(CCCC1=CCCc3cc(OC)c(OC)cc31)CC2,-4.172630726946175
2662,CC(N)(Cc1ccccc1)C(=O)NC(Cc1ccccc1)C(N)=O,-4.735182176990463
2663,O=c1n(Cc2nc3ccccc3n2CCCC(F)(F)F)c2cnccc2n1C1CC1,-4.621602099051862
2664,Cc1ccccc1C1(C#N)CCN(Cc2cc(C(=O)O)c(=O)n3ccccc23)CC1,-4.619788758288394
2665,CN(c1ccc2c(c1)S(=O)(=O)NC(c1c(O)c3cccn3n(Cc3ccc(F)cc3)c1=O)=N2)S(C)(=O)=O,-6.045757490780337
2666,O=C(O)c1cccc(Cc2ncccn2)c1,-5.214151273328548
2667,CNC(=O)c1ccc(F)c2c(C(=O)C(=O)N3CCN(C(=O)c4ccccc4)CC3)c[nH]c12,-4.950781977329818
2668,O=C(Nc1cccc(OC(F)(F)Cl)c1)c1ccnn1CCc1ccncc1,-5.324848202949598
2669,Nc1ncnc2c1ncn2C1OC(CO)C(O)C1O,-7.003079200373376
2670,CNC(=O)C(NC(=O)C(O)(Cc1ccccc1)CN(Cc1ccc(-c2ccccn2)cc1)NC(=O)C(CC(=O)OC)C(C)(C)C)C(C)(C)C,-5.4699998
2671,CCC(C)C(N)C(=O)OC1CC(n2cc(F)c(=O)[nH]c2=O)OC1CO,-5.5599999
2672,CN(C)CC1CCCCC1(O)c1cccc(O)c1,-4.779932702989986
2673,CC(=O)Nc1ccc(O)cc1OCC(O)CN1CCC2(CC1)Cc1cc(Cl)ccc1O2,-4.869666231504994
2674,CC(C)(C)NC(=O)Nc1nc(Cl)c(COCc2ccccc2)n(CC(=O)Nc2ccccc2C(=O)NS(=O)(=O)c2ccc(C(F)(F)F)cc2)c1=O,-5.3979400086720375
2675,O=C(NC1CCN(C(=O)CCc2cccnc2)CC1)C(c1ccccc1)C1CCC(F)(F)CC1,-4.795880017344075
2676,COC(=O)c1c(Cl)cccc1-c1cnc(C(C)NC(=O)C2(NC(=O)C(F)(F)F)CC2)c(F)c1,-4.6020598717479855
2677,CC(C)n1c(=O)c(C(=O)NC2CC3CCC(C2)N3CCCCCCCN2CCOCC2)cc2ccccc21,-4.552841968657781
2678,O=C1c2ncc3c(c(COCCc4ccccn4)cn3Cc3ccc(F)cc3)c2CCN1O,-5.166852888087215
2679,O=C1NCCc2[nH]c(-c3ccnc(-c4ccccc4F)c3)cc21,-5.024568191490737
2680,CC(C)CC(CO)Nc1nc(SC(C)c2cc(Cl)ccn2)nc2nc(N)sc12,-6.0
2681,CC1CCC(Oc2ccnc3c(F)cccc23)CN1C(=O)c1ccccc1-n1nccn1,-4.468521082957745
2682,CS(=O)(=O)N1Cc2ccc(S(=O)(=O)c3ccc4c(c3)OCCO4)cc2C1,-4.510098384177319
2683,CC(C)(C)NC(=O)C1CN(Cc2cccnc2)CCN1CC(O)CC(Cc1ccccc1)C(=O)NC1c2ccccc2CC1O,-5.63456667226575
2684,O=C(NCCc1ccccc1)c1ccc(N2CCN(C(=O)c3ccccc3C(F)(F)F)CC2)nn1,-4.795880017258057
2685,COc1ccc(F)c(-c2cccc(C3(c4ccncc4)N=C(N)N4CC(F)(F)CN=C43)c2)c1,-5.096910013006042
2686,COC1C(=O)C2(C)C(OC(=O)N(C)C)CC3OCC3(OC(C)=O)C2C(OC(=O)c2ccccc2)C23OC(=O)OC2C(OC(=O)C(O)C(CC(C)C)NC(=O)OC(C)(C)C)C(C)=C1C3(C)C,-5.619788758288394
2687,COc1cccc2c1C(=O)c1c(O)c3c(c(O)c1C2=O)CC(O)(C(=O)CO)CC3OC1CC(N)C(O)C(C)O1,-6.557135017160206
2688,Cc1ccc(S(=O)(=O)NC(=O)C(c2ccc3c(c2)OCO3)c2cn(C)c3cc(CO)ccc23)cc1,-5.769719694655432
2689,O=C(O)CCCn1cc(CC(=O)O)c2c(C=Cc3ccc(OCCCCOc4ccccc4)cc3)cccc21,-5.161150909262744
2690,COc1cc(Cl)ccc1CC(C)C(=O)N1CCN(c2c(F)cccc2C(NC(=O)C2CNC2)C(C)C)CC1,-6.698970004336019
2691,CCCCCCCCC(N)C(=O)NC(Cc1ccc(O)cc1)C(=O)N1CCCC1C(=O)NC(Cc1c[nH]c2ccccc12)C(=O)NC(Cc1ccccc1)C(=O)NC(Cc1ccccc1)C(=O)NCC(=O)NC(CC(C)C)C(=O)NC(CCSC)C(N)=O,-4.991399828238082
2692,CCCCCN(CCCOC)C(=O)C(CCC(=O)O)NC(=O)c1ccc(Cl)c(Cl)c1,-5.140179945950713
2693,Cc1ncc(CNC2CCN(CCn3c(=O)ccc4ccc(C#N)cc43)CC2F)cc1C#N,-4.838631997765025
2694,Nc1noc2ccc(-n3nc(C(F)(F)F)c4c3C(=O)N(c3ccc(-c5ccccc5CN5CCC(O)C5)cc3F)CC4)cc12,-4.886056647693163
2695,O=C(Nc1ccc(Cl)cc1)c1ccnn1CCc1ccncc1,-5.158676731803296
2696,CCOCC(CCc1ccccc1)NC(=O)C1(NC(=O)CC2C3CC4CC(C3)CC2C4)CCCC1,-6.0
2697,O=C(OC1CC(n2cc(F)c(=O)[nH]c2=O)OC1CO)c1cncc(C(=O)OC2CC(n3cc(F)c(=O)[nH]c3=O)OC2CO)c1,-5.761201437286083
2698,CC(C)CC(OC(=O)C(C)(C)C)C(=O)NC1(C(=O)NC(CCc2ccccc2)c2nc(C3CC3)no2)CCCC1,-4.3979400086720375
2699,O=C(O)CCCN1CC(C(=O)NS(=O)(=O)c2ccccc2)Oc2c(NC(=O)c3ccc(OCCCCc4ccccc4)cc3)cccc21,-7.221848749712267
2700,Oc1cc(N2CCOCC2)nc(Cc2nc3cccc(-c4ccccc4)c3o2)n1,-4.490797477834448
2701,CC(CO)Nc1cc(NS(=O)(=O)N2CCOCC2)nc(SCc2cccc(Cl)c2F)n1,-5.267606240177032
2702,O=C(OC1CC2CC3CC(C1)N2CC3=O)c1c[nH]c2ccccc12,-4.8894105
2703,CC(C)Oc1ccc(C(=O)NC2(C(=O)NC(Cc3ccccc3)C(=O)NCC3CCN(CC4CCOCC4)CC3)CCCC2)cc1,-6.096910013006042
2704,CCOC(=O)c1ccc2c(C(C(=O)NS(=O)(=O)c3ccc(C)cc3OC)c3ccc4c(c3)OCO4)cn(C)c2c1,-4.699356101084005
2705,O=C(O)CCc1ccc(C#Cc2cc(Cl)nc(Cl)c2)cc1,-3.9507819773298185
2706,CN(C)CC(C)(C)Cn1c(CC(C)(C)C)nc2cc(C=CC(=O)NO)ccc21,-4.712198270069774
2707,O=C1COCCN1c1ccc(COC2COc3nc([N+](=O)[O-])cn3C2)cc1F,-4.296107046367456
2708,CC(=O)N1CCN(C2CC(n3cc(-c4cc(OCC5CCCO5)ccc4F)c4c(N)ncnc43)C2)CC1,-4.963746382235598
2709,c1cnc2ccc(Cn3nnc4ncc(-c5cnn(C6CCNC6)c5)nc43)cc2c1,-5.508638306124295
2710,COC(=O)NC(CCN1C2CCC1CC(n1c(C)nc3c1CN(C(C)=O)CC3)C2)c1ccccc1,-5.397940008754028
2711,CNC(Cc1ccccc1)C(=O)N(C)CC(=O)N(C)CC(=O)NCC(=O)NCC(=O)N(C)C(Cc1ccccc1)C(N)=O,-6.337242168238819
2712,Cn1ncc(NCc2ccncc2)c1C(=O)Nc1ccc(Cl)c(Cl)c1,-5.171780635413297
2713,CCOC(=O)c1cc(C#N)c(N2CC(C(=O)NS(=O)(=O)Cc3ccccc3)C2)nc1C,-6.522878745280337
2714,O=C(O)CN(CCN(CC(=O)O)Cc1ccccc1O)Cc1ccccc1O,-7.743019965898549
2715,Fc1cccc(CCCNCCc2ccnc(-n3ccnc3)n2)c1,-4.749579997691106
2716,Nc1ncnc2c1ncn2C1OC(COC(=O)C(N)Cc2ccccc2)C(O)C1O,-6.175223537524454
2717,Cc1ccc(-c2cc(C(=O)O)ncn2)cc1Cl,-4.619788758288394
2718,O=C(O)CN1C(=O)C(NC(=O)c2cc3sc(Cl)c(Cl)c3[nH]2)Cc2ccccc21,-6.522878745280337
2719,O=C(O)c1cc(-c2ccc(OC(F)(F)F)c(Cl)c2)ncn1,-4.978810700930062
2720,CS(=O)(=O)N1CCN(c2ccc(N3CCN(C(=O)NC4C5CC6CC4CC(O)(C6)C5)c4ccccc43)nc2)CC1,-5.102372908709558
2721,O=C1CCCCN1C1CCN(c2nc3ccccc3n2Cc2ccc(F)cc2)CC1,-4.906578314878324
2722,c1ccn2cc(-c3ccc(OCCCN4CCCCC4)cc3)cc2c1,-4.850780887258465
2723,Nc1ncnc2c1C(=O)N(c1ccc(-c3ccccc3F)cc1)CCO2,-5.0
2724,O=c1n(Cc2nc3ccccc3n2CCCCO)c2cnccc2n1C1CCCC1,-4.795880017344075
2725,CCn1cc(C2(c3cccc(NC(=O)c4ccc(Cl)cn4)c3)N=C(N)c3c(F)cccc32)cc(C)c1=O,-5.031517051446065
2726,C#CC#CCC=CCCCCCC(C)=O,-4.493031255420024
2727,Cn1c(N2CCCN(CCCN3c4ccccc4Sc4ccc(OCC(=O)O)cc43)CC2)cc(=O)n(C)c1=O,-5.925729698221328
2728,O=C(NC1Cc2ccccc2N(CC(CO)CO)C1=O)c1cc2cc(Cl)sc2[nH]1,-4.769551078621726
2729,N#Cc1ccc(NCC(F)(F)c2ccccn2)c(F)c1CC(=O)NCCONC(=N)N,-6.045757490670506
2730,COCCOC(=O)C(Cc1ccc(-c2c(C(F)(F)F)cc(C)n(C)c2=O)cc1)NC(=O)c1c(Cl)cccc1Cl,-4.30189945437661
2731,CN(Cc1c2c(=O)n(-c3ccccc3Cl)[nH]c2cc(=O)n1Cc1ccncc1)c1ccccc1,-5.337242168318426
2732,Cc1ccc(C(F)(F)CNc2ccc(C#N)c(CC(=O)NCCONC(=N)N)c2F)nc1,-6.379848126626007
2733,CCC(C)Nc1ncc(C(=O)Nc2cc(C(=O)NC)ccc2C)s1,-5.080921907623926
2734,C=CC1CC1(NC(=O)C1CC(n2cc(-c3ccccc3)nn2)CN1C(=O)C(NC(=O)OC1CCCC1)C(C)(C)C)C(=O)NS(=O)(=O)C1CC1,-5.958607314841775
2735,COCCN1C(=O)CNc2ncc(-c3ccc(-c4nc[nH]n4)nc3C)nc21,-5.301029995663981
2736,CCCCC(C)OC(=O)COc1ccc(C(=O)CN2CCN(C3CCNCC3)CC2=O)cc1,-5.29
2737,Fc1cccc(OC2CN(c3c4c(nc5ccnn35)CCNCC4)C2)c1,-5.102372908709558
2738,O=C(Nc1ccccc1)c1cccc(Oc2ccc3c(c2)c(=O)ncn3Cc2c(F)cc(F)cc2F)c1C(F)(F)F,-6.075720713938118
2739,Cc1nc(-c2ccc(Cl)cc2-c2ccc(C(C)NC(=O)C3(NC(=O)C(F)(F)F)CC3)c(F)c2)no1,-4.508638364812148
2740,CC(C)CC(OC(=O)C(C)(C)C)C(=O)NC1(C(=O)NC(CCc2ccccc2)C(=O)OC(C)(C)C)CCCC1,-4.221848749616356
2741,CN(C)C(=O)CCN1CCN(CC2CC2(C(=O)N(C)Cc2ccc(F)cc2)c2ccc(Cl)c(Cl)c2)CC1,-4.552841968743335
2742,COc1ccc(Sc2ccc(F)cc2CSC(=N)N)c(CSC(=N)N)c1,-5.619788758288394
2743,CN(C)C(=O)c1cccc(N=c2c(O)c(O)c2=Nc2ccccc2)c1O,-5.619788758144197
2744,CN(CCc1cnn(-c2nccc3c(O)ncnc23)c1)Cc1ccc(F)cc1,-5.0008694588563145
2745,Cc1c(Cc2ccccc2S(=O)(=O)c2ccccc2)c2c(=O)n(C(F)F)ccc2n1CC(=O)O,-6.397940008754028
2746,Nc1ncnc2c1c(-c1cccc(OCc3ccccc3)c1)cn2C1CC(CN2CCC2)C1,-5.267606240177032
2747,CN(C)CCN(c1ccc(Cl)cc1)c1ccccn1,-4.7958798
2748,COC(=O)C(C)NP(=O)(OCC1C=CC(n2cc(C)c(=O)[nH]c2=O)O1)Oc1ccc(C)cc1,-5.924313889996435
2749,Nc1ncnc2c1C(=O)N(c1ccc(-c3c(F)cccc3F)c(F)c1)CCO2,-5.0
2750,COC(=O)c1c(F)cc(Cl)cc1-c1ccc(C(C)NC(=O)C2(NC(=O)C(F)(F)F)CC2)c(F)c1,-4.568636338440379
2751,Cn1c(NCCCN2CCC(CN3c4ccccc4Sc4ccc(C(=O)O)cc43)CC2)cc(=O)n(C)c1=O,-6.023540895307345
2752,CCOC(=O)NC(=N)c1ccc2[nH]c(Cc3nc4ccccc4[nH]3)nc2c1,-6.1500001
2753,O=C1CN(N=Cc2ccc(-c3ccc([N+](=O)[O-])cc3)o2)C(=O)N1,-5.698970004336019
2754,CCCCCN1C(=O)C2(CCc3cc4c(cc32)OCO4)c2ccccc21,-5.958607314841775
2755,Cc1cc(CN2CC(C(=O)O)C2)ccc1NC(=O)c1cc(N(CC2CC2)C2CCCCC2)ncn1,-5.619788758288394
2756,Cc1ccc(C2=CCC(C)(C)c3ccc(C(=O)Nc4ccc(C(=O)O)cc4)cc32)cc1,-5.080921907623926
2757,CN1CCC(NC(=O)Nc2ccc(C#N)cc2)CC1c1nc2ccccc2[nH]1,-5.223298816011589
2758,CCC1(CC)CNc2ccc(S(=O)(=O)Nc3ccc(F)cc3F)cc2C(=O)N1,-4.795880017344075
2759,COc1cc(C(=O)Nc2nonc2NCc2ccc(-c3cc(Cl)cc(F)c3-c3noc(C)n3)cc2F)on1,-4.318758762624412
2760,Cc1nc(-n2cnn(Cc3ccc(F)cc3)c2=O)sc1C(=O)NCc1ncco1,-4.619788758288394
2761,CC(O)c1ccc(N(C)S(=O)(=O)c2cccc(C(=O)Nc3ccc(C#N)cc3)c2)cc1,-4.482804102050026
2762,COCCCNC(=O)c1nc(-c2ccc(S(=O)(=O)N3CCN(C)CC3)cc2)cnc1N,-4.853871964241321
2763,CC1(C)CC(=O)c2c(C(F)(F)F)nn(-c3ccc(C(N)=O)c(NC4CCC(O)CC4)c3)c2C1,-5.958607314841775
2764,CC(CS)C(=O)N1CCCC1C(=O)O,-4.816872458962267
2765,Cc1ccc(C(=O)Nc2ccon2)cc1Nc1ncnc(NC(C)C)c1C#N,-4.621602099051862
2766,CCc1c(C2CCN(CCCSc3ccc(F)cc3)CC2)c2ccc(F)cc2n1-c1ccc(C(=O)O)cn1,-4.721246399047171
2767,COc1cc2c(cc1S(=O)(=O)Nc1ccc(C(F)(F)F)cc1)C(=O)NC(C)(C)C(=O)N2,-6.0
2768,Cc1nc2c(c(-c3ccc(Cl)cc3Cl)c1CN)C(=O)N(CC(=O)N(C)C)C2,-5.585026652029182
2769,CC(C)n1c(=O)c(C(=O)NC2CC3CCC(C2)N3CCCN2CCCC2C(N)=O)cc2ccccc21,-5.698970004336019
2770,CCn1cc(C2(c3cccc(-c4cncc(F)c4)c3)N=C(N)c3c(F)cccc32)cc(C)c1=O,-5.008773924307505
2771,CS(=O)(=O)Nc1ccc2c(c1)S(=O)(=O)N=C(C1=C(O)C3CCCCC3N(Cc3ccc(F)cc3)C1=O)N2,-6.0869625986495866
2772,N[n+]1ccn(-c2ncc(F)c3c(C(=O)C(=O)N4CCN(C(=O)c5ccccc5)CC4)c[nH]c23)n1,-5.823908740944319
2773,O=c1[nH]cnc2cnccc12,-4.370488465799546
2774,CN1C(C(=O)Nc2ccccn2)=C(O)c2ccccc2S1(=O)=O,-4.447390912709506
2775,COc1ccc2c(c1)CCC(c1cccnc1)=C2,-4.869666231628745
2776,CC1Cn2c(nnc2-c2cc[nH]n2)C(=O)N1Cc1cccc(C(F)(F)F)c1Cl,-5.267606240132774
2777,CN(C)CC1(C(N)=O)CCCN1C(=O)Nc1nc2c(s1)-c1nc(C(C)(C)C)ncc1CC2,-5.2839966563652006
2778,O=C(O)c1ccc(Oc2cc(NC(=O)N3CCC(O)(c4ccc(F)cc4)CC3)cc(Oc3ccc(F)cc3)c2)cc1,-5.886056647693163
2779,CC(C)(C)OC(=O)NCC1CCC(CNC(=O)c2cc(N3CCC(CCN)CC3)nc3ccccc23)CC1,-6.301029995747986
2780,O=C1CC(=O)N(CCc2ccccc2)C(=O)N1CCc1ccccc1,-4.35966529604926
2781,O=C(N1CCC(c2cn[nH]c2)C1)N1CCCc2ccccc21,-4.557520230935552
2782,CN1CC(=O)N=C1N,-5.920818753952375
2783,CCCCCCCC(=O)OC1C(CNS(=O)(=O)NC(=O)c2ccccc2O)OC(n2cnc3c(N)ncnc32)C1F,-5.4089353929735005
2784,CCC1(C)NC(=O)c2cc(S(=O)(=O)Nc3ccc(OC)cc3)ccc2NC1=O,-5.82390874095824
2785,Cc1noc(-c2ccccc2)c1CN1CC2(CC1=O)C(=O)N(CC(=O)O)c1ccc(Cl)cc12,-5.6777807052660805
2786,COc1cc2c(cc1OC)CN(Cc1ccc(-c3ccc(O)cc3)cc1)CC2,-4.3223930472795065
2787,CNCCNC(c1cc(C)ccc1N1CCN(C(=O)C(C)Cc2ccc(Cl)cc2F)CC1)C(C)C,-5.575290583532145
2788,O=C(O)c1ccncc1,-5.1900001
2789,CC1CN(c2cc3c(cc2F)c(=O)c(C(=O)O)cn3C2CC2)CCN1,-5.400919539998096
2790,O=C(NC1(C(=O)NC(CCCN2CCN(CC3CCOCC3)CC2)Cc2ccccc2)CCCC1)c1cc2ccccc2o1,-4.694648630553377
2791,O=C(O)CCCC=CCC1C(O)CC(O)C1CCC(O)CCc1ccccc1,-5.455931955649724
2792,Oc1cc(O)c2c(c1)OC(c1ccc(O)c(O)c1)C(O)C2,-6.352293464317288
2793,CC(C)(C)c1nc2c(C(=O)NCC3CCN(CC(O)CN4CCN(S(C)(=O)=O)CC4)CC3)cccc2[nH]1,-6.301029995663981
2794,CN(Cc1ccc(F)cc1)C(=O)C1(c2ccc(Cl)c(Cl)c2)CC1CN1CCN(C(=O)CN2CCCC2)CC1,-5.2441251443275085
2795,CCN(C)C(=O)C1CC(c2ccc(CN3CCCC3)c(F)c2)C1,-4.464705879957229
2796,CC1CN(c2cc(=O)c3cc(C(=O)N(C)C)cc(C(C)Nc4cc(F)cc(F)c4)c3o2)CCO1,-4.853871964321762
2797,COCCCOc1ccc(-c2nccc(-c3cc4c([nH]3)C3(CCCNC3)CNC4=O)n2)cn1,-5.378781578600787
2798,COC1(C)CN(C(=O)c2ccc3c(N)ncc(-c4ccc(-c5cnn(C)c5)cc4)c3c2)C1,-4.598599459218456
2799,O=C(O)CCCN1CC(C(=O)O)Oc2c(CCc3ccc(OCCCCc4ccccc4)cc3)cccc21,-5.552841968657781
2800,CC(CO)Nc1cc(NS(=O)(=O)c2cn(C)cn2)nc(SCc2cccc(Cl)c2F)n1,-5.853871964321762
2801,COc1ccc2c(c1)c(CC(=O)O)cn2C(=O)c1ccccc1,-4.4299245
2802,CCN1CCCC1CNC(=O)c1cc(S(N)(=O)=O)ccc1OC,-6.542546966440957
2803,COc1cc2c(cc1OC)CN(C(=O)c1ccc3ccccc3c1)CC2,-4.489454989845041
2804,Cc1cc(NS(=O)(=O)c2ccc(N)cc2)no1,-4.785473487663056
2805,O=C1C(Cl)=C(Nc2cccc(F)c2)C(=O)c2cnccc21,-6.2076083105017466
2806,Cc1nc(NC(=O)C2CCC(C(F)(F)F)CC2)sc1-c1ccc(N)nc1,-4.657577319177793
2807,N=C(N)SCc1cc(F)ccc1Oc1cc(Cl)ccc1CSC(=N)N,-6.369470484086882
2808,CNC(=O)C(Cc1c[nH]cn1)NC(=O)CN(CCCc1ccccc1)CC(=O)OC,-6.698970004336019
2809,COc1cc2c(cc1OC)CN(CCC=C1CCCc3c(OC)cccc31)CC2,-4.625251653992422
2810,O=C(CC1CNC(=O)c2cc(-c3cccc(F)c3)cn21)NCC1CCCCC1,-4.949233688766958
2811,CN(CCCN1CCC(CN2c3ccccc3Sc3ccc(C(=O)O)cc32)CC1)c1cc(=O)n(C)c(=O)n1C,-5.846309545705453
2812,C[S+]([O-])Cc1ccc(C(=O)Nc2ccc(OCCOCCO)nc2C(=O)NCC2CCC2)c2ccccc12,-4.585026652029182
2813,C=C(C)C1CCC(C)=CC1c1c(O)cc(CC2CN(C(C)=O)C2)cc1O,-4.309803919978615
2814,CN1CCN(S(=O)(=O)c2ccc(-c3cnc(N)c(C(=O)Nc4ncns4)n3)cc2)CC1,-4.7447274948966935
2815,CC(CSN=O)C(=O)N1CCCC1C(=O)O,-4.5
2816,O=C1N(Cc2ccc(Cl)cc2)c2ccccc2C1(O)c1ccccc1,-4.882728704344236
2817,NCC1CC1(C(=O)N1C=COc2ccccc21)c1ccsc1,-4.698970004252014
2818,CCCC(=O)c1cc(C#N)c(N2CCC(C(=O)NS(=O)(=O)Cc3ccccc3Cl)CC2)nc1C,-6.397940008754028
2819,CC(N)Cc1ccccc1,-4.3915586152354775
2820,COCCCOC(=O)C(Cc1ccc(-c2c(C(F)(F)F)cc(C)n(C)c2=O)cc1)NC(=O)c1c(Cl)cccc1Cl,-4.64206515299966
2821,N#Cc1cc(-c2nc(N)[nH]c(=O)c2Cl)ccc1OCC1CCOC1,-6.698970004336019
2822,CNc1cc(C#N)cc(-c2c[nH]c(=O)c(NC(=O)c3ccc(N4CCCC4CN4CCCC4)cc3)c2)c1,-5.481486060122113
2823,COc1ccc(-c2nnc(C(=O)N3CC(Oc4ccc(CN(C)C)c(C)c4)C3)o2)cc1,-4.267606240177032
2824,CCS(=O)(=O)CCn1c([N+](=O)[O-])cnc1C,-4.5214393
2825,Cn1cccc1C(=O)N1CCc2cc(C(=O)NO)ccc2C1,-4.657577319177793
2826,CC1CCN(C(=O)Nc2nc3c(s2)-c2nc(C(C)(C)C)ncc2CC3)C1C(N)=O,-5.468521082957745
2827,CSc1ccc(Nc2nc3cc(C(N)=O)ccc3n2Cc2ccccc2C(F)(F)F)cc1,-4.275724130399211
2828,C#CC1(O)CCC2C3CCC4=CC(=O)CCC4C3C=CC21CC,-5.3914738
2829,CC(C)(CNc1noc2ccccc12)c1ccccc1,-4.935542010773082
2830,Cc1nc2ccc(NCc3cccc(C(F)(F)F)c3)cc2n(CCNC(=O)CO)c1=O,-5.167491087293763
2831,COc1c(C)cnc(Cn2cnc3c(Cl)nc(N)nc32)c1C,-4.698970004336019
2832,N#Cc1ccc(C2(Cc3ccccc3)c3ccccc3-c3nccn32)cc1,-4.481486060122112
2833,O=C(NCc1ccccc1)N(c1ccc(Br)cc1)C1CCN(Cc2ccnnc2)CC1,-4.570247719997592
2834,CC1(c2cccc(-c3cncnc3)c2)N=C(N)c2ccccc2O1,-4.508638306124295
2835,COc1ccc2c(OC3CC4C(=O)NC5(C(=O)NS(=O)(=O)C6CC6)CC5C=CCCCCCN(C)C(=O)C4C3)nc(-c3ccccc3)nc2c1C,-4.5900002
2836,COc1c(-c2cnc3[nH]cc(C(=O)c4ccc(CO)cc4Cl)c3c2)cnn1C,-5.107905397232139
2837,CNC1CCN(c2nc(N)nc3c2oc2ncc(Cl)cc23)C1,-4.638272163982407
2838,CC(=O)NC(Cc1c[nH]c2ccccc12)C(N)=O,-5.6199999
2839,CCN(CC)C(=O)C1(c2ccc3c(c2)OCO3)CC1CN,-5.327902142064283
2840,CC#CCn1c(N2CCCC(N)C2)c(C#N)c2ncn(Cc3nccc4ccccc34)c(=O)c21,-6.301029995663981
2841,COc1cccc(OC2CN(c3c4c(nc5ccnn35)CCNCC4)C2)c1,-4.995678626217358
2842,OCC(O)C(O)C(O)C(O)CO,-6.321821640907582
2843,O=c1[nH]cnc2c(-n3cc(CCN4CCC(c5ccc(F)cc5)CC4)cn3)nccc12,-4.843753809602656
2844,O=C(c1cc2c(cc1F)OC(c1ccc(F)cc1)(c1ccc(Cl)cc1Cl)O2)N1CCOCC1,-4.97469413473523
2845,CCCCOc1ncc(C(C)=O)cc1-c1nc(O)c2nn(Cc3nccn3C)c(CC)c2n1,-5.301029995663981
2846,COc1cc(C(=O)NCc2ccc(OCCN(C)C)cc2)cc(OC)c1OC,-4.96
2847,CC(Nc1ccc(F)cc1)c1cc(C(=O)N(C)C)cn2c(=O)cc(N3CCOCC3)nc12,-4.468521082957745
2848,NS(=O)(=O)c1cc(-c2nc3ccccc3s2)cs1,-4.494850021680094
2849,CC(C)(C)CCC1(C(=O)c2ccc3[nH]ncc3c2)CCCN1,-4.698970004336019
2850,CC1(C)NC(=O)c2c(ccc(S(=O)(=O)Nc3ccc(C(F)(F)F)cc3)c2F)NC1=O,-5.3979400086720375
2851,Cn1cncc1CN1CC(N(CC2CCN(C(=O)NC(C)(C)C)CC2)S(=O)(=O)c2ccccn2)Cc2cc(C#N)ccc21,-6.221848749616356
2852,O=C(NC(Cc1ccccc1)C(=O)NNC(=O)c1ccccc1)OCc1ccccc1,-4.958607314841775
2853,CCCCCc1c(Cl)nc(NC(=O)NC(C)(C)C)c(=O)n1CC(=O)Nc1ccccc1C(=O)NS(=O)(=O)c1ccc(C(F)(F)F)cc1,-7.397940008754027
2854,COC1=CC(=O)CC(C)C12Oc1c(Cl)c(OC)cc(OC)c1C2=O,-4.381394488909552
2855,CS(=O)(=O)Nc1ccc2c(c1)S(=O)(=O)N=C(C1=C(O)C3C4CCC(C4)C3N(Cc3ccc(F)c(F)c3)C1=O)N2,-5.978810700930062
2856,C[S+]([O-])Cc1ccc(C(=O)Nc2nccnc2C(=O)NCC2CCC2)c2ccccc12,-4.838631997765025
2857,CC1CN(C(=O)c2ccccc2)CCN1C(=O)C(=O)c1c[nH]c2ccncc12,-5.721246399047171
2858,CCCN1CCOC(c2cccc(O)c2)C1,-4.420216403287393
2859,Cc1n[nH]c(=O)cc1-c1ccc(OC2CCN(C3CCC3)CC2)cc1,-4.826813731587726
2860,CC12CCC3c4ccc(OS(=O)(=O)O)cc4CCC3C1CCC2=O,-6.081325294135407
2861,CC(C)=CCn1c(N2CCCNCC2)c(C#N)c2c1c(=O)n(Cc1nccc3ccccc13)c(=O)n2C,-5.275724130399211
2862,NC(=O)CN1CCN(Cc2nc(-c3cn(CC4CCOCC4)c4c(Cl)cccc34)no2)CC1,-5.2076083105017466
2863,COc1ccc2c(OC3CC4C(=O)NC5(C(=O)NS(=O)(=O)C6CC6)CC5C=CCCCCN(C)C(=O)N4C3)nc(-c3ccccc3)nc2c1C,-4.585026652029182
2864,CC1(c2cccc(-c3cccnc3)c2)N=C(N)C(c2ccccc2)=N1,-4.337242168318426
2865,O=C(O)CCCN1CC(C(=O)O)Oc2c(C=Cc3ccc(OCCCCc4ccccc4)cc3)cccc21,-5.886056647769872
2866,Cc1[nH]n(-c2nc3ccc(F)cc3s2)c(=O)c1-c1ccccc1,-4.774690718274138
2867,O=C1c2cc(OC(F)(F)F)ccc2-n2c1nc1ccccc1c2=O,-4.657577319177793
2868,CC(=O)OC1C(CNS(=O)(=O)NC(=O)c2ccccc2O)OC(n2cnc3c(N)ncnc32)C1F,-5.958607314841775
2869,CN1CCN(Cc2ccc(OC3CN(C(=O)c4nnc(-c5ccccc5)o4)C3)cc2F)CC1,-4.337242168318426
2870,C#CCN(CC#C)C(=O)C1(c2ccsc2)CC1CN,-4.785156151964227
2871,CC1(C)CC(=O)N(CCCCN2CCN(c3ncccn3)CC2)C(=O)C1O,-4.8899999
2872,COc1ccc(C2(c3cccc(-c4cncnc4)c3)N=C(C)C(N)=N2)cc1C,-4.721246399035378
2873,Cn1cc(-c2ccc(-c3cnc(N)c4ccc(C(=O)N5CC(F)(F)C5)cc34)cc2)cn1,-4.401209493177664
2874,O=[N+]([O-])c1ccc(C2=NOC(c3ccc(N4CCCCC4)cc3)C2)o1,-5.100987914378324
2875,Cc1nc2c(cnn2-c2cccc(Cl)c2)c(=O)n1-c1ccc(Cl)cc1,-5.251811972993799
2876,Cc1cc(COc2ccc(C(=O)NC3(CC(=O)NO)CCN(CC(C)(C)C)CC3)cc2)c2ccccc2n1,-5.619788758288394
2877,COc1cc(C)c(S(=O)(=O)N(C)CCOCC(=O)N2CCC(C3CCN(C)CC3)CC2)c(C)c1,-5.585026652029182
2878,Cn1cncc1CN1CC(N(CCn2cccc2)S(=O)(=O)c2ccccn2)Cc2cc(C#N)ccc21,-4.908716743064161
2879,CS(=O)(=O)NCc1ccc(-c2ccc(N3CCOc4ncnc(N)c4C3=O)cc2)c(Cl)c1,-4.9469215566374345
2880,CC(NC(=O)C(=O)Nc1ccccc1C(C)(C)C)C1=NC2CC(=O)OC2(COc2c(F)c(F)cc(F)c2F)O1,-6.301029995663981
2881,CSc1ccc(S(=O)(=O)CC2CC(N(C)C(C)C)CCC2N2CCC(C)(NC(=O)c3cccc(C(F)(F)F)c3)C2=O)cc1,-5.823908740944319
2882,COc1cc(Nc2ncc3c(n2)-c2ccc(Cl)cc2C(c2c(F)cccc2OC)=NC3)ccc1C(=O)O,-4.207608310501746
2883,COc1ccccc1N1CCN(C(=O)C=Cc2noc(-c3cc(Cl)c(O)cc3O)c2-c2ccc(O)cc2)CC1,-4.950781977329818
2884,c1ccc(Cn2ccnc2)cc1,-4.167202628038762
2885,CC1(O)CCN(Cc2ccc(OC3CN(C(=O)c4nnc(-c5ccccc5)o4)C3)cc2)C1,-4.468521082957745
2886,COc1ccc(-c2nnc(C(=O)N3CCC(Oc4ccc(CN5CC(O)C(C)(C)C5)cc4)CC3)o2)cc1,-4.468521082957745
2887,CC(C)C(NS(=O)(=O)c1ccc(-c2ccc(OCc3cccc(C#N)c3)cc2)cc1)C(=O)O,-6.096910013008056
2888,NC(=O)C1CCCN1C(=O)C(Cc1c[nH]cn1)NC(=O)C1CCC(=O)N1,-6.831676641312956
2889,CC(C)Cn1cc(C#N)c2cc(Oc3ccc(NC(=O)C4CCCN4)cc3)ccc21,-4.872571222148401
2890,CC(C)CCC1(C)CN(C2CCC2)C(=O)C(C2=NS(=O)(=O)c3cc(NS(C)(=O)=O)ccc3N2)=C1O,-5.537602002101044
2891,CC(C)C(=O)N(CCO)c1ccc(C(O)(C(F)(F)F)C(F)(F)F)cc1,-4.2839966563652006
2892,N=C(N)SCc1cccc2c1C(=O)c1c(CSC(=N)N)cccc1-2,-6.426935982160881
2893,O=C1Nc2c(ccc(F)c2F)C1(c1ccc(O)cc1)c1ccc(O)cc1,-5.3655227298392685
2894,COCC(C)Oc1cc(Oc2ccc(S(C)(=O)=O)cc2)cc(C(=O)Nc2nccs2)c1,-4.267606240177032
2895,CC(NC(=O)C(N)COCc1ccccc1)C(=O)O,-5.990874807059521
2896,Cc1nc2c(cnn2-c2ccccc2)c(=O)n1N1CCCCC1,-5.260427655549908
2897,Cc1cc(COc2ccc(NC(=O)C3C(C(=O)NO)CCCN3C)cc2)c2ccccc2n1,-5.67778070513304
2898,C=CCN(C(=O)C1(c2cccs2)CC1CN)C1CC1,-4.749579997768329
2899,CC(=O)c1ccc(N2CC(CO)OC2=O)cc1,-4.1799998
2900,CN(CC1CCCN1C(=O)CC(N)Cc1cc(F)c(F)cc1F)C(=O)C(C)(C)C,-5.070581074285707
2901,CC(C)c1nc(N(C)c2ccnn2C)nc(-c2ccc(F)cc2)c1C=CC(O)CC(O)CC(=O)[O-],-4.806875401645539
2902,O=C1NCC2(CCCNC2)c2[nH]c(-c3ccnc(-c4cc5ccccc5o4)n3)cc21,-5.821465902854119
2903,Cc1cc(COc2ccc(NC(=O)C3CCN(C(=O)C(C)C)CC3C(=O)NO)cc2)c2ccccc2n1,-6.522878745140169
2904,O=C(O)C=Cc1ccc(Cc2c(-c3ccccc3)c(=O)oc3cc(O)ccc23)cc1,-5.0
2905,CC1OC(OC2C(O)C(OCCc3ccc(O)c(O)c3)OC(COC3OC(CO)C(O)C(O)C3O)C2OC(=O)C=Cc2ccc(O)c(O)c2)C(O)C(O)C1O,-6.6500001
2906,O=C1CCCCN1c1ccc(COC2COc3nc([N+](=O)[O-])cn3C2)cc1,-4.325598187116039
2907,Cn1cc(-c2cc3cnc(Nc4ccc(-c5cncn5C)cc4Cl)cc3n2C(=O)OC(C)(C)C)cn1,-5.301029995663981
2908,CC=CC#CC=CC(O)CCCCCC(C)=O,-4.309877254992872
2909,CC#Cc1cncc(-c2cc(Cl)c(C3(C)CS(=O)(=O)N(C)C(N)=N3)s2)c1,-4.555955204081924
2910,O=C(NCc1nccs1)c1ccc(N2CCN(C(=O)c3ccccc3C(F)(F)F)CC2)nn1,-4.537602002075783
2911,CC(C)(C)c1cc(NC(=O)C2CCC(=O)N2c2ccc(C(F)(F)F)cc2)on1,-4.853871964321762
2912,Nc1n[nH]c2nc(-c3ccc(NS(=O)(=O)c4cccc(Cl)c4Cl)cc3)cnc12,-4.876148359032914
2913,CC(C(=O)O)c1ccc2oc(-c3ccc(Cl)cc3)nc2c1,-4.346787486224656
2914,NC(Cc1ccc(-c2ccccc2)cc1)C(=O)N1CCSC1,-5.3410351572516745
2915,O=C(Cc1nc(N2CCOCC2)cc(=O)[nH]1)Nc1cccc(Br)c1,-5.853871964321762
2916,CC(=O)N1CCCC1(Cc1ccc(S(C)(=O)=O)cc1)C(=O)OCc1ccccc1,-4.508638306124295
2917,Cn1c(-c2ccccn2)c(C2CCCCC2)c2ccc(C(=O)NC3(C(=O)Nc4ccc(C=CC(=O)O)cc4)CCCNC3)cc21,-6.221848749616356
2918,CN(C)C1CCN(CC(NC(=O)CC2CNC(=O)c3cc(-c4cccc(Cl)c4)cn32)C2CCCCC2)CC1,-5.995678626217358
2919,CC1COCCN1c1nc(-c2ccncc2F)cc(=O)n1C,-4.262807357295262
2920,Cc1ccc(C(=O)N(CC(=O)Nc2ncc(-c3ccc(N)cc3)s2)Cc2ccccc2)cn1,-4.769551078621726
2921,CNCc1cnc(C)cc1Oc1ccccc1Oc1ccccc1,-4.889376956197258
2922,c1ccc(CC2(c3ccc4[nH]ccc4c3)CCNC2)nc1,-5.494850021680094
2923,CN1C(C(=O)Nc2ccccn2)=C(O)c2sccc2S1(=O)=O,-4.88432575
2924,O=C1c2c(O)cc(O)cc2OC(c2ccc(O)c(O)c2)C1O,-6.509149051541431
2925,CC1(c2cccc(-c3cccc(Cl)c3)c2)N=C(N)CCO1,-5.6777807052660805
2926,COc1ccc(NC(=O)c2ccc(Cn3ccnn3)c3ccccc23)c(C(=O)NCC2CCC2)n1,-6.017728766960431
2927,CNC(=O)c1ccc2nc(C(F)(F)F)n(C)c2c1,-4.836242476018044
2928,O=C(Nc1nc2cccc(-c3ccc(CN4CCS(=O)(=O)CC4)cc3)n2n1)C1CC1,-5.455931955649724
2929,COC(=O)NC(C(=O)NN(CCC1(Cc2ccccc2)C(=O)N(C2c3ccccc3CC2O)CC1O)Cc1ccc(-c2cccnc2)cc1)C(C)(C)C,-5.356323113606971
2930,O=C1c2ccc(Cl)cc2-n2c1nc1ccccc1c2=O,-5.3979400086720375
2931,O=C1Cc2cc(S(=O)(=O)N3CCN(c4ccc(C(=O)O)cc4)CC3)ccc2N1,-6.221848749712267
2932,Cn1c(SCCCN2CC3CCN(c4c(F)cc(F)cc4F)C3C2)nnc1-c1ccn(C)c(=O)c1,-5.0
2933,CN1C(=O)N(Cc2cc(Cl)ccc2F)C(=O)C12C(=O)N(CC(=O)O)c1ccc(Cl)cc12,-6.221848749712267
2934,CN(C)Cc1nccn1-c1ccc(NC(=O)c2cc(C(F)(F)F)nn2-c2ccc3onc(N)c3c2)c(F)c1,-5.277854301048146
2935,O=C(NCc1ccccc1)c1ccc(N2CCN(C(=O)c3ccccc3C(F)(F)F)CC2)nn1,-4.468521082957745
2936,Cc1nc(-n2cnn(CC3CC3)c2=O)sc1C(=O)NCc1cccnc1,-4.638272163982407
2937,O=c1[nH]cnc2c(-n3cc(CCN4CCC(c5ccncc5)CC4)cn3)nccc12,-5.943095148663527
2938,C=Cc1cc(C(NC(=O)OC(C)(C)C)C(=O)Nc2ccccc2C(=O)NS(=O)(=O)c2ccc(C(F)(F)F)cc2)ccc1Oc1cc(OC)nc(-c2ccccc2)n1,-5.3979400086720375
2939,NC(=O)c1sc(N2CCOCC2)nc1CC(=O)N1CCc2c(Br)cccc21,-4.607303046805251
2940,Cn1cc(-c2ccc(Cc3[nH]nc4ccc(C(=O)N5CCC(F)(F)C5)cc34)cc2)cn1,-4.437707135771763
2941,O=C1c2ncc3c(c(CCCOC4CCOCC4)cn3Cc3ccc(F)cc3)c2CCN1O,-5.511449283499556
2942,Cn1cc(-c2ccc(-c3cnc(N)c4ccc(C(=O)N5CCOCC5)nc34)cc2)cn1,-4.468521082957745
2943,O=C(NCCN1CCOCC1)c1cc(Oc2ccc3sc(Nc4ccc(Br)cc4)nc3c2)ccn1,-5.0
2944,c1cnc(CCc2ccncc2)c(-c2nnc(NCc3ccc4c(c3)OCO4)o2)c1,-5.405257650520298
2945,CS(=O)(=O)Nc1ccc(CCN(CCOc2ccc(NS(C)(=O)=O)cc2)c2ccc([N+](=O)[O-])c3nonc23)cc1,-5.431798275949754
2946,Cc1nc2c(cnn2-c2ccccc2)c(=O)n1-c1ccc(Br)cc1,-4.7121982700697735
2947,O=C1CC(c2ccc(CC(Nc3nc4ccccc4s3)c3nc4cc(Cl)ccc4[nH]3)cc2)S(=O)(=O)N1,-6.096910013008056
2948,CCc1nc(N)nc(N)c1-c1ccc2c(c1)N(CCNC(=O)OC)C(=O)C(C)(c1cc(F)cc(F)c1)O2,-5.6777807052660805
2949,CC(Cc1ccc(Cl)cc1)C(=O)N1CCN(c2ccc(Cl)cc2C(NC(=O)CCN(C)C)C(C)C)CC1,-5.047083246460253
2950,O=C(Cc1ccccc1)NC1COC(C=Cc2ccccc2)OC1,-5.049886917520309
2951,CCCCN1C(=O)C(CC2CCCCC2)NC(=O)C12CCN(Cc1ccc(Oc3ccc(C(=O)O)cc3)cc1)CC2,-4.9586073148813306
2952,O=c1[nH]c(=O)c2cc(-c3ccncn3)c(-c3ccco3)nc2[nH]1,-4.698970004336019
2953,CC1(C)NC(=O)c2cc(S(=O)(=O)Nc3ccc(C(F)(F)F)cc3)cnc2NC1=O,-5.0
2954,COc1c2ccoc2c(OCC2OC2(C)C)c2oc(=O)ccc12,-4.3000002
2955,Nc1c(-c2ccc(C3CCC(CC(=O)O)CC3)cc2)cnc2ccnn12,-4.075720713938118
2956,C=CC(=O)NCCCCC(NC(=O)OCc1ccccc1)C(=O)NCC(=O)OC(C)(C)C,-5.1249387366083
2957,Cn1c(SCCCN2CC3CCN(c4ccc(C(F)(F)F)cc4)C3C2)nnc1-c1cc[nH]c(=O)c1,-5.376750709602099
2958,CN1CC(OC(=O)N2CCCCC2)CC(C(=O)NO)C1C(=O)N1CCN(c2ccccc2)CC1,-6.045757490670506
2959,O=C(Nc1ccc(S(=O)(=O)C(F)(F)F)cc1)C1=CCN(c2ncccc2C(F)(F)F)CC1,-4.54515513999149
2960,CCCCc1ccc(Nc2nc3cc(Oc4ccnc(C(=O)NC)c4)ccc3s2)cc1,-5.0
2961,CNc1ccc(-c2nc(=O)n(CCC3CC(C)(C)CO3)c3c2oc2ncc(-c4cnn(C)c4)cc23)cn1,-5.4089353929735005
2962,CCCN(c1cccnc1)P(=O)(c1ccccc1)c1ccccc1,-4.522878745280337
2963,CCc1cn(CC(=O)N(CCN(CC)CC)Cc2ccc(-c3ccc(C(F)(F)F)cc3)cc2)c(SCc2ccc(F)cc2)nc1=O,-4.556285129665474
2964,O=[N+]([O-])c1cn2c(n1)OCC(OCc1ccc(N3CCSCC3)c(F)c1)C2,-4.493359694325123
2965,FC(F)(F)Oc1ccc(-c2ccc3nnc(C(F)(F)F)n3c2)cc1,-4.461551948289783
2966,NC(CC(=O)N1CCCC1CNS(=O)(=O)C1CC1)Cc1cc(F)c(F)cc1F,-6.56863623588076
2967,Nc1nc(F)nc2c1ncn2C1OC(CO)CC1O,-5.556553388754701
2968,COCCCn1c(CN(C)Cc2ccccc2)c2c(=O)n(-c3ccc(F)cc3Cl)[nH]c2cc1=O,-4.399027104313252
2969,CN1C2CCC1CC(OC(c1ccc(Cl)cc1)c1cccc(Cl)c1)C2,-5.596978670845016
2970,CCCCC1=NC2(CCCC2)C(=O)N1Cc1ccc(-c2ccccc2-c2nn[nH]n2)cc1,-4.880445662212267
2971,CC(C)(C)C(=O)OCn1nnc(-c2ccccc2-c2ccc(CN3CCC(COC(=O)c4c5n(c6ccccc46)CCCO5)CC3)cc2)n1,-5.292429823902063
2972,CCC1(O)C(=O)OCc2c1cc1n(c2=O)-c2cc3ccccc3nc2C1,-4.3318486
2973,CC1(C)SC2C(NC(=O)C(N)c3ccccc3)C(=O)N2C1C(=O)O,-5.952909623844056
2974,CC(C)n1nc(C(=O)NC2CC3CCC(C2)N3CCN2CCN(S(C)(=O)=O)CC2)c2ccccc21,-4.508638306165727
2975,COc1cccc(N2CCN(C(=O)C=Cc3noc(-c4cc(Cl)c(O)cc4O)c3-c3ccc(O)cc3)CC2)c1,-5.184422251675732
2976,N#Cc1ccnc(OCC2CCCN2C(=O)CC(N)Cc2cc(F)c(F)cc2F)c1,-4.3872161432802645
2977,CC(CNC(=O)c1ccc2[nH]ccc2c1)c1cccc(C(=O)c2ccccc2)c1,-5.236572006327798
2978,CC#Cc1ccnc(-c2cc(C3(C4CC4)N=C(C)C(N)=N3)ccc2O)c1,-4.721246399035378
2979,N#Cc1ccc(N2CCN(C(=O)N3CCC(c4cn[nH]c4)C3)c3ccccc32)cc1,-4.721246399047171
2980,O=C1CCCN1Cc1c(F)cc(-n2nc(C(F)(F)F)c3c2CCOC3)cc1F,-4.327902142064283
2981,COc1cccc(C(=O)Cn2cnc3c(C#N)c(N4CCNCC4)n(CC=C(C)C)c3c2=O)c1,-5.585026652029182
2982,Cc1cc(NC(=O)c2ccc3ccccc3c2)ccc1-c1cnc(OCC(C)(C)C(=O)O)nc1,-4.481486060122112
2983,[O-][n+]1cccc(-c2cc3nccc(-c4ccc(OC(F)F)c(OCC5CC5)c4)n3n2)c1,-4.71
2984,Cn1cncc1CN1CC(N(CC2CCN(C(=O)CC(F)(F)F)CC2)S(=O)(=O)c2ccccn2)Cc2cc(C#N)ccc21,-6.301029995663981
2985,CC1CN(c2cc(=O)c3cc(C(=O)N(C)C)cc(CN4CCOc5c(F)cccc54)c3o2)CCO1,-4.552841968657781
2986,CCc1nc(N)nc(N)c1-c1ccc2c(c1)N(CCCC(F)(F)F)C(=O)C(C)(c1cc(F)cc(F)c1)O2,-5.045757490560675
2987,Cn1c(N2CCCN(CCC=C3c4ccccc4COc4ccc(C(=O)O)cc43)CC2)cc(=O)n(C)c1=O,-5.420216403191596
2988,Cc1cc(NC(=O)c2ccc3ccccc3c2)ccc1-c1ccc(OCC(C)(C)C(=O)O)cn1,-4.384049948343599
2989,Cn1cc(-c2ccc(Cc3[nH]nc4ccc(C(=O)N5CCCC5)cc34)cc2)cn1,-4.555955204040962
2990,CCC1CC(n2c(=O)nc(-c3cnn(C)c3)c3oc4ccc(-c5cn(C)cn5)cc4c32)CCO1,-5.0
2991,Cc1cc(COc2ccc(C(=O)NC3CCCCC3C(=O)NO)cc2)c2ccccc2n1,-5.468521082957745
2992,COc1cc2oc(-c3ccc(O)c(O)c3)c(OC)c(=O)c2c(O)c1OC,-5.0900002
2993,CC(C)Cc1ccc(C(C)C(=O)O)cc1,-4.334013689208256
2994,CCN(CCO)C(=O)c1cc2cccnn2c1-c1cccc(C(F)(F)F)c1,-4.376750709701574
2995,COCN1C(=O)NC(=O)C(c2ccccc2)(c2ccccc2)C1=O,-4.5
2996,CCCS(=O)(=O)Nc1ccc(F)c(C(=O)Nc2cnc3[nH]cnc3c2)c1F,-6.221848749616356
2997,CC1CCc2cccc(c2)CC(C)(N)C(=O)OCc2cc(cc(N(C)S(C)(=O)=O)c2)CC1,-4.795880017344075
2998,CC(=O)NCC1CN(c2ccc(-c3nnc(CCC(C)=NO)s3)c(F)c2)C(=O)O1,-5.25113249324845
2999,O=C(O)CC1CCC(c2ccc(-c3ccc4c(c3)OCCN4C(=O)Nc3ccccc3)cc2)CC1,-4.348721986001856
3000,C=C(C)C1CCC(C)=CC1c1c(O)cc(CC2CN(C(=O)OCC)C2)cc1O,-4.657577319133345
3001,Cc1cc(F)ccc1-c1c(Oc2ccc(C=CC(=O)O)cc2)c2ccccc2oc1=O,-4.327902142048212
3002,Cc1nc2c(cnn2-c2ccccc2)c(=O)n1-c1ccc(Cl)cc1,-4.528708288941061
3003,CN(C)C(=O)Oc1cccc(NC(=O)C2(N(C)C)CCN(c3ncnc4[nH]c5c(c34)CC(F)(F)CC5)CC2)c1,-4.721246399047171
3004,CC(C)c1nc(N(C)S(C)(=O)=O)nc(-c2ccc(F)cc2)c1C=CC(O)CC(O)CC(=O)O,-6.288564281681669
3005,CCCCc1nc(Cl)c(C=O)n1Cc1ccc(-c2ccccc2-c2nnn[nH]2)cc1,-5.0600001500000005
3006,CC=C(C)C(=O)OC(C(O)c1cc2ccc(=O)oc2cc1OC)C(C)(C)O,-4.8499111345378605
3007,CC1CN(c2cc(=O)c3cc(C(=O)N4CCOCC4)cc(CN4CCOc5c(F)cccc54)c3o2)CCO1,-5.107905397232139
3008,Cc1ccc(C(=O)c2ccc(CC(=O)O)n2C)cc1,-5.0792906213127065
3009,Cc1nc(NC(=O)N2CC(O)CC2C(N)=O)sc1-c1csc(C(C)(C)C)n1,-6.037860356969059
3010,CN(CC1CCCN1C(=O)CC(N)Cc1cc(F)c(F)cc1F)S(=O)(=O)C(F)(F)F,-4.3872161432802645
3011,CCc1oc(=O)c(Cc2c(O)c(CC=C(C)C)c(O)c(C(C)=O)c2O)c(O)c1C,-4.71
3012,Cc1cc(NC(=O)c2ccc3ccccc3c2)ccc1-c1ccc(OCC(C)(C)C(=O)O)nn1,-4.371611069949688
3013,CC(c1ncncc1F)C(O)(Cn1cncn1)c1ccc(F)cc1F,-4.5512938
3014,CC(C)N(C)CC(O)CN1C2CCC1CC(NC(=O)c1nn(C(C)C)c3ccccc13)C2,-4.585026652029182
3015,C=CC1CC1(NC(=O)C1CC(OC)(c2ccc(-c3ccccc3)cc2)CN1C(=O)C(NC(=O)OC1CCCC1)C(C)(C)C)C(=O)NS(=O)(=O)C1CC1,-4.920818753952375
3016,CC(=O)N1CCN(c2nc(NCc3cnc4ccccc4c3)c3c(n2)C(=O)N(C(C)C)C3)CC1,-7.0
3017,CC(C)CCn1nc(C(C)(C)C)c(O)c(C2=NS(=O)(=O)c3cc(NS(C)(=O)=O)ccc3N2)c1=O,-6.236572006327798
3018,CCc1ccc(C=CC(=O)NC2OC(CO)C(O)C(O)C2O)cc1,-5.023650020996727
3019,CC(c1ccccc1)C(NC(=O)C(N)Cc1ccccc1)C(N)=O,-5.638683038799821
3020,COc1cc(Nc2nc3n(n2)CCCC3c2ccccc2)ccc1-n1cnc(C)c1,-4.443697499232712
3021,CC(C)n1c(N)nc2ccc(C(=CC(N)=O)c3cccc(F)c3F)cc21,-5.3000002
3022,CCc1ccc(-c2nc(=O)n(CCC3CCCO3)c3c2oc2ncc(-c4cnn(C)c4)cc23)cn1,-4.657577319177793
3023,O=C(Nc1cccc(Br)c1)c1nscc1NCc1ccncc1,-5.260775568511528
3024,COc1c(CCc2ccc(NS(C)(=O)=O)cc2)cc(-c2ccc[nH]c2=O)cc1C(C)(C)C,-5.823908740944319
3025,CCOc1ccc(Cc2nc3cc(N(C)S(=O)(=O)c4cccs4)ccc3n2CC2CCCCC2)nc1,-6.221848749712267
3026,CC1CN(c2noc(C(F)(F)F)n2)CCN1c1ncc(OCc2ccncc2C#N)cn1,-4.638272163982407
3027,O=C(Cc1nc(N2CCOCC2)cc(=O)[nH]1)Nc1ccc(F)c(F)c1,-6.096910013008056
3028,NC(=O)c1sc(N2CCOCC2)nc1CC(=O)N1CCc2cc(F)ccc21,-4.653647025549361
3029,CNC(=O)c1cc(Oc2ccc3sc(Nc4ccc(C)cc4)nc3c2)ccn1,-5.0
3030,Cc1c(NC(=O)OCC2COCCN2)cn2ncnc(Nc3ccc4c(cnn4Cc4cccc(F)c4)c3)c12,-4.669586226650809
3031,CC(C)(C)c1nc2ccccc2n1Cc1ccc(C(=O)NC2CC3(CCCO3)CC2C(=O)NO)cc1,-5.853871964321762
3032,Cc1c(Cc2ccccc2S(=O)(=O)c2ccc(F)cc2)c(-c2ccccc2)nn1CC(=O)O,-5.698970004252014
3033,CC(C)S(=O)(=O)n1c(N)nc2ccc(C(=CC(N)=O)c3c(F)c(F)c(F)c(F)c3F)cc21,-4.1999998
3034,c1ccc(Cn2nnnc2C(c2ccc3occc3c2)N2CCCN(C3CCC3)CC2)cc1,-4.3872161432802645
3035,COc1cc(Nc2nc3n(n2)CCC(O)N3Cc2ccccc2)ccc1-n1cnc(C)c1,-4.920818753952375
3036,COc1ccc(-n2nc(C(F)(F)F)c3c2C(=O)N(c2ccc(C4(C5=NCCN5C)CC4)cc2)CC3)cc1,-6.154901959985743
3037,CC(C)(C)CCn1nc(C2CC2)c(O)c(C2=NS(=O)(=O)c3cc(NS(C)(=O)=O)ccc3N2)c1=O,-6.022276394711152
3038,CC1OC(OC2C(Oc3cc(O)c4c(c3)OC(c3ccc(O)cc3)CC4=O)OC(CO)C(O)C2O)C(O)C(O)C1O,-6.8200002
3039,C1=C(c2cccnc2)CCc2ccccc21,-4.835647144161673
3040,O=C(NC1(C(=O)NC(Cc2ccccc2)C(=O)NCC2CCN(CC3CCOCC3)CC2)CCCC1)c1cc2ccc(F)cc2s1,-6.522878745280337
3041,COC(=O)N1CC(NC(=O)c2ccc(Cc3cc(C)nc4ccccc34)cc2)C(C(=O)NO)C1,-7.0
3042,NC(=O)c1ccc(F)c2c(C(=O)C(=O)N3CCN(C(=O)c4ccccc4)CC3)c[nH]c12,-5.619788758288394
3043,CC(C)n1c(=O)c(C(=O)NC2CC3CCC(C2)N3CCCCCCCN2CCN(S(C)(=O)=O)CC2)cc2ccccc21,-4.657577319177793
3044,Cn1c(N2CCCN(CCC=C3c4ccccc4COc4ccc(CC(=O)O)cc43)CC2)cc(=O)n(C)c1=O,-5.397940008836018
3045,COc1ccc(-c2c(O)ccc3cc(-c4cccc(O)c4)ccc23)cn1,-5.096910013006042
3046,CN1CCC(NC(=O)c2ccc3c(C4CCCCC4)c(-c4ccccn4)n(C)c3c2)(C(=O)Nc2ccc(C=CC(=O)O)cc2)CC1,-6.221848749616356
3047,Cc1nc(C)c(-c2ccc(C3CCC(CC(=O)NC(C)(C)C(=O)O)CC3)cc2)nc1C(N)=O,-6.1487416512809245
3048,CC1CCCN1CCCOc1ccc(C2=NNC(=O)C3CC23)cc1,-4.780531149413022
3049,CN(C)c1ncc(-c2nc(=O)n(CCC3CCCO3)c3c2oc2ncc(-c4cnn(C)c4)cc23)cn1,-4.769551078621726
3050,O=C(Nc1nnc(Cc2cc(F)cc(F)c2)s1)c1ccc(OC2CCC(C(=O)O)CC2)cc1,-5.530240373690691
3051,ON(O)NC1=NCCN1Cc1ccc(Cl)nc1,-4.6677732
3052,COc1cccc(NC(=O)Cc2nc(N3CCOCC3)cc(=O)[nH]2)c1,-6.522878745280337
3053,COc1cnc2ccc(=O)n(CCN3CCC(NCc4ccc5c(n4)NC(=O)CO5)C(F)C3)c2c1,-5.427868613124287
3054,O=c1cc(-c2ccc(O)cc2)oc2cc(O)c(C3OC(CO)C(O)C(O)C3O)c(O)c12,-6.200412212636604
3055,Cc1nc(Cl)ncc1C(=O)Nc1cc(C(F)(F)F)cc(C(F)(F)F)c1,-5.2076083105017466
3056,CCCc1nc2c(C)cc(-c3nc4ccccc4n3C)cc2n1Cc1ccc(-c2ccccc2C(=O)O)cc1,-4.762313267912203
3057,Cc1nc2ccccc2n1C1CC2CCC(C1)N2CCC(NC(=O)C1CCS(=O)(=O)CC1)c1cccc(F)c1,-4.698970004336019
3058,O=P(O)(O)C(Cl)(Cl)P(=O)(O)O,-7.284747239642385
3059,CC(C)(C)c1ccc(C(=O)OC2CC(n3cc(F)c(=O)[nH]c3=O)OC2CO)cc1,-5.669180533628122
3060,NC(=O)C(Cc1ccccc1)N1CCNC(=O)CCCCNC(Cc2ccccc2)C(=O)NCC(=O)NCC(=O)NCC(=O)NCC1=O,-5.823908740944319
3061,O=Cc1ccncc1,-4.1806966213514976
3062,COC(=O)OC1C(=O)C2(C)C(OC)CC3OCC3(OC(C)=O)C2C(OC(=O)c2ccccc2)C2(O)CC(OC(=O)C(O)C(NC(=O)OC(C)(C)C)c3ccccc3)C(C)=C1C2(C)C,-5.160521952719352
3063,CC(C)CC(O)C(O)C(CC1CCCCC1)NC(=O)OC(C)(C)C,-4.1799998
3064,COc1ccc2c(c1)c(CC(=O)O)c(C)n2C(=O)c1ccc(Cl)cc1,-4.621824538432626
3065,N#CCc1ccccc1C#Cc1ccc(CCC(=O)O)cc1,-4.040958607678906
3066,CCN(CC)CCCCN(C)c1ccnc2cc(Cl)ccc12,-4.9527249
3067,COc1cnn(C)c(=O)c1-c1ccc(CC(NC(=O)c2c(Cl)cccc2Cl)C(=O)O)cc1,-6.886056647769872
3068,CN1CCN(S(=O)(=O)c2ccc(-c3cnc(N)c(C(=O)Nc4cccnc4)n3)c(F)c2)CC1,-4.958607314841775
3069,O=C(c1nnc(-c2ccc(F)cc2)o1)N1CCC(Oc2ccc(CN3CCCC3)cc2)CC1,-4.2839966563652006
3070,Cn1c(C(F)(F)F)nc2cc(C(=O)O)ccc21,-5.007446482167865
3071,CCC(=O)NCC1CN(c2ccc(-n3cc(C#N)cn3)c(F)c2)C(=O)O1,-4.3099999
3072,CC(=O)OC1CCC2(C)C(=CCC3C2CCC2(C)C(c4cccnc4)=CCC32)C1,-5.4329739
3073,CN1C(=O)CC(N2CCN(CCCN3c4ccccc4COc4ccc(CC(=O)O)cc43)CC2)N(C)C1=O,-5.52
3074,CC(C)(C)NC(=O)C1CC2CCCCC2CN1CC(O)C(Cc1ccccc1)NC(=O)C(CC(N)=O)NC(=O)c1ccc2ccccc2n1,-6.090101582949792
3075,O=c1nc(O)ccn1C1OC(CO)C(O)C1O,-6.0999999
3076,CCOc1cccc(NC(=O)OCCN2CCCC2)c1,-4.5500002
3077,CCN(C(=O)CO)C1CN(C(=Nc2cccc(OC(F)(F)F)c2)NC#N)N=C1c1ccc(Cl)c(Cl)c1,-5.494850021680094
3078,O=C1c2ncc3c(ccn3Cc3ccc(F)cc3)c2CCN1O,-4.815308569182402
3079,COc1cc(Nc2nc3n(n2)C(C)CC(=O)N3CC2CC(F)(F)C2)ccc1-n1cnc(C)c1,-4.301029995663981
3080,CCCCc1cc(-c2c[nH]c3ncc(-c4cnn(C5CCNCC5)c4)cc23)nc(N)n1,-6.522878745280337
3081,COc1ccc2c(OC3CC4C(=O)NC5(C(=O)NS(=O)(=O)C6CC6)CC5C=CCCCCCNC(=O)N4C3)cc(-c3nccs3)nc2c1,-6.397940008754028
3082,CC1(C)SCCN(S(=O)(=O)c2ccc(OCC#CCO)cc2)C1C(=O)NO,-5.657577319177793
3083,CCCCC1CN(C2CCOCC2)C(=O)N1C1CCN(C2(C)CCN(C(=O)c3c(C)ncnc3C)CC2)CC1,-6.3979400086720375
3084,CCn1cc(C2(c3cccc(-c4cncnc4)c3)N=C(N)c3c(F)cccc32)cc(C)c1=O,-5.431798275933005
3085,CS(=O)(=O)Nc1ccc2c(c1)S(=O)(=O)N=C(C1=C(O)C3CCCCN3N(Cc3ccc(F)cc3)C1=O)N2,-7.0
3086,Nc1cc(C(F)(F)F)c(-c2cc(Nc3cnc4ccccc4c3)nc(N3CCOCC3)n2)cn1,-5.769265743835003
3087,O=C(NCC1CCC1)c1nccnc1NC(=O)c1ccc(Cn2ccnn2)c2ccccc12,-4.301029995747986
3088,Cc1nc(NC(=O)N2CCCC2C(N)=O)sc1-c1ccnc(C(C)(C)C(F)(F)F)c1,-5.42021640338319
3089,CC(C)(O)C1CCC(C)(C2C(O)CC3(C)C4CC(O)C5C(C)(C)C(O)CCC56CC46CCC23C)O1,-4.5
3090,COc1cc(C=C2CCCN3C2=NOCC3c2cc(F)c(F)c(F)c2)ccc1-n1cnc(C)c1,-4.609064892896621
3091,CN(CC(=O)O)C(=O)CN,-4.899907438720609
3092,COc1ccc(-n2nc(C(F)(F)F)c3c2C(=O)N(c2ccc(C4(N(C)CCO)CC4)cc2)CC3)cc1,-4.9469215566374345
3093,NC1=NC(c2ccncc2)(c2cccc(-c3cncc(F)c3)c2)c2cccc(F)c21,-4.619788758216295
3094,CC1(C)CNc2cc(NC(=O)c3cccnc3NCc3ccncc3)ccc21,-5.488822659755281
3095,CCCCC1CN(C2CCOCC2)C(=O)N1C1CCN(C2(C)CCN(C(=O)c3c(C)cc(C#N)nc3C)CC2)CC1,-6.0
3096,CC(C)(C)NC(=O)Nc1nc(Cl)c(CCC2CCCCC2)n(CC(=O)Nc2ccccc2C(=O)NS(=O)(=O)c2ccc(C(F)(F)F)cc2)c1=O,-6.920818753952375
3097,Cc1c2c(=O)n(-c3ccccc3Cl)[nH]c2cc(=O)n1Cc1ccccn1,-4.669586226738106
3098,CCC(C)C(NC(=O)C(O)c1cc(Cl)cc(Cl)c1)C(=O)NCc1ccnc(C#N)n1,-4.73754891026957
3099,Cc1nc(-c2ccc(C)c(-c3ccc4c(c3)NC(=O)C43CCN(S(C)(=O)=O)CC3)c2)n[nH]1,-5.698970004168009
3100,CC1CCCN1CCCOc1ccc(C2=NNC(=O)C(C)(C)C2)cc1,-4.853871964241321
3101,CN(C)CCC(Oc1ccc(NC(=O)Nc2ccc3c(ccn3C)c2)cc1)c1ccccc1,-5.236572006327798
3102,Cn1ncc(NCc2ccncc2)c1C(=O)Nc1ccc(C(C)(C)C)cc1,-5.204119982655925
3103,Cc1ncnc(C)c1C(=O)N1CC2CN(CCC(NC(=O)C3CCC(F)(F)CC3)c3cccc(F)c3)CC2C1,-6.657577319177793
3104,CS(=O)(=O)Nc1ccc2c(c1)S(=O)(=O)NC(c1c(O)c3cccn3n(Cc3ccc(F)cc3)c1=O)=N2,-7.0
3105,Cn1cncc1CN1CC(N(CC2CCN(C(=O)c3ccco3)CC2)S(=O)(=O)c2ccccn2)Cc2cc(C#N)ccc21,-6.301029995663981
3106,Nc1ncnc2c1C(=O)N(c1ccc(-c3ccccc3Cl)cc1)CCO2,-4.4881166390158445
3107,COc1ccc2c(OC3CC4C(=O)NC5(C(=O)NS(=O)(=O)C6CC6)CC5C=CCCCCN(C)C(=O)C4C3)nc(-c3nc(C(C)C)cs3)nc2c1,-5.220808715481134
3108,O=C(O)COCCN1CCN(C(c2ccccc2)c2ccc(Cl)cc2)CC1,-5.48517742251177
3109,O=C(Nc1ccc(F)c(C(F)(F)F)c1)Nc1nnc(-c2ccncc2)s1,-6.0
3110,CC(=O)NC(Cc1c[nH]c2ccccc12)C(=O)NC(C)C(=O)NCC(=O)NCC(=O)NC(CC(N)=O)C(=O)NC(C)C(N)=O,-7.29
3111,CS(=O)(=O)c1ccccc1-c1ccc(NC(=O)c2cc(C(F)(F)F)nn2-c2cccc(CN)c2)c(F)c1,-5.306802953982962
3112,CC(C)CC1NC(=O)C(Cc2ccccc2)NC(=O)C(C(C)O)N(C)C(=O)CN(C)C(=O)C(C(C)O)NC(=O)C(Cc2ccc(O)cc2)NC1=O,-7.0
3113,C=CCN1CCC23c4c5ccc(O)c4OC2C(=O)CCC3(O)C1C5,-4.616107251281552
3114,NCCCNC(=O)c1c(NC(=O)Cn2nc(C(F)(F)F)c3c2CCCC3)sc2c1CCCC2,-5.468521082957745
3115,O=c1n(CCCN2CCN(c3cccc(Cl)c3)CC2)nc2ccccn12,-4.619364033333334
3116,O=C(O)COC(=O)Cc1ccccc1Nc1c(Cl)cccc1Cl,-4.410012449668573
3117,CS(=O)(=O)NC(Cc1ccccc1)C(=O)N1CCCC1C(=O)NCC1CCN(C(=N)N)CC1,-6.561405959294903
3118,CC(=O)Nc1nc2ccc(-c3cnc(N)c(C(F)(F)F)c3)cc2s1,-4.795880017258057
3119,COc1ccc(CNC(=O)c2cc(-c3nnn(Cc4ccc(C(=O)O)cc4)n3)cc(C)n2)cc1,-5.552841968657781
3120,Cn1cncc1CN1CC(N(Cc2cccc(-n3cccc3)c2)S(=O)(=O)c2ccccn2)Cc2cc(C#N)ccc21,-5.6388122489934025
3121,O=C(O)c1ccc(-c2ccc(Cl)cc2COc2ccc(-c3nc4cc(C(=O)O)ccc4n3C3CCCCC3)cc2)cc1,-4.6307841425898575
3122,CCOc1cc(NC(=O)C2(NC(=O)c3ccc4c(C5CCCC5)c(-c5ccc(Cl)cn5)n(C)c4c3)CCC2)ccc1C=CC(=O)O,-4.7447274948966935
3123,CC#CCn1c(N2CCCC(N)C2)c(C#N)c2c1c(=O)n(CC(=O)c1cccc(OC)c1)c(=O)n2C,-5.522878745280337
3124,CC1=NC(c2cccc(-c3cncc(Cl)c3)c2)(C2CC2)N=C1N,-4.2441251443275085
3125,COC(=O)c1ccc(O)cc1,-4.46
3126,CC(=S)NCC1CN(c2ccc(-c3nnc(CN)s3)c(F)c2)C(=O)O1,-4.822443210236079
3127,Nc1cc(C(F)(F)F)c(-c2cc(N3CCOCC3)nc(N3CCOCC3)n2)cn1,-4.376750709602099
3128,CCOP(=O)(OCC)Oc1ccc(N(O)O)cc1,-4.6900001
3129,CS(=O)(=O)N(Cc1cccc(F)c1)c1c(Cl)c(Cl)cc2[nH]c(=O)c(=O)[nH]c12,-5.756961951313706
3130,CC#Cc1cncc(-c2cccc(C3(C4CC4)N=C(C)C(N)=N3)c2)c1,-4.568636235841013
3131,O=c1cc(-c2ccc(O)cc2)oc2cc(OC3OC(CO)C(O)C(O)C3OC3OCC(O)(CO)C3O)cc(O)c12,-7.119999900000001
3132,NC(N)=O,-5.318353250274349
3133,Cc1cc(OCCN2CCOCC2)nn1-c1ccc2ccccc2c1,-4.431798275933005
3134,CCCS(=O)(=O)N1CCC(CNC(=O)c2ccc(F)cc2Cl)(C(=O)N2CCOCC2)CC1,-4.6575773190888965
3135,N=C(N)NCCCC1NC(=O)C(Cc2ccccc2)NC(=O)C(Cc2ccccc2)NC(=O)CCCC(=O)NCCN(CC(N)=O)C(=O)C(Cc2c[nH]c3ccccc23)NC1=O,-4.6777807052660805
3136,NCCc1ccc(O)c(O)c1,-4.967793976181967
3137,COc1cc2ncnc(Nc3c(F)ccc(O)c3C)c2cc1OC,-5.086186147712213
3138,CCCC(=O)c1cnn(-c2ccc(NC(=O)c3cn(CC(=O)N4CCN(C)CC4)c4cc(C)c(Br)cc34)cc2)c1C,-5.552841968657781
3139,Cc1[nH]n(-c2ccccn2)c(=O)c1C(=O)Nc1ccc(C(F)(F)F)cc1,-6.221848749616356
3140,O=C(Nc1cccc(Br)c1)c1nscc1NCc1ccnc2ccccc12,-5.445823936551722
3141,Cn1c(N2CCCN(CCCN3c4ccccc4COc4ccc(CC(=O)O)cc43)CC2)cc(=O)n(C)c1=O,-5.7958800171720375
3142,Cc1nsc(NS(=O)(=O)c2ccc(N)cc2)c1C,-4.9200954
3143,COC(=O)NCC(O)CN1C2CCC1CC(NC(=O)c1cc3ccccc3n(C(C)C)c1=O)C2,-4.455931955649724
3144,CCCC(=O)c1cnn(-c2ccc(NC(=O)c3cn(CC(=O)N4CCN(CC(F)F)CC4)c4ccc(C)cc34)cc2)c1C,-5.031517051446065
3145,CC(C)n1c(=O)c(C(=O)NC2CC3CCC(C2)N3CCCCCCCN2CCN(c3ccccc3)CC2)cc2ccccc21,-4.698970004336019
3146,CC(C)S(=O)(=O)n1c(N)nc2ccc(C(=CC(N)=O)c3ccccc3)cc21,-4.3600001
3147,N#CCc1ccccc1C#Cc1ccc(CCC(=O)O)c(F)c1,-4.142667503568732
3148,N#Cc1ccccc1Cn1c(N2CCCC(N)C2)nc2nc(Br)cc-2c1O,-5.261219442
3149,CC(C)n1nc(C(=O)NC2CC3CCC(C2)N3CC(O)CN2CCC(CNS(C)(=O)=O)CC2)c2ccccc21,-6.0
3150,CC(C)CC1C(=O)N(C)C(CC(C)C)C(=O)N(C)C(CC(C)C)C(=O)N(C)C(CC(C)C)C(=O)N2CCCC2C(=O)NC(Cc2ccc(O)cc2)C(=O)N1C,-4.800519085137644
3151,O=C(NCc1cc(Cl)ccc1-n1cnnn1)C1C2CC2CN1C(=O)C(O)C1CCCCC1,-4.602059991245972
3152,CNCC1(c2ccc(N3CCc4c(C(F)(F)F)nn(-c5ccc(OC)cc5)c4C3=O)cc2)CC1,-5.585026652021886
3153,N#Cc1ccccc1Cn1c(N2CCCC(N)C2)nc2[nH]c(-c3cccnc3)cc2c1=O,-5.5934598195660445
3154,CN1CCN(S(=O)(=O)c2ccc(-c3cnc(N)c(C(=O)Nc4cccnc4)n3)cc2)CC1,-4.853871964321762
3155,CN(C(=O)COc1ccccc1)c1ccc(C(O)(C(F)(F)F)C(F)(F)F)cc1,-4.543633966870957
3156,CNC(=O)c1cc(Oc2ccc3oc(Nc4ccc(OC(F)(F)F)cc4)nc3c2)ccn1,-5.0
3157,CS(=O)(=O)c1ccc(C2=C(c3ccccc3)C(=O)OC2)cc1,-4.6217115
3158,NC(CCC(=O)O)C(=O)O,-6.0700002
3159,CC(=O)N1CCN(c2nc(NC(C)c3ccc(OC(F)(F)F)cc3)c3c(n2)C(=O)N(C(C)C)C3)CC1,-5.346787486168492
3160,NC(=O)c1ccccc1OCCCN1CCN(c2cccc3c2ccn3S(=O)(=O)c2ccccc2)CC1,-6.154901959985743
3161,Cc1nc(-n2ccc(OCc3ccccc3)cc2=O)sc1C(=O)NCc1ccccc1,-7.698970004336019
3162,c1c2c(cc3c1OCO3)-c1cc3ccc4c(c3c[n+]1CC2)OCO4,-5.065730058093065
3163,O=C(NC(Cc1ccccc1)c1nnc(-c2ccccc2)o1)OCc1ccccc1,-4.886056647693163
3164,Cn1cccc1C(=O)N1CCn2cc(C(=O)NO)cc2C1,-5.376750709602099
3165,Oc1ccc(-c2cc(-c3cccc(O)c3)cs2)cc1,-4.841637507928564
3166,Cc1noc(C)c1CN(C1Cc2cc(C#N)ccc2N(Cc2cncn2C)C1)S(=O)(=O)c1ccccn1,-5.096910013008056
3167,COc1cc(OC)c(C=CS(=O)(=O)Cc2ccc(OC)c(N)n2)c(OC)c1,-4.480172006224281
3168,COc1cc(C)ccc1S(=O)(=O)NC(=O)C(c1ccc2c(c1)OCO2)c1cn(C)c2cc(C(N)=O)ccc12,-5.795880017344075
3169,CS(=O)(=O)c1ccccc1-c1ccc(NC(=O)c2cc(C(F)(F)F)nn2-c2cccc(C(=N)N)c2)c(F)c1,-6.698970004336019
3170,Cc1cnc(NCCc2cccc3ccccc23)c(=O)n1CC(=O)NCCONC(=N)N,-6.494850021680094
3171,O=c1cc(N2CCOCC2)nc(Cc2nc3c(-c4ccccc4)cccc3[nH]2)[nH]1,-7.0
3172,O=C(O)Cc1ccccc1Nc1c(Cl)cccc1Cl,-4.460359878168403
3173,COc1ccc(OC2CN(c3c4c(nc5ccnn35)CCNCC4)C2)cc1,-4.982966660701219
3174,CC(C)C1(C)CC(=O)N(Cc2cc(F)cc(N3CC(c4ccccc4)CC3=O)c2)C(=N)N1,-5.173925197299173
3175,CCCS(=O)(=O)N1CCC(CNC(=O)c2ccc(F)cc2C(F)(F)F)(C(=O)N2CCOCC2)CC1,-4.6575773190888965
3176,CCCCOc1ncc(S(=O)(=O)N2CCN(CC)CC2)cc1-c1nc(O)c2nn(C3CN(C)C3)c(CC)c2n1,-5.221848749808178
3177,COc1ccc(-c2cc3c(C)nc(N)nc3n(C3CCC(OCCO)CC3)c2=O)cn1,-4.590066876668706
3178,CNC(=O)C(NC(=O)C(O)(CCCN(Cc1ccc(C#Cc2cccnc2)cc1)NC(=O)C(NC(=O)OC)C(C)(C)C)Cc1ccccc1)C(C)(C)C,-5.214670164991925
3179,COc1cccc(F)c1OC1CN(Cc2cnn(-c3ccccc3)c2C)C1,-4.94692155651658
3180,COc1ccccc1OCCNCC(O)OCc1cccc2[nH]c3ccccc3c12,-5.159894
3181,Nc1noc2ccc(-n3nc(C(F)(F)F)c4c3C(=O)N(c3ccc(-c5ccccc5CN5CCC(O)C5)cc3)CC4)cc12,-5.769551078716296
3182,CC(C)(N)C(=O)N1CCn2c(nc(-c3ccc(F)cc3)c2Nc2ccc(F)c(F)c2)C1,-6.853871964321762
3183,COCC(C)n1cc(C(=O)C(=O)Nc2ccc(OC)nc2)c2ccccc21,-4.473660722707617
3184,NCC1CC1(C(=O)N1Cc2ccccc2C1)c1cccs1,-5.075720713938118
3185,CC1CN(c2cccc3nc(-c4nc(-c5cccc(C(=O)N(C)C)c5)cnc4N)n(C)c23)CCN1,-5.236572006437063
3186,Cc1noc(NS(=O)(=O)c2ccc(N)cc2)c1C,-4.803919463481215
3187,NC(CC(=O)N1CCCC1c1nc(C2CC2)no1)Cc1cc(F)c(F)cc1F,-4.6777807052660805
3188,CC1CCC2C(C)C(=O)OC3OC4(C)CCC1C32OO4,-4.519206824455364
3189,O=C(NC1(C(=O)NC(Cc2ccccc2)C(=O)NCCCN2CCC(O)CC2)CCCC1)c1cc2ccccc2s1,-5.852661924120661
3190,CN1C(=O)CN=C(c2ccccc2)c2cc(Cl)ccc21,-4.227183577368268
3191,CCC1(C)NC(=O)c2cc(S(=O)(=O)Nc3ccc(C)cc3C#N)cc(Cl)c2NC1=O,-4.903089986991944
3192,Cc1cc(-c2nnn(Cc3ccc(C(=O)O)cc3)n2)cc(C(=O)NCc2ccccc2)n1,-5.2441251443275085
3193,CCC1CC(n2c(=O)nc(-c3cnn(C)c3)c3oc4ncc(-c5cn(C)cn5)cc4c32)CCO1,-5.3979400086720375
3194,Cn1cc(-c2cnc3oc4c(-c5cscn5)nc(=O)n(CCC5CCCO5)c4c3c2)cn1,-5.3979400086720375
3195,O=c1c2ccccc2oc2ccc(O)c(O)c12,-4.818156412055227
3196,O=C(C(=O)N1CCN(C(=O)c2ccccc2)CC1)c1c[nH]c2c(-c3nn[nH]n3)ccc(F)c12,-5.769551078621726
3197,CCCC(=O)c1cnn(-c2ccc(NC(=O)c3cn(CC(=O)N4CCN(C)CC4)c4cc(C)c(Cl)cc34)cc2)c1C,-5.443697499232713
3198,COC(=O)C(N)CCCCNC(=S)Nc1ccc2c(c1)C(=O)OC21c2ccc(O)cc2Oc2cc(O)ccc21,-5.831676641312956
3199,CCC(C)C(NC(=O)C(CCCNC(=N)N)NC(=O)C(CC(C)C)NC(=O)CN)C(=O)NC(CC(C)C)C(=O)NC(CC(C)C)C(=O)NC(CC(C)C)C(=O)NC(CCCCN)C(=O)NC(C(=O)O)C(C)C,-7.376750709602099
3200,Cc1cc(F)ccc1-n1nc(NC(=O)C(C)(C)NC(=O)C2(C(F)(F)F)CC2)nc1-c1ccc(F)cc1,-4.698970004336019
3201,CC(C)CCNC(=O)c1cccnc1NCCC(C)C,-4.703334809803852
3202,Cn1c(-c2ccccn2)c(C2CCCCC2)c2ccc(C(=O)NC3(C(=O)Nc4ccc(C=CC(=O)O)cc4)CCOCC3)cc21,-5.2441251443275085
3203,Cc1cc(C)nc(N2CC3CN(C(=O)c4ccc(F)cc4-n4nccn4)CC3C2)n1,-4.235823867609669
3204,CCC(C)C(=O)OC1CC(C)C=C2C=CC(C)C(CCC3CC(O)CC(=O)O3)C21,-4.839772183333333
3205,CC(CO)Nc1cc(NS(=O)(=O)N2CCCC2)nc(SCc2cccc(F)c2F)n1,-5.1249387366083
3206,CC(C)c1ccc(Nc2nnc(-c3cccnc3CCc3ccncc3)o2)cc1,-5.146717628685041
3207,COCCCN(c1cc(Cl)cc2[nH]c(=O)c(=O)[nH]c12)S(C)(=O)=O,-8.0
3208,O=C1Cc2cc(C(=O)NC3CC4CCC(C3)N4S(=O)(=O)N3CCC(NCc4ccccc4)CC3)c(Cl)cc2N1,-6.468521082968309
3209,CC1CCC2(C(=O)O)CCC3(C)C(=CCC4C5(C)CCC(O)C(C)(C)C5CCC43C)C2C1C,-5.5500002
3210,COc1cccc2c1CCCC2=CCCN1CCCCC1,-4.2335871528876
3211,O=C(CCCCCNC(=O)NC(=O)c1ccccc1)NO,-5.505845405986168
3212,CC(C)CC1(C(=O)c2ccc3[nH]ncc3c2)CCCN1,-4.494850021680094
3213,O=C(NCc1cccc(OC(F)(F)F)c1)C1c2ccccc2C(=O)N1CCc1ncc(F)cn1,-4.301029995663981
3214,CC(C)(C)CC(O)C(=O)N1NCCC1C(=O)NCc1cc(Cl)ccc1-n1cnnn1,-4.823908740944319
3215,CCN(C(=O)CO)C1CN(C(=Nc2cc(F)cc(OC(F)F)c2)NC#N)N=C1c1ccc(Cl)c(Cl)c1,-5.638272163982407
3216,CCC(=O)N1CCc2c(nc(C)n2C2CC3CCC(C2)N3CCC(NC(C)=O)c2cccc(F)c2)C1,-5.698970004336019
3217,c1cnc2ccc(Cn3nnc4ncc(-c5cnn(CCN6CCCC6)c5)nc43)cc2c1,-4.6595558851598815
3218,CN1CCN(c2ccc(C(=O)Nc3[nH]nc4ccc(Cc5cc(F)cc(F)c5)cc34)c(NC3CCOCC3)c2)CC1,-5.619788758144197
3219,CCOc1nc(NC(=O)C2(NC(=O)c3ccc4c(C5CCCC5)c(-c5ncc(Cl)cn5)n(C)c4c3)CCC2)cnc1C=CC(=O)O,-4.886056647693163
3220,Cc1cc(C(=O)Nc2ccc(-c3ccccc3S(C)(=O)=O)cc2F)n(-c2cccc(CN)c2)n1,-5.501151381972544
3221,C=CC1CC1(NC(=O)C1CC(n2cnc(-c3ccccc3)c2)CN1C(=O)C(NC(=O)OC1CCCC1)C(C)(C)C)C(=O)NS(=O)(=O)C1CC1,-6.698970004336019
3222,CCOP(=O)(OCC)N1CC(=Cc2cc(OC)c(OC)c(OC)c2)C(=O)C(=Cc2cc(OC)c(OC)c(OC)c2)C1,-4.545155139993618
3223,CC1CN(c2cc(=O)c3cc(C(=O)N4CCOCC4)cc(CN4CCOc5c(F)cc(F)cc54)c3o2)CCO1,-5.244125144245631
3224,COC1C(=O)C2(C)C(OC(=O)N(C)C)CC3OCC3(OC(C)=O)C2C(OC(=O)c2ccccc2)C2(O)CC(OC(=O)C(O)C(NC(=O)OC(C)(C)C)c3ccccn3)C(C)=C1C2(C)C,-5.355561410532162
3225,CCOC(=O)C1=C(C)NC(C)=C(C(=O)OC)C1c1cccc(Cl)c1Cl,-4.703850524544858
3226,COc1ccc(-n2nc(Cn3cnnn3)c3c2C(=O)N(c2ccc(-c4ccccc4CN4CCC(O)C4)cc2)CC3)cc1,-6.045757490670506
3227,CC(=O)NC(C(=O)NC1C(=O)N2C(C(=O)O)=C(C)CSC12)c1ccccc1,-6.630000099999999
3228,CC(NC(C)(C)C)C(=O)c1cccc(Cl)c1,-3.946504652126308
3229,CC1(C)NC(=O)c2cc(S(=O)(=O)Nc3ccc(C(F)(F)F)cc3)c(F)cc2NC1=O,-5.301029995747986
3230,O=C1CC(c2ccc(CC(Nc3nc4ccc(C(F)(F)F)cc4s3)c3nc4ccccc4[nH]3)cc2)S(=O)(=O)N1,-7.0
3231,NCC1(C(=O)O)CCCCC1,-5.5622497
3232,Cn1c(=O)c(-c2cc(C(=O)NC3CC3)ccc2Cl)cc2cnn(-c3c(F)cccc3F)c21,-4.602059991245972
3233,C=C1NC(N)=Nc2c1ncn2COCCOC(=O)C(N)CO,-5.329999900000001
3234,COc1ccc2c(OC3CC4C(=O)NC5(C(=O)NS(=O)(=O)C6CC6)CC5C=CCCCCCC(NC(=O)c5ccc(C)s5)C(=O)N4C3)cc(OC(C)C)nc2c1C,-5.180456064458132
3235,COc1cc2c(cc1OC)CN(Cc1csc(-c3ccc4cc(F)ccc4c3)n1)CC2,-6.022276394711152
3236,CC1(C)CCN(C(=O)N2CCC(c3cn[nH]c3)C2)c2ccccc21,-4.441291429466834
3237,NC(=O)CCC(N)C(=O)O,-6.070363218571426
3238,NC1CCCCC1Nc1cc2nc[nH]c(=O)c2c(Nc2cccc3cc[nH]c23)n1,-5.022276394711152
3239,CCOC(=O)C(Cc1ccc(-c2c(C)n(C)c(=O)n(C)c2=O)cc1)NC(=O)c1c(F)cccc1F,-4.570247719997592
3240,COC(=O)C1=C(C)NC(C)=C(C(=O)OCC(C)C)C1c1ccccc1N(O)O,-4.6999998
3241,COc1ccc2c(Oc3ccc(NC(=O)c4c(C)n(CC(C)(C)O)n(-c5ccccc5)c4=O)nc3)ccnc2c1,-4.494850021680094
3242,CN(c1ccc(NC(=O)C(C)(O)C(F)(F)F)c(Cl)c1)S(=O)(=O)c1ccc(C#N)cc1,-4.552841968657781
3243,O=C1c2cc(F)ccc2-n2c1nc1ccccc1c2=O,-4.176525770829699
3244,CCN1CCC(N(C(=O)NCc2ccc(F)cc2)c2ccc(Cl)cn2)CC1,-5.142667503568732
3245,COc1ccc2c(c1)C=C(c1cccnc1)C2,-4.903089986991944
3246,CN1C(=O)NC(=O)C12Cc1ccc(NC(=O)Cn3c(=O)n(C4CCS(=O)(=O)C4)c4ccccc43)cc1C2,-6.522878745140169
3247,Nc1nc(=O)c2ncn(COCCO)c2[nH]1,-6.105065353335802
3248,CC(C)c1nc(CN(C)C(=O)NC(C(=O)NC(Cc2ccccc2)CC(O)C(Cc2ccccc2)NC(=O)OCc2cncs2)C(C)C)cs1,-5.436611132752248
3249,O=S(=O)(NC1Cc2ccc(Cn3cc(CO)c(C(F)(F)F)n3)cc2C1)C(F)(F)F,-4.772113295386326
3250,O=C(Nc1cnc(-c2ccncc2)c(-c2ccncc2)n1)C1CC1,-4.468521082957745
3251,CN(C)C(=O)Oc1cccc(NC(=O)C2(N(C)C)CCN(c3ncnc4[nH]c5c(c34)CCC5)CC2)c1,-4.657577319177793
3252,CCCCCN1C(=O)C(N)(c2ccc3c(c2)OCO3)c2ccccc21,-4.657577319177793
3253,COCCOCCOCC(=O)Nc1ccc(S(=O)(=O)Nc2nncs2)cc1,-6.2399998
3254,O=C(NC1CCOCC1C(=O)NO)c1ccc(Cn2c(C(F)(F)F)nc3ccccc32)cc1,-6.154901959989307
3255,CC(=O)N1CC2CC(C1)CN(C(=O)CN1CCCC(NS(=O)(=O)c3ccc4cc(Cl)ccc4c3)C1=O)C2,-5.136677139879544
3256,Cc1ccc(-c2cccc(S3(=O)=NC(=O)C(C)N3)c2)cc1,-4.180456064458132
3257,Nc1noc2ccc(-n3nc(C(F)(F)F)c4c3C(=O)N(c3ccc(-c5ccccc5CN5CCC(O)C5)cc3)CN4)cc12,-5.4089353929735005
3258,N=C(N)SCc1ccccc1Oc1ccccc1CSC(=N)N,-6.911954370472159
3259,Cn1c(-c2cccc(N)n2)c(C2CCCCC2)c2ccc(C(=O)NC(C)(C)C(=O)Nc3ccc(C=CC(=O)O)cc3)cc21,-5.823908740944319
3260,CC(C)CC(CO)Nc1nc(S(=O)(=O)Cc2ccccc2)nc2[nH]c(=O)sc12,-6.0
3261,N=C(N)SCc1cccc2cc3cccc(CSC(=N)N)c3nc12,-6.638210492164445
3262,COC(=O)N1CCC(CN(C2Cc3cc(C#N)ccc3N(Cc3cncn3C)C2)S(=O)(=O)c2ccccn2)CC1,-5.958607314841775
3263,O=C(Nc1ccc(Cl)cc1)c1ccc(N2CCN(C(=O)c3ccccc3C(F)(F)F)CC2)nn1,-5.698970004336019
3264,CC(C)(C)CC(O)C(=O)N1C(C(=O)NCc2cc(Cl)ccc2-n2cnnn2)CC2CC21,-4.610924374731134
3265,CNC(=O)CN1CCC(Oc2cc3c(Nc4cccc(Cl)c4F)ncnc3cc2OC)CC1,-4.798602875759661
3266,O=C(OC1CC(n2cc(F)c(=O)[nH]c2=O)OC1CO)c1ccccc1,-5.7046528517497865
3267,CCOC(=O)COc1ccc(C(=O)CN2CCN(C3CCN(C(=O)OC(C)OC(C)=O)CC3)CC2=O)cc1,-4.2800002
3268,CC(Nc1ccc(F)c(F)c1)c1cc(C(=O)N(C)C)cn2c(=O)cc(N3CCOCC3)nc12,-4.356547323513813
3269,c1ccc(CC2(c3ccc4[nH]ncc4c3)CCNC2)cc1,-5.0
3270,NNc1nncc2ccccc12,-5.048196189055994
3271,COc1cc(N2CCOCC2)ccc1-c1nc2c(NC3C4C=CC(C4)C3C(N)=O)c(Cl)cnc2[nH]1,-4.787812395596042
3272,Cc1ccc(NC(=O)c2cc(-c3cc4cc(C(=O)O)ccc4o3)ccc2N2CCCCC2)cc1,-5.896591250700361
3273,Oc1ncnc2c(-n3cc(CCN4CCC(c5cc(Cl)cc(Cl)c5)CC4)cn3)nccc12,-5.197910742059134
3274,CN(C)C(=O)N1CC(c2cc(F)ccc2F)=CC1(CCC(N)C(F)F)c1ccccc1,-4.42021640338319
3275,Cc1cc(N2CCC(N3CCCC3C)C2)ccc1NC(=O)c1ccc2cc[nH]c2c1,-5.1073489661227
3276,COc1cc2c(cc1OC)CN(C(=O)c1ccc(-c3ccc(O)cc3)cc1)CC2,-4.552841968743335
3277,CC(C)CCC(O)C(=O)N1N=CCC1C(=O)NCc1cc(Cl)ccc1-n1cnnn1,-4.537602002101044
3278,COc1ccc(-c2nnc(C(=O)N3CCC(Oc4ccc(CN5CCN(C)CC5)cc4)CC3)o2)cc1,-4.251811972993799
3279,CC1OC(n2cnc3c(N)nc(OC4CCCC4)nc32)C(O)C1O,-5.13906337922493
3280,Cc1c2c(=O)n(-c3ccc(F)cc3Cl)[nH]c2cc(=O)n1Cc1ccccn1,-4.872895201635193
3281,CCc1ccc(-c2nc3c(=O)n(C)c(=O)nc-3n(C)n2)cc1,-4.657577319177793
3282,O=C(O)c1ccc2[nH]c(C(F)(F)F)nc2c1,-6.2441251443275085
3283,CN(c1ccc(Cl)cc1)S(=O)(=O)c1cccc(C(=O)Nc2ccc([S+](C)[O-])cc2)c1,-4.590066876668706
3284,COc1cc(C)ccc1S(=O)(=O)NC(=O)C(c1ccc2c(c1)OCO2)c1cn(C)c2cc(CO)ccc12,-5.920818753952375
3285,O=C1CSCCN1c1ccc(COC2COc3nc([N+](=O)[O-])cn3C2)cn1,-4.397940008754028
3286,CN1CCN(Cc2ccccc2-c2ccc(NC(=O)c3cc(C(F)(F)F)nn3-c3ccc4onc(N)c4c3)c(F)c2)CC1,-5.634512015109101
3287,CCC1(C)C(=O)Nc2ccc(S(=O)(=O)Nc3ccc(F)cc3F)cc2C(=O)N1C,-5.091514981091014
3288,Cc1ncc(CNC(=O)c2sc(-n3cnn(Cc4ccc(F)cc4)c3=O)nc2C)s1,-4.6020599913279625
3289,Cc1c(Cc2ccccc2S(=O)(=O)c2ccccc2)c2c(n1CC(=O)O)CC(C)(C)NC2=O,-5.9586073148813306
3290,CCc1cc(-c2c[nH]c3ncc(-c4cnn(CCN(C)C)c4)cc23)nc(N)n1,-5.136677139909658
3291,O=C(NCc1ccc(F)c(C(F)(F)F)c1)C1c2ccccc2C(=O)N1CCc1ncc(F)cn1,-4.4089353929735005
3292,CN(C)C(=O)C1CC1c1ccc(-c2ncn(C)c2Sc2ccc(Cl)cn2)cc1,-4.568636235841013
3293,Cc1ccc(F)cc1C(C)(C)CC(O)(Cc1cc2nnccc2[nH]1)C(F)(F)F,-4.886056647693163
3294,Cc1cccc(-n2c(N)c(NC(=O)c3c(C)c(O)c(C)c4c3OC(C)(C)C4)c(=O)n(C)c2=O)c1,-4.853871964321762
3295,O=c1cc(N2CCOCC2)nc(Cc2nc3ccccc3n2-c2ccccc2)[nH]1,-5.356547323513812
3296,Cc1ccc(NS(C)(=O)=O)c(C(=O)N2CCCCC2c2cc3nc(C)c(C)c(C)n3n2)c1,-4.619788758288394
3297,CCN1CC(C)(C)OC(=O)C1CC(=O)NCc1cccc(-c2ccccc2)c1,-4.657577319177793
3298,Cc1cc(CC(NS(=O)(=O)c2ccccc2)c2nc3ccccc3[nH]2)ccc1C1CC(=O)NS1(=O)=O,-6.3979400086720375
3299,CC(C)CC(C=O)NC(=O)C(NS(=O)(=O)c1ccc(F)cc1)C(C)C,-5.585026652021886
3300,CCc1nc(N)nc(N)c1-c1ccc2c(c1)N(CCNC(C)=O)C(=O)C(C)(c1ccccc1)O2,-5.699513552156626
3301,CC1(C(=O)Nc2ccc(F)nc2)CCCN1c1nc(Nc2cc(C3CC3)[nH]n2)c2cccn2n1,-4.85078088734462
3302,CNC(=O)N1CCC(CN2CC(c3ccccc3)N(C3CCN(C4(C)CCN(C(=O)c5c(C)cc(C#N)nc5C)CC4)CC3)C2=O)CC1,-6.154901959985743
3303,COc1ccc2c(c1)C13CCN4CC5=CCOC6CC(=O)N2C1C6C5CC43,-4.5721804846588565
3304,Nc1n[nH]c2nc(-c3ccco3)c(-c3ccncn3)cc12,-4.619788758288394
3305,O=C(NCCCNc1nc(Nc2ccc(CN3CCCCC3)nc2)ncc1C1CC1)C1CCC1,-7.0
3306,CNC(=O)C(c1ccc2nc(N)n(C3CCCC3)c2c1)c1ccccc1F,-4.969313514996436
3307,CC(C)CC1NC(=O)C(Cc2ccccc2)NC(=O)CNC(=O)C(C)NC(=O)C(Cc2ccc(O)cc2)NC(=O)C=Cc2ccccc2OC1=O,-5.880000099999999
3308,Cn1c(N2CCOCC2)cc(OCc2ccc(Oc3ccc(Cl)c(C(F)(F)F)c3)cc2)nc1=O,-5.688246138944246
3309,CC(C)c1nc2ccccc2n1Cc1ccc(C(=O)NC2CNCC2C(=O)NO)cc1,-7.0
3310,CC(C=CC(C)C(C)(C)O)C1CCC2C(=CC=C3CC(O)CC(O)C3)CCCC21C,-5.1029229
3311,CC(=O)NC(Cc1ccccc1)C(=O)N1CC(OCc2ccc3ccccc3c2)CC1CCCN=C(N)N,-5.165377986481203
3312,COC(=O)N1CCc2c(nc(C)n2C2CC3CCC(C2)N3CCC(NC(C)=O)c2cccc(F)c2)C1,-5.522878745210253
3313,Cc1cnc2c(C(=O)NCCO)cn(Cc3ncnc(N(C)C)c3C)c2c1,-5.301029995663981
3314,COc1ccc(-c2ccc(OCc3cc(C(=O)[N-]S(=O)(=O)c4ccccc4C)oc3C)cc2)nc1,-4.838631997765025
3315,CCCc1nn(C)c2c(O)nc(-c3cc(C(C)=O)ccc3OCC)nc12,-4.36653154431531
3316,CCCC(=O)c1cnn(-c2ccc(NC(=O)c3cn(CC(=O)N4CCN(Cc5cc(C)on5)CC4)c4ccc(Cl)cc34)cc2)c1C,-6.221848749616356
3317,Cc1ncoc1-c1nnc(SCCCN2CC3CCN(c4ccc(F)cc4)C3C2)n1C,-4.756961951313706
3318,CCc1nc(N)nc(N)c1-c1ccc(Cl)cc1,-4.23
3319,Cn1cncc1CN1CC(N(CC2CCN(S(=O)(=O)c3ccccc3)CC2)S(=O)(=O)c2ccccn2)Cc2cc(C#N)ccc21,-7.0
3320,Cc1cccc(NC(=O)Nc2ccc(Cc3ccc(NC(=O)Nc4cccc(C)c4)cc3)cc2)c1,-4.451610581867082
3321,COc1cccc(C(=O)Cn2cnc3c(C#N)c(N4CCCC(N)C4)n(CC=C(C)C)c3c2=O)c1,-6.173393743112328
3322,COc1ccc(CCC[N+](C)(C)CCNC(=O)c2nc(Cl)c(N)nc2N)cc1,-6.031517051446065
3323,CN1CCc2cc(-c3ccc4oc5c(-c6ccccc6)nc(=O)n(CCN6CCCC6C(N)=O)c5c4c3)ccc2C1,-6.769551078621726
3324,O=C(NCc1cc(Cl)ccc1-n1cnnn1)C1C2CC2CN1C(=O)C(O)Cc1ccccn1,-6.2076083105017466
3325,CN(Cc1ccccc1)C(=O)C1(c2ccc(Cl)c(Cl)c2)CC1CN1CCC(NS(C)(=O)=O)(c2ccccc2)CC1,-7.0
3326,CC(C)CCn1nc(-c2cccs2)c(O)c(C2=NS(=O)(=O)c3cc(N(C)S(C)(=O)=O)ccc3N2)c1=O,-6.698970004252014
3327,Cc1ccc(Nc2c(-c3ccc(F)cc3)nc3n2CC(=O)NC3)cc1,-4.826176106760675
3328,O=C(c1ccc(CN2CCOCC2)cc1)N1CCN(C2CC2)CC1,-4.194542222337913
3329,Cc1ccc(N2CCN(C(=O)C(C)Cc3ccc(Cl)cc3)CC2)c(C(N)C(C)C)c1,-5.300386373373993
3330,CN(c1cc2cc(n1)N(CC1CC1)CCCCc1cccc(c1)CC(C)(N)C(=O)OC2)S(C)(=O)=O,-5.096910013008056
3331,CCCCn1c(-c2cc(-c3cccc4[nH]ncc34)ccc2C)cn2c3c(=O)[nH]c(=O)n(C)c3nc12,-5.095825631786878
3332,COc1c(C(=O)Nc2ccc(NS(C)(=O)=O)cc2)cc(N2CCC(=O)NC2=O)cc1C(C)(C)C,-6.301029995663981
3333,CCNC(=O)CC1N=C(c2ccc(Cl)cc2)c2cc(OC)ccc2-n2c(C)nnc21,-4.777283528852417
3334,NC(=O)c1cc2cc(C3(Cc4ccccc4)CCNC3)ccc2[nH]1,-6.221848749616356
3335,CN(C)S(=O)(=O)c1cncc(C#Cc2cc(Cl)ccc2OCC(=O)O)c1,-5.7447274948966935
3336,CCOC(=O)N1CCC(=C2c3ccc(Cl)cc3CCc3cccnc32)CC1,-4.318759
3337,CC1Cc2cc(F)ccc2N1C(=O)Cc1nc(N2CCOCC2)sc1C(=O)O,-6.045757490560675
3338,COc1cc2c(cc1OC)C1CC(O)C(CC(C)C)CN1CC2,-4.629156927304615
3339,Cn1cnc(S(=O)(=O)N2CCC(CN(C3Cc4cc(C#N)ccc4N(Cc4cncn4C)C3)S(=O)(=O)c3ccccn3)CC2)c1,-7.0
3340,CC(C(=O)O)c1cccc(C(=O)c2ccccc2)c1,-4.512034292746876
3341,CC(C)CCn1c(=O)c(C2=NS(=O)(=O)c3cc(N(C)S(C)(=O)=O)ccc3N2)c(O)c2cccn21,-5.366531544420414
3342,O=c1ncn(Cc2c(F)cc(F)cc2F)c2ccc(Oc3ccc(-c4ccc5[nH]ccc5c4)cc3)cc12,-5.455931955649724
3343,CCCCC(O)C(=O)N1N=CCC1C(=O)NCc1cc(Cl)ccc1-n1cnnn1,-5.008773924230629
3344,CC(C)CNC(=O)C1CC(F)(c2ccc(CN3CCCC3)c(F)c2)C1,-4.411168274405792
3345,CC1(CC(O)C(=O)N2CC3CC3C2C(=O)NCc2cc(Cl)ccc2-n2cnnn2)CC1,-5.657577319177793
3346,CSc1ccc2ncn(C=CC(=O)O)c(=O)c2c1,-4.9212339649640455
3347,CS(=O)(=O)Nc1cccc(-n2c3nc(=O)[nH]c(=O)c-3cc3ccc(C#N)cc32)c1,-6.795880017344075
3348,Nc1ccc(S(=O)(=O)O)cc1,-5.4299998
3349,O=C(c1ccc(CN2CCOCC2)cc1)N1CCN(C2CCC2)CC1,-4.398635994098031
3350,NC(=O)c1cc(C(=O)N2CCc3cc(-n4ccccc4=O)ccc32)n(-c2ccc3onc(N)c3c2)n1,-7.0
3351,O=C(C=Cc1ccc(Cl)cc1)NC1(C(=O)NC(Cc2ccccc2)C(=O)NCC2CCN(CC3CCOCC3)CC2)CCCC1,-5.552841968657781
3352,CCOC(=O)C(CCc1ccccc1)NC(C)C(=O)N1CCCC1C(=O)O,-5.749184420162344
3353,CN(C)Cc1ccccc1-c1ccc(N2CCc3c(C(F)(F)F)nn(-c4ccccc4S(N)(=O)=O)c3C2=O)cc1,-5.236572006218532
3354,CC(=O)NC(CCN1C2CCC1CC(n1c(C)nc3c1CCN(C(=O)C(C)C)C3)C2)c1cccc(F)c1,-5.698970004336019
3355,CC(=O)N1CCN(c2ccc(OCC3COC(Cn4ccnc4)(c4ccc(Cl)cc4Cl)O3)cc2)CC1,-4.839101511712136
3356,COC(=O)c1c(Cl)cccc1-c1ccc(C(C)NC(=O)C2(NC(=O)C(F)(F)F)CC2)c(F)c1,-4.468521093609154
3357,CC(NCCCc1cccc(C(F)(F)F)c1)c1cccc2ccccc12,-5.2365718
3358,Nc1ncc(-c2ccc(OCCN3CCCCC3)cc2)nc1C(=O)Nc1cccnc1,-5.337242168318426
3359,Cc1cc(C(F)(F)F)c(-c2ccc(CC(NC(=O)c3c(Cl)cccc3Cl)C(=O)OCC(O)CO)cc2)c(=O)n1C,-5.7447274948966935
3360,Cc1c(Cc2ccccc2S(=O)(=O)c2ccccc2)c2c(=O)n(C)ccc2n1CC(=O)O,-7.0
3361,Nc1ncnc2c1ncn2C1OC(CNS(=O)(=O)NC(=O)c2ccccc2O)C(O)C1O,-5.910094888670452
3362,O=S(=O)(Nc1ccc2c(-c3ccncc3)c[nH]c2c1)c1ccccc1,-5.187086643267858
3363,CN(C)S(=O)(=O)N(C)c1cc2cc(c1)C(=O)NC(c1ccccc1)CCc1cccc(c1)CC(C)(N)C(=O)OC2,-4.823908740944319
3364,Cc1nc(N)sc1-c1ccnc(Nc2ccc(N3CCOCC3)cc2)n1,-4.327532686931918
3365,N#Cc1cccnc1N1CCN(C(=O)c2cccc(Oc3n[nH]c(=O)c4ccccc34)c2)CC1,-4.920818753952375
3366,Cc1cc(C(F)(F)F)nc(C)c1C(=O)N1CC2CN(CCC3(c4ccccc4)CN(C(=O)C4CCC(F)(F)CC4)C3)CC2C1,-5.764471553092451
3367,Cn1cc(-c2ccc(-c3cnc(N)c4ccc(C(=O)N5CC(C)(F)C5)cc34)cc2)cn1,-4.588380294027578
3368,Nc1cccc(Cn2cnc3ccccc32)c1,-4.240967092267567
3369,Cn1c(N2CCCN(CCC=C3c4ccccc4CCc4ccc(CC(=O)O)cc43)CC2)cc(=O)n(C)c1=O,-5.318758762812206
3370,COC(=O)NC(C(=O)NC(Cc1ccccc1)CC(O)C(Cc1ccc(-c2cncc(F)c2)cc1)NC(=O)C(NC(=O)OC)C(C)(C)C)C(C)(C)C,-5.136677139879544
3371,N#Cc1ccccc1Cn1c(N2CCCC(N)C2)nc2c(Br)c[nH]c2c1=O,-5.55129368009492
3372,COc1cc(CN2CCN(C)CC2)ccc1-c1nc2c(NC3C4C=CC(C4)C3C(N)=O)c(Cl)cnc2[nH]1,-5.568636235880759
3373,CC1OC(c2ccc(Cl)cc2)OCC1NC(=O)Cc1ccccc1,-4.992144031026598
3374,COc1cc(Nc2nc3n(n2)CCC(=O)N3Cc2ccccc2)ccc1-n1cnc(C)c1,-4.443697499232712
3375,O=C(NCc1cc(Cl)ccc1-n1cnnn1)C1CC=NN1C(=O)C(O)c1ccccc1,-5.154901959989307
3376,CN(C)CCCN1c2ccccc2Sc2ccccc21,-4.380000099999999
3377,CN1C(=O)N(c2cc(Cl)cc(Cl)c2)C(=O)C12CN(c1ccc(C(=O)O)cn1)CC2c1ccc(C#N)cc1,-4.8297382846050425
3378,CCOC(=O)c1cc(C#N)c(N2CC(C(=O)NS(=O)(=O)Cc3ccc(Cl)cc3)C2)nc1C,-6.698970004336019
3379,Cc1cn(C2CC([N-][NH+]=N)C(CO)O2)c(=O)[nH]c1=O,-5.1850867
3380,CC(NC(=O)C1(NC(=O)C(F)(F)F)CC1)c1ncc(-c2cc(Cl)cc(Cl)c2-c2nnn(C)n2)cc1F,-4.568636235841013
3381,CNC(=N)c1cccc(CC(CC(=O)N2CCC(C(=O)O)CC2)NS(=O)(=O)c2ccc3ccccc3c2)c1,-7.148450226590786
3382,Cc1cc(C2CCN(CCCF)CC2)cc2[nH]c(-c3c(NCCn4cc(Cl)cn4)ccnc3O)nc12,-4.962573502029688
3383,CNC(=O)c1cc(Oc2ccc3oc(Nc4cccc(C(C)(C)C)c4)nc3c2)ccn1,-5.0
3384,CC1(CS(=O)(=O)N2CCC(Oc3ccc(OC(F)(F)C(F)F)cc3)CC2)NC(=O)NC1=O,-4.6777807052660805
3385,Cc1cc(-c2nc(N)[nH]c(=O)c2Cl)cc(C#N)c1OCC1CCOC1,-5.6777807052660805
3386,CC1=NC(Cc2ccccc2)(c2cccc(-c3cncnc3)c2)N=C1N,-4.508638306124295
3387,COc1cc2ccnc(Oc3ccc(F)cc3)c2cc1OC,-5.221848749616356
3388,COc1ccc(C(=O)NCc2cccc(C(=O)NCCc3ccncc3)c2)cc1OC,-6.301029995663981
3389,COc1ccc(CCNc2ncc(C)n(CC(=O)NCCONC(=N)N)c2=O)cc1OC,-6.060480747381382
3390,COc1ccc2cc(C(C)C(=O)O)ccc2c1,-4.591782338337737
3391,CC(NP(=O)(OCC1OC(C#N)(c2ccc3c(N)ncnn23)C(C)(O)C1O)Oc1ccccc1)C(=O)OCC(C)(C)C,-6.161150909262744
3392,COc1cccc2[nH]cc(C(=O)C(=O)N3CCN(C(=O)c4ccccc4)CC3C)c12,-5.337242168318426
3393,COc1cc(Sc2c(-n3ccnc3)[nH]c3ccccc23)cc(OC)c1OC,-5.248237778439972
3394,CC(CO)Oc1cc(Oc2ccc(C(=O)N3CCC3)cc2)cc(C(=O)Nc2ccn(C)n2)c1,-5.7447274948966935
3395,C=CCc1cc(OC)c(OC(C)Cc2cc(OC)c(OC)c(OC)c2)c(OC)c1,-4.73
3396,C=CC1CC1(NC(=O)C1CC(OC)(c2ccc(-c3ccccc3)nc2)CN1C(=O)C(NC(=O)OC1CCCC1)C(C)(C)C)C(=O)NS(=O)(=O)C1CC1,-5.721246399047171
3397,COc1c(C(=O)Nc2ccc(NS(=O)(=O)CCN3CCOCC3)cc2)cc(N2CCC(=O)NC2=O)cc1C(C)(C)C,-7.0
3398,COc1ccccc1CC(c1ccccc1)N1CCNCC1,-4.537602002101044
3399,O=C(COc1ccc(-c2ccccc2)cc1)NC1OC(CO)C(O)C(O)C1O,-5.293282217663242
3400,CC(C)C(=O)NCc1ccc2c(c1)C(N1CCN(C)CC1)Cc1ccccc1S2,-4.2441251443275085
3401,COC(=O)c1c(C)cc([N+](=O)[O-])c(C(=O)OCCN(C)Cc2ccccc2)c1C1C=C(C)NC(C)=C1,-5.1611509
3402,Cc1cc(CC(Nc2nc3ccccc3s2)c2nc3ccccc3[nH]2)ccc1C1CC(=O)NS1(=O)=O,-6.301029995663981
3403,C=C(C)n1c(=O)n(Cc2nc3ccccc3n2CCCC#N)c2ncccc21,-4.638272163982407
3404,Cc1cc(C#N)nc(C)c1C(=O)N1CC2CN(CCC(c3ccccc3)C3CCN(S(C)(=O)=O)CC3)CC2C1,-6.070581074285707
3405,Cc1cc(C#N)nc(C)c1C(=O)N1CCC(C)(N2CCC(N3C(=O)N(CC4CCC(O)CC4)CC3c3ccccc3)CC2)CC1,-6.3979400086720375
3406,CC1OC(C=Cc2ccccc2)OCC1NC(=O)Cc1ccccc1,-5.055517327887373
3407,COC1C(=O)C2(C)C(OC(=O)N(C)C)CC3OCC3(OC(C)=O)C2C(OC(=O)c2ccccc2)C2(O)CC(OC(=O)C(O)C(CC(C)C)NC(=O)OC(C)(C)C)C(C)=C1C2(C)C,-4.971428747230597
3408,CN(CCOc1ccc(NS(C)(=O)=O)cc1)CCc1ccc(NS(C)(=O)=O)cc1,-4.804100385693074
3409,CC(C)NCC(O)COc1ccc(CC(N)=O)cc1,-6.160079460015231
3410,CC(C)CC(CO)Nc1nc([S+]([O-])Cc2ccccc2)nc2nc(O)sc12,-6.0
3411,CCOC(=O)C1=C(C)NC(C)=C(C(=O)OC)C1c1cccc(N(O)O)c1,-4.6200309
3412,Nc1noc2ccc(-n3nc(C(F)(F)F)cc3C(=O)Cc3ccc(-c4ccccc4S(N)(=O)=O)cc3F)cc12,-4.508638306165727
3413,Cc1cc(C(=O)Nc2ccc(-c3ccccc3S(N)(=O)=O)cc2)n(-c2cccc(C(=N)N)c2)n1,-6.522878745280337
3414,CC(C)(C)CC(c1ccc(CC(=O)O)cc1-c1ccc(C(F)(F)F)cc1)N1CCC(C(F)(F)F)CC1,-4.795880017258057
3415,NCCCC(O)(P(=O)(O)O)P(=O)(O)O,-7.221848749616356
3416,CC(C)NCC(COc1cccc2ccccc12)OC(=O)C1CC1,-4.292001487521329
3417,O=C(C1CCCCC1)N1CC(=O)N2CCc3ccccc3C2C1,-4.0542870668190965
3418,O=C(O)CC1CCC(c2ccc(-c3ccc4c(C(=O)Nc5ccccc5)ccnc4c3)cc2)CC1,-4.266000713461613
3419,CC(C)c1nc2c(C(=O)NCC3CCN(CC(O)CN(C)S(C)(=O)=O)CC3)cccc2[nH]1,-6.0
3420,CCN1C(=O)c2cccc3c(S(=O)(=O)NC4CCCCC4)ccc1c23,-4.673664139053436
3421,CCC(CC)COC(=O)C(C)NP(=O)(OCC1OC(C#N)(c2ccc3c(N)ncnn23)C(C)(O)C1O)Oc1ccccc1,-6.443697499232712
3422,NS(=O)(=O)c1cc2c(cc1Cl)NCNS2(=O)=O,-6.231447662183655
3423,Cc1cccc(NS(=O)(=O)c2cccc(Cl)c2C)n1,-4.443697499232712
3424,CC(=O)NC(Cc1ccccc1)C(O)CNC1CC(C)(C)Cn2nc(CC(C)(C)C)cc21,-5.301029995663981
3425,O=C1CC(c2ccc(CC(NS(=O)(=O)c3cccc(C(F)(F)F)c3)c3nc4cc(Cl)ccc4[nH]3)cc2F)S(=O)(=O)[N-]1,-6.522878745280337
3426,CCOc1ccc(C(C)Nc2nc(N3CCN(C(C)=O)CC3)nc3c2CN(C(C)C)C3=O)cc1F,-6.096910013008056
3427,CC(=O)NC(CCN1C2CCC1CC(n1c(C)nc3c1CCN(c1ccncn1)C3)C2)c1cccc(F)c1,-5.397940008754028
3428,Cn1c(-c2ccccn2)c(C2CCCCC2)c2ccc(C(=O)NC3(C(=O)Nc4ccc(C=CC(=O)O)cc4)CCC3)cc21,-4.4089353929735005
3429,Cn1cc(-c2ccc(-c3cnc(N)c4ccc(C(=O)N5CC(C)(F)C5)nc34)cc2)cn1,-4.559090917951087
3430,CCC1(C)NC(=O)c2cc(S(=O)(=O)Nc3ccc(Cl)cc3)ccc2N(C)C1=O,-4.698970004336019
3431,COc1cccc(CNC(=O)c2cc(-c3nnn(Cc4ccc(C(=O)O)cc4)n3)cc(C)n2)c1,-5.013228265733755
3432,CS(=O)(=O)NC(=O)C1CN(CCCC(=O)O)c2cccc(NC(=O)c3ccc(OCCCCc4ccccc4)cc3)c2O1,-7.221848749616356
3433,O=C(Cc1nc(N2CCOCC2)cc(=O)[nH]1)N1CCc2c(-c3ccccc3)cccc21,-5.1487416512809245
3434,CS(=O)(=O)C1(c2cc(N3CCOCC3)nc(-c3cccc4[nH]ccc34)n2)CCOCC1,-4.552841968743335
3435,Cc1cc(COc2ccc(NC(=O)C3CCN(S(C)(=O)=O)CC3C(=O)NO)cc2)c2ccccc2n1,-6.698970004168009
3436,O=C1C(Cl)=C(Nc2ccc(CCO)cc2)C(=O)c2cnccc21,-4.749579997768329
3437,Cn1c(-c2ccccn2)c(C2CCCC2)c2ccc(C(=O)NC3(C(=O)Nc4ccc(C=CC(=O)O)cc4)CCCC3)cc21,-4.8996294548824375
3438,Cn1cc(C#N)c2ccccc21,-4.435333935810933
3439,O=C(CN1CCCC(NS(=O)(=O)c2ccc3cc(Cl)ccc3c2)C1=O)N1CC2CC(C1)c1cccc(=O)n1C2,-5.6020599913279625
3440,CC1OC(c2ccc(N(O)O)cc2)OCC1NC(=O)Cc1ccccc1,-4.9846401
3441,O=C(NCc1ccc(Cl)s1)c1ccc2[nH]c(-c3ccc(Oc4ccccc4Cl)cc3)nc2c1,-4.943857737940948
3442,COc1cc(C=C2CCCN3C2=NOC3(C)c2ccc(F)cc2)ccc1-n1cnc(C)c1,-4.460923901207224
3443,C=C(F)CN(CCOC)C(=O)C1(c2ccsc2)CC1CN,-5.468521082957745
3444,CCCCC1N(CC2CCCCC2)C(=O)OC12CCN(C1(C)CCN(C(=O)c3c(C)cccc3C)CC1)CC2,-4.853871964321762
3445,COc1ccc(Cn2ccc(C)c(NC(=O)C(Cc3ccc(CC(=O)O)cc3)NC(C)=O)c2=O)cc1,-7.0
3446,CN(C)C(=O)N1CC(c2cc(F)ccc2F)=CC1(CCCN)c1ccccc1,-5.3979400086720375
3447,ON1C=CC=C(c2cc3nccc(-c4ccc(OC(F)F)c(OCC5CC5)c4)n3n2)C1,-4.71
3448,CC(C)c1ccc2nc3c(nc2c1)C(=O)c1ccncc1C3=O,-4.978810700930062
3449,O=C(Cc1nc(N2CCOCC2)cc(=O)[nH]1)N1CCc2c(-c3ccccn3)cccc21,-5.376750709602099
3450,CNC(=O)c1ccc(Oc2ccc(C#CC3(O)CN4CCC3CC4)cc2)cc1,-4.638272163982407
3451,Nc1nc2c(c(-c3c(Cl)cc(Cl)cc3OCCn3cccn3)n1)CN(C(=O)NC1CC(F)(F)C1)C2,-5.823908740944319
3452,N#Cc1c(-c2ccc(-c3no[n+]([O-])c3C#N)s2)no[n+]1[O-],-5.3979400086720375
3453,O=C(O)c1cc(-c2ccc(F)cc2F)ccc1O,-4.7355837173301545
3454,N=C(N)NCCCC1NC(=O)C(Cc2ccccc2)NC(=O)C(Cc2ccccc2)NC(=O)CCC(=O)NCCCN(CC(N)=O)C(=O)C(Cc2c[nH]c3ccccc23)NC1=O,-4.72584215073632
3455,CC(C)Cc1nc2sc3c(NCCN4CCOCC4)ncnc3c2c2c1CCC(C)(C)C2,-6.3979400086720375
3456,Nc1cc(-c2ccncc2)c[nH]c1=O,-4.843424945162087
3457,COc1ccc2c(OC3CC4C(=O)NC5(C(=O)NS(=O)(=O)C6CC6)CC5C=CCCCCCC(NC(=O)c5ccn(CC(F)(F)F)n5)C(=O)N4C3)cc(OC(C)C)nc2c1C,-5.468521082957745
3458,COc1cc(Nc2cc(-c3cccc(C#N)c3)ccn2)ccc1N1CCN(C)CC1,-4.808451535098746
3459,Cn1c(=O)c2c(c(C#N)c(N3CCCC(N)C3)n2Cc2ccccc2)n(C)c1=O,-5.585026652029182
3460,CC(Nc1ccccc1)c1cc(C(=O)N(C)CC(=O)O)cn2c(=O)cc(N3CCOCC3)nc12,-4.570247719997592
3461,CCOC(=O)c1c(Cl)cc(Cl)cc1-c1cnc(C(C)NC(=O)C2(NC(=O)C(F)(F)F)CC2)c(F)c1,-4.6020598717479855
3462,Cc1onc(C(=O)N2C3CCC2CC(Nc2cc(=O)n(C)c4cc(F)c(F)cc24)C3)c1C,-4.638272163982407
3463,O=C(C=Cc1ccccc1Cl)NC1(C(=O)NC(Cc2ccccc2)C(=O)NCC2CCN(CC3CCOCC3)CC2)CCCC1,-6.0
3464,COc1ccc(-c2cnc(N3CCN(C(=O)N4CCC(c5cn[nH]c5)C4)c4ccccc43)nc2)cc1,-4.7121982700697735
3465,Cc1cn(Cc2ccc(Cl)cc2Cl)c2c(C=CC(=O)NS(=O)(=O)c3cc(Cl)c(Cl)s3)cc(F)cc12,-4.950781977329818
3466,COc1cccc2c1c(C(=O)C=C(O)C(=O)O)cn2Cc1ccc(F)cc1,-5.259637310752877
3467,CC1(CC(O)C(=O)N2N=CCC2C(=O)NCc2cc(Cl)ccc2-n2cnnn2)CC1,-5.022276394783365
3468,CS(=O)(=O)NCC1CCCN1C(=O)CC(N)Cc1cc(F)c(F)cc1F,-6.698970004252014
3469,CC1(C)NC(=O)c2cc(S(=O)(=O)Nc3ccc(F)cc3F)ccc2NC1=O,-5.301029995747986
3470,Cc1cc(NC(O)=C2C(=O)c3ccccc3S(=O)(=O)N2C)no1,-4.6100001
3471,CN(C)CCCN1c2ccccc2CCc2ccccc21,-4.741567515762637
3472,N#CCCCn1c(Cn2c(=O)n(C3CC3)c3ccncc32)nc2ccccc21,-4.7544873321858505
3473,CC(=O)Nc1ccc(C(O)CNC(C)C)cc1,-5.6009035
3474,COc1cnc2ccc(=O)n(CCN3CCC(c4nc5cc(C#N)c(C)cc5[nH]4)CC3)c2c1,-6.3979400086720375
3475,Cc1ccnc(C)c1C(=O)N1CC2CN(CCC(NC(=O)C3CCCC3)c3ccccc3)CC2C1,-5.3979400086720375
3476,Cc1cc(C(C)Nc2ccccc2)c2nc(N3CCOCC3)cc(=O)n2c1,-4.180456064458132
3477,CC(=O)NC(Cc1ccccc1)C(O)CNC1CC(C)(C)Cc2nn(CC(C)(C)C)cc21,-5.82390874095824
3478,CCCCCCOC(=O)c1cn(C2CC2)c2cc(N3CCNCC3)c(F)cc2c1=O,-4.845590209979761
3479,Oc1ccc(-c2cnc(-c3cccc(O)c3)s2)cc1,-5.107905397232139
3480,O=C(O)Cc1cc(CC(=O)O)cc(-c2ccc(C#CCO)s2)c1,-6.292429823902063
3481,Cn1c(C(=O)NC2(C(=O)NC(Cc3ccccc3)C(=O)NCCCN3CCOCC3)CCCC2)cc2ccccc21,-4.9732273630257104
3482,OCCNc1cnc2nnn(Cc3ccc4ncccc4c3)c2n1,-5.554395796794802
3483,CC(NC(=O)CCC(=O)OCCNC(=S)Nc1ccc(-c2c3ccc(=O)cc-3oc3cc(O)ccc23)c(C(=O)O)c1)C(=O)NCCCC(=O)NC(CCCNC(=N)N)C(=O)NC(CCCNC(=N)N)C(=O)NC(CCCNC(=N)N)C(=O)NC(CCCNC(=N)N)C(=O)NC(CCCNC(=N)N)C(=O)NC(CCCNC(=N)N)C(=O)NC(CCCNC(=N)N)C(N)=O,-6.387216143140132
3484,COc1cc2c(cc1OC)CN(Cc1coc(-c3ccc4ccccc4c3)n1)CC2,-7.42021640338319
3485,O=C(O)CCCCN(C(=O)N1CCOCC1)c1ccc(C(O)(C(F)(F)F)C(F)(F)F)cc1,-5.769551078621726
3486,NC(N)=Nc1nc(CSCCC(N)=NS(N)(=O)=O)cs1,-5.995625709694077
3487,CN(c1cc2cc(n1)NCCCCc1cccc(c1)CC(C)(N)C(=O)OC2)S(C)(=O)=O,-4.958607314841775
3488,COCCCc1cc(CN(C(=O)C2CNCCC2(O)c2ccc(F)c(F)c2)C2CC2)cc(OCCOC)c1,-4.667561540084395
3489,CCCCN1C(=O)N(Cc2ccc3[nH]nc(N)c3c2)C(Cc2ccccc2)C(O)C(O)C1Cc1ccccc1,-5.67861282631652
3490,CC(C)(C)CC(O)C(=O)N1N=CCC1C(=O)NCc1cc(Cl)ccc1-n1cnnn1,-4.619788758288394
3491,COc1cc(C#N)c2ccc(=O)n(CCN3CCC(NCc4cnc(C)c(C#N)c4)CC3)c2c1,-5.0
3492,COc1cccc(C(=O)Cn2cnc3c(C#N)c(N4CCCC(N)C4)n(Cc4ccccc4)c3c2=O)c1,-6.045757490560675
3493,Nc1nc2c(c(-c3c(Cl)cc(Cl)cc3OCCn3cccn3)n1)CN(C(=O)NCC(F)F)C2,-5.920818753952375
3494,O=C(CC1CNC(=O)c2cc(-c3cccc(F)c3)cn21)NC(CO)c1ccccc1,-5.568636235880759
3495,COC1CC2CCC(C)C(O)(O2)C(=O)C(=O)N2CCCC3C(CC4CCC(OCCO)C(OC)C4)C(CC(=O)C(C)C=C(C)C(O)C(OC)C(=O)C(C)CCC(C)C=CC=CC=C1C)OC(=O)C32,-4.630000099999999
3496,CCc1nc(N)nc(N)c1-c1ccc2c(c1)N(CCC(=O)NC)C(=O)C(C)(c1cc(F)cc(F)c1)O2,-5.292429823902063
3497,COc1ccc(-c2nnc(C(=O)N3CC(Oc4ccc(CN5CC6(CCOC6)C5)cc4)C3)o2)cc1,-4.221848749616356
3498,O=C(NC1(C(=O)NC(Cc2ccccc2)C(=O)NC2CCN(CC3CCOCC3)CC2)CCCC1)c1cc2ccccc2s1,-5.07021802785714
3499,Cc1cccc(C=CC(=O)NC2(C(=O)NC(Cc3ccccc3)C(=O)NCC3CCN(CC4CCOCC4)CC3)CCCC2)c1,-5.67778070519956
3500,Cc1cc(COc2ccc(C(=O)NC3COCC3C(=O)NO)cc2)c2ccccc2n1,-6.0
3501,COc1cccc(CN2C(=O)CC3(C2=O)C(=O)N(CC(=O)O)c2ccc(Cl)cc23)c1,-6.096910013008056
3502,CCN(CCO)C(=O)c1cc2ccccn2c1-c1cccc(OC)c1,-4.267606240177032
3503,CC(C)(C)C1C(O)=C(C2=NS(=O)(=O)c3c(CNS(C)(=O)=O)cccc32)C(=O)N1Cc1ccc(F)c(Cl)c1,-7.0
3504,O=c1cc(CNc2cc(Cl)cc(Cl)c2)[nH][nH]1,-6.221848749616356
3505,CCCCCCCCCCCCCCCCOP(=O)([O-])OCC[N+](C)(C)C,-5.662740460249724
3506,CC=C(C)C(=O)NC(c1ccccc1)C(O)C(=O)OC1CC2(O)C(OC(=O)c3cccc(N=[N+]=[N-])c3)C3C4(OC(C)=O)COC4CC(OC(=O)CCl)C3(C)C(=O)C(O)C(=C1C)C2(C)C,-4.721246399047171
3507,CC(C)(O)CCn1c(Cn2c(=O)n(C3CC3)c3ccncc32)nc2ccccc21,-4.739928612014925
3508,FC(F)(F)c1cccc(C2=CCN(CCc3ccc4ccccc4c3)CC2)c1,-4.73
3509,CCC(C)Nc1nc(C)nc2c(-c3ccc(OC)nc3C)c(C)nn12,-4.769551078716296
3510,O=C(NC1(C(=O)NC(Cc2ccccc2)C(=O)NCCCN2CCOCC2)CCCC1)c1cc2ccccc2o1,-5.221309545705453
3511,N=C(N)c1cccc(CC(CC(=O)N2CCNCC2)NS(=O)(=O)c2ccc3ccccc3c2)c1,-7.031532655945284
3512,CN1CCN(c2ccc(-c3cccc(CN4CCOCC4)c3)cc2NC(=O)c2c[nH]c(=O)cc2C(F)(F)F)CC1,-7.0
3513,Cc1cc(COc2ccc(C(=O)NC3CN(C(C)(C)C)CCC3C(=O)NO)cc2)c2ccccc2n1,-6.221848749712267
3514,CC(C)(C)C1CN(C(=O)C(=O)c2c[nH]c3cccc(F)c23)CCN1C(=O)c1ccccc1,-4.721246399047171
3515,CN1C(=O)CC(N2CCCN(CCC=C3c4ccccc4CCc4ccc(CC(=O)O)cc43)CC2)N(C)C1=O,-5.3200002
3516,CC(C)c1cccc(Nc2nc3cc(Oc4ccnc(C(=O)NCCN5CCOCC5)c4)ccc3o2)c1,-5.0
3517,Cn1ncc(NCc2ccncc2)c1C(=O)Nc1ccc(OC(F)(F)F)cc1,-5.26625452689542
3518,CCCCC1CN(CC2CCOCC2)C(=O)N1C1CCN(C2(C)CCN(C(=O)c3c(C)ncnc3C)CC2)CC1,-6.3979400086720375
3519,CCCCCCCCCC(=O)N1CCNCC1,-3.8199999
3520,Cn1c(Cc2nc(N3CCOCC3)cc(=O)[nH]2)nc2cc(F)ccc21,-5.508638306165727
3521,Nc1cccnc1,-4.537566877753523
3522,CC1CCN(C(=O)CC#N)CC1N(C)c1ncnc2[nH]ccc12,-5.0
3523,O=c1cc(COc2cc(Cl)cc(Cl)c2)[nH][nH]1,-4.43533393574791
3524,Cn1c(N2CCN(C3CC3)CC2)cc(OCc2cc(F)c(Oc3ccc(Cl)c(C(F)(F)F)c3)c(F)c2)nc1=O,-6.366531544420414
3525,COc1cc(C)ccc1S(=O)(=O)NC(=O)C(c1ccc2c(c1)OCO2)c1cn(C)c2cc(C#N)ccc12,-5.000780552172699
3526,CNC(=O)c1cc(Oc2ccc3c(c2)nc(Nc2cccc(C(C)(C)C)c2)n3C)ccn1,-5.0
3527,CC(C)S(=O)(=O)n1c(N)nc2ccc(C(=NO)c3ccccc3)cc21,-3.8699999
3528,O=c1[nH]c(=O)n(C2OC(CO)C(O)C2O)cc1C=CBr,-5.395348752168009
3529,Cn1c(OCC(C)(C)C(N)=O)nnc1-c1ccc(NC(=O)c2ccc3ccccc3c2)cc1,-7.0
3530,Clc1cccc(Cl)c1NC1=NCCN1,-4.54178045005628
3531,CN1C(=O)c2ccccc2[S+]([O-])c2ccc(C(=O)NCCc3cccs3)cc21,-4.72584215073632
3532,C#CC#CCC=CCCCCCC=CC(=O)NCC(C)CC,-4.430449418983252
3533,Cn1cncc1CN1CC(N(CC2CCN(C(=O)c3cccs3)CC2)S(=O)(=O)c2ccccn2)Cc2cc(C#N)ccc21,-6.301029995663981
3534,CCN1C(=O)c2cccc3c(NS(=O)(=O)c4cc(Br)ccc4OC)ccc1c23,-4.896196279033032
3535,CC(Oc1cc(-c2cnn(C3CCNCC3)c2)cnc1N)c1c(Cl)ccc(F)c1Cl,-5.0177288
3536,O=c1ccc2ccc(O)cc2o1,-4.5583289711686925
3537,CN(C)C1CCN(C(=O)c2ccc(O)cc2OCC(O)CN2CCC3(CC2)Cc2cc(Cl)ccc2O3)C1,-6.3979400086720375
3538,COc1ccc(C2(c3cccc(-c4cncnc4)c3)N=C(C)C(N)=N2)cc1,-4.67778070519956
3539,COc1ccc(C2CCN(CCc3cnn(-c4nccc5c(O)ncnc45)c3)CC2)cc1,-5.238824186922134
3540,CS(=O)(=O)CCCn1c(Cn2c(=O)n(C3CC3)c3ccncc32)nc2ccccc21,-5.481486060122113
3541,COc1cccc2c1CCCC2CCCN1CCN(C2CCCCC2)CC1,-3.602755418989614
3542,COc1ccc(CC(=O)O)cc1-c1ccc(C#CCO)s1,-5.563837352959244
3543,C=C(c1ccccc1)C1OCC(NC(=O)Cc2ccccc2)C(C)O1,-5.049093241938628
3544,CN(Cc1cn(Cc2ccc(F)cc2)c2cnc3c(c12)CCN(O)C3=O)CC1CC1,-5.377785977033705
3545,CNC(=O)c1cc(Oc2ccc3oc(Nc4cccc(C(F)(F)F)c4)nc3c2)ccn1,-5.0
3546,COc1ccc(-n2nc(C(N)=O)c3c2C(=O)N(c2ccc(C4(N(C)C)CC4)cc2)CC3)cc1,-4.903089986993958
3547,COc1ncc(NC(=O)C(=O)c2cn(C(C)C)c3ccccc23)cn1,-4.400116927944734
3548,CC(C)(S)C(N)C(=O)O,-4.882066164970269
3549,O=C(NCCC1CC1)c1ccc(N2CCN(C(=O)c3cc(Cl)ccc3C(F)(F)F)CC2)nn1,-4.494850021680094
3550,CCON=C(N)c1ccc(-c2ccc(-c3ccc(C(N)=NOCC)cc3)o2)cc1,-5.229467272089464
3551,COc1ccc(-c2nnc(C(=O)N3CC(Oc4ccc(CN5CCCOCC5)cc4)C3)o2)cc1,-4.292429823902063
3552,O=C(O)C(O)Cc1ccc(O)c(O)c1,-5.912274967331314
3553,O=C(O)CC1OC(=O)N(CC(=O)NCC2CCC(Nc3nc4ccccc4[nH]3)CC2)c2ccccc21,-5.490797477668897
3554,COC1CCC(C(=O)Nc2nc(C)c(-c3ccc(N)nc3)s2)CC1,-4.7447274948966935
3555,CCCC(=O)NC1CCCCCC=CC2CC2(C(=O)NS(=O)(=O)C2CC2)NC(=O)C2CC(Oc3cc(OCC)nc4c(C)c(OC)ccc34)CN2C1=O,-6.045757490560675
3556,O=c1cc(N2CCOCC2)nc(Cc2nc3cc(F)ccc3o2)[nH]1,-4.795880017344075
3557,O=c1[nH]c2cc(Cl)ccc2o1,-4.189514516666667
3558,C=CC1CN2CCC1CC2C(O)c1ccnc2ccc(OC)cc12,-4.595840143048955
3559,O=c1cc(-c2ccc(O)cc2)oc2cc(O)c(O)c(O)c12,-5.216666466666666
3560,COc1ccc(C2(c3cccc(Br)c3)N=C(N)N3CC(F)(F)CN=C32)cc1,-4.9586073148813306
3561,Cc1ccc(-c2nc3ccc(C)cn3c2CC(=O)N(C)C)cc1,-4.5
3562,CC(=O)N(C)C1(c2ccccc2)CCN(CC2CC2(C(=O)N(C)Cc2ccccc2)c2ccc(Cl)c(Cl)c2)CC1,-6.096910013008056
3563,O=C(C=Cc1ccc(O)c(O)c1)OC(Cc1ccc(O)c(O)c1)C(=O)O,-6.444040831488688
3564,COC1CN(C(=O)c2ccc3[nH]nc(Cc4ccc5c(cnn5C)c4)c3c2)C1,-4.473660722610156
3565,Cc1ccc(NC(=O)c2ccc3nc(-c4c(C)cc(NCC(=O)O)cc4C)[nH]c3c2)cc1C,-6.187086643357144
3566,CC#Cc1cncc(-c2cccc(C3(c4cc(C)c(OC)c(C)c4)N=C(C)C(N)=N3)c2)c1,-4.920818753964281
3567,C=CCC1C=C(C)CC(C)CC(OC)C2OC(O)(C(=O)C(=O)N3CCCCC3C(=O)OC(C(C)=CC3CCC(O)C(OC)C3)C(C)C(O)CC1=O)C(C)CC2OC,-5.411060775
3568,CCCS(=O)(=O)N1CCC(CNC(=O)c2c(F)cccc2Cl)(C(=O)N2CCOCC2)CC1,-4.6575773190888965
3569,CC(Oc1ccccc1)c1cc(C(=O)N(C)CCO)cn2c(=O)cc(N3CCOCC3)nc12,-7.301029995663981
3570,CC(CN1c2ccccc2Sc2ccccc21)N(C)C,-3.826172818267353
3571,Cc1cnc(CNC(=O)c2sc(-n3cnn(Cc4ccc(F)cc4)c3=O)nc2C)cn1,-4.443697499232712
3572,O=C1NC(C(=O)O)Cc2cn(cn2)CC=CCOc2ccc(Cl)c1c2,-7.0
3573,CCN1C(=O)C(c2cc(-c3cnn(C)c3)c(O)cc2O)C(=O)N(c2ccccc2)c2cc(C(F)(F)F)ccc21,-5.113509274827518
3574,O=C1C(=Cc2ccccc2F)CNCC1=Cc1ccccc1F,-5.452225294612178
3575,Cc1cc(CC(CC(=O)N2CCC(c3cc4ccccc4[nH]c3=O)CC2)c2ccccn2)cc2cn[nH]c12,-5.468521082957745
3576,CC(=O)NC(C)C(=O)NCCc1ccccc1,-4.562533479337629
3577,Cc1nc2c(cnn2-c2cccc(S(N)(=O)=O)c2)c(=O)n1-c1ccc(Cl)cc1,-4.7544873321858505
3578,O=C(O)Cc1sc(C(c2ccccc2)c2ccccc2)nc1-c1ccc(Cl)cc1,-5.585026652029182
3579,CCCCCCC(N)C(=O)NC(Cc1ccc(O)cc1)C(=O)N1CCCC1C(=O)NC(Cc1c[nH]c2ccccc12)C(=O)NC(Cc1ccccc1)C(=O)NC1OC(C(N)=O)C(O)C(O)C1O,-5.790181869517928
3580,O=C(O)c1ccc2c(C3CCCCC3)c(-c3cccs3)n(CC(=O)N3CCC(N4CCCC4)CC3)c2c1,-6.698970004336019
3581,O=C(C=C1CCN(C(=O)c2ccccc2O)CC1)NC1CCN(Cc2ccc3cc(F)ccc3c2)C1,-5.3979400086720375
3582,CCOC(=O)N1CCC(NS(=O)(=O)c2ccc(NC(=O)c3ccccc3C)c3ccccc23)CC1,-4.769551078621726
3583,CC1(O)CC(c2nc(-c3ccc4ccc(-c5ccccc5)nc4c3)c3c(N)nccn23)C1,-4.82102305270683
3584,COc1cc2c(cc1OC)CN(Cc1coc(-c3ccc4cc(O)ccc4c3)n1)CC2,-6.804100347590766
3585,O=C(O)C1OC(Oc2cc3oc(-c4ccccc4)cc(=O)c3c(O)c2O)C(O)C(O)C1O,-6.769825459540575
3586,CC(=O)NC(C(=O)NCCc1ccccc1)C(C)C,-4.385614885436213
3587,CN(C)Cc1ccccc1-c1ccc(-c2ccc3c(C(N)=O)nn(-c4ccc5onc(N)c5c4)c3c2F)c(F)c1,-5.424812155054255
3588,Oc1ccncc1,-4.1086907243273805
3589,N=c1nc(N2CCCCC2)cc(N)n1O,-4.996398742072452
3590,CCC1CC(n2c(=O)nc(-c3ccc(NC)nc3)c3oc4ncc(-c5cnn(C)c5)cc4c32)CCO1,-5.502182402701225
3591,COCCC(CC1(C(=O)NCCCc2ccc(F)cc2)CCCC1)C(=O)O,-4.920818753964281
3592,N#Cc1cccnc1N1CCN(C(=O)c2cccc(Oc3nnc(O)c4ccccc34)c2)CC1,-4.920818753976187
3593,Cc1cc(C(C)Nc2cccc(C(=O)O)c2)c2nc(N3CCOCC3)cc(=O)n2c1,-6.045757490670506
3594,CC1CCCN1CCCOc1ccc(C2=NNC(=O)CC2)cc1,-4.943095148663527
3595,Cc1cc(N2CCCC(N)C2)c2c(n1)n(C)c(=O)n2Cc1ccccc1C#N,-5.045757490560675
3596,O=C(NCc1cc(Cl)ccc1-n1cnnn1)C1CCNN1C(=O)C(O)c1ccccc1,-5.275724130399211
3597,CCc1c(CCCC(=O)O)cccc1-c1nnc(-c2ccc(OC(C)C)c(C#N)c2)o1,-4.619788758288394
3598,COc1cc2c(cc1OC)CN(Cc1ccc3cc(O)ccc3c1)CC2,-4.452225294709134
3599,O=S(=O)(Nc1cc(-c2cc3c(-c4ccncc4)ncnc3s2)cnc1Cl)c1ccc(F)cc1F,-5.275801448291661
3600,Cc1nc(-n2cnn(Cc3ccc(F)cc3)c2=O)sc1C(=O)NCc1cnn(C)c1,-4.494850021680094
3601,CNc1oc(-c2cccc3ccccc23)nc1C#N,-5.823908740944319
3602,CC(C)NCC1CC1(C(=O)N(C)Cc1ccc(F)cc1)c1ccc(Cl)c(Cl)c1,-4.958607314841775
3603,Cc1ccc(Nc2c(-c3ccc(F)cc3)nc3n2CCNC3(C)C)cc1,-4.80799040734633
3604,CCCN(CCO)C(=O)c1cc2ccccn2c1-c1ccccc1,-4.221848749616356
3605,CC(=S)NCC1CN(c2ccc(N3CCCS(=O)(=O)CC3)c(F)c2)C(=O)O1,-4.638920265995602
3606,O=C(Nc1ccc2ncn(Cc3ccc(F)c(Cl)c3)c(=O)c2c1)OCc1ccccc1,-6.096910013008056
3607,OCCN(CCO)c1nc(N2CCCCC2)c2nc(N(CCO)CCO)nc(N3CCCCC3)c2n1,-5.262578595447987
3608,Cc1cc(C(F)(F)F)c(-c2ccc(CC(NC(=O)c3c(Cl)cccc3Cl)C(=O)OCCCN3CCOCC3)cc2)c(=O)n1C,-4.7825160558395705
3609,CC(C)(C)CCN1C(=O)C(C2=NS(=O)(=O)c3ccccc32)=C(O)C1C(C)(C)C,-5.00436480540245
3610,NC(=O)C(Cc1ccccc1)N1CCNC(=O)CCCNC(Cc2ccccc2)C(=O)NCC(=O)NCC(=O)NCC(=O)NCC1=O,-5.563837352969433
3611,CC(=O)NC(CCN1C2CCC1CC(n1c(C)nc3ccccc31)C2)c1ccccc1,-4.886056647693163
3612,COc1ccc(COc2cnn(CC(=O)c3ccc(CN(C)C)cc3C)c(=O)c2)nc1,-4.2839966563652006
3613,Cc1ccc2c(=O)c3cccc(CC(=O)OC4OC(C(=O)O)C(O)C(O)C4O)c3oc2c1C,-6.52
3614,CC(NC(=O)C1(NC(=O)C(F)(F)F)CC1)c1ccc(-c2cc(Cl)cc(Cl)c2-c2nnn(C)n2)cc1F,-4.552842050746667
3615,O=c1ncn(Cc2ccc(Br)cc2F)c2ccc(Oc3ncccc3C(F)(F)F)cc12,-5.1487416512809245
3616,CCCCCN1C(=O)C(C)(c2ccc3c(c2)OCO3)c2ccccc21,-5.619788758288394
3617,O=C(Nc1ccc(C(F)(F)F)cc1)c1ccnn1CCc1ccncc1,-5.19262849358628
3618,NS(=O)(=O)c1cccc(CN(c2ccc3[nH]ccc3c2)C2CCNCC2)c1,-6.154901959989307
3619,CS(=O)(=O)Nc1ccc2c(c1)S(=O)(=O)NC(=C1C(=O)C3C4CCC(C4)C3N(Cc3ccc(F)cc3)C1=O)N2,-5.8899999
3620,O=[N+]([O-])c1ccc(C2=NOC(c3ccc(N4CCSCC4)cc3)C2)o1,-5.007180940772754
3621,CN(C)CCNc1cnc2nnn(Cc3ccc4ncccc4c3)c2n1,-5.681936665027928
3622,O=C(O)c1cn(C2CC2)c2nc(N3CCCCC3)c(F)cc2c1=O,-5.3159404
3623,N#CC1(c2cccnc2)CCN(Cc2cc(C(=O)O)c(=O)n3ccccc23)CC1,-4.4089353929735005
3624,CC(C)(F)C(=O)NCC1CCCN1C(=O)CC(N)Cc1cc(F)c(F)cc1F,-5.721246399035378
3625,CC(=O)c1ccc(N(C)S(=O)(=O)c2cccc(C(=O)Nc3ccc(C#N)cc3)c2)cc1,-4.856985199745905
3626,CS(=O)(=O)c1ccc(-c2ccc(OC3OC(CO)C(O)C(O)C3O)cc2)cc1,-6.209195817050164
3627,c1ccc(Cn2nnnc2C(c2ccc(Cn3cncn3)cc2)N2CCCN(C3CCC3)CC2)cc1,-6.300386373373993
3628,COc1ccc(CC(C)(C)NCC(O)c2cc(O)cc3c2OCC(=O)N3)cc1,-6.455931955649724
3629,CCCC(=O)c1cnn(-c2ccc(NC(=O)c3cn(CC(=O)N4CCN(C)CC4)c4ccc(C(F)(F)F)cc34)cc2)c1C,-6.045757490560675
3630,COc1cncc(-c2nc(=O)n(CCC3CCCO3)c3c2oc2ncc(-c4cnn(C)c4)cc23)c1,-4.769551078621726
3631,COc1cc(Nc2nc3n(n2)CCC(=O)N3Cc2ccccc2C)ccc1-c1noc(C)n1,-4.42021640338319
3632,Cc1cccc(NC(=O)Cc2nc(O)cc(N3CCOCC3)n2)c1,-5.853871964160881
3633,CC(=O)NC1CC(n2cnc(NC(=O)Cc3cccc4ccccc34)c2)C1,-5.823908740944319
3634,FC(F)(Cl)Oc1ccc(Nc2nnc(-c3cccnc3CCc3ccncc3)o2)cc1,-5.211124884224583
3635,CCN(CC)CCN(Cc1ccc(-c2ccc(C(F)(F)F)cc2)cc1)C(=O)Cn1cc(CO)c(=O)nc1SCc1ccc(F)cc1,-6.2552551338451465
3636,Cc1ncnc(C)c1C(=O)N1CC2CN(CCC(c3ccccc3)C3CN(S(=O)(=O)C4CCCC4)C3)CC2C1,-5.853871964321762
3637,NC(=O)c1cc(C(=O)N2CCc3cc(-c4ccccc4CN4CCCC4)ccc32)n(-c2ccc3onc(N)c3c2)n1,-6.154901959989307
3638,Cc1cn2nc(C3CCCCN3C(=O)c3cc(Cl)ccc3NS(C)(=O)=O)cc2nc1N1CCCC1,-4.6777807052660805
3639,C=C1NC(N)=Nc2c1ncn2COCCOC(=O)CCC(N)C(=O)O,-5.8099999
3640,CCCCN1C(=O)C(CC2CCCCC2)NC(=O)C12CCN(Cc1ccc(Oc3ccc(O)cc3)cc1)CC2,-6.481486060122113
3641,Cc1cc(=O)[nH]c(C)c1C(=O)N1CC2CN(CCC(NC(=O)C3CCCC3)c3ccccc3)CC2C1,-6.301029995663981
3642,COC1CN(C(=O)c2ccc3[nH]nc(Cc4ccc(-c5cnn(C)c5)cc4)c3c2)C1,-4.540607512180577
3643,O=C(Nc1cc(C(F)(F)F)cc(C(F)(F)F)c1)c1cnc(Cl)nc1C(F)(F)C(F)(F)F,-6.045757490560675
3644,CN(C(=O)Nc1ccc2c(-c3ccncc3)c[nH]c2c1)c1ccccc1,-4.844663962534939
3645,COc1ccc2c(OC3CC4C(=O)NC5(C(=O)NS(=O)(=O)C6CC6)CC5C=CCCCCN(C)C(=O)C4C3)nc(-c3ccc(F)cc3)nc2c1C,-4.4899998
3646,Cc1cn(C2C=CC(CO)O2)c(=O)[nH]c1=O,-5.347992296556164
3647,Cc1cc(-c2nnn(Cc3ccc(C(=O)O)cc3)n2)cc(C(=O)NCc2ccc(F)c(F)c2)n1,-5.568636235841012
3648,O=C(NC1(C(=O)NC(Cc2ccccc2)C(=O)NCCCN2CCOCC2)CCCC1)c1cc2ccccc2s1,-5.047083246487711
3649,COc1cc(C)c(S(=O)(=O)N(C)CCOCC(=O)N2CCC(C3CCN(C(C)C)CC3)CC2)c(C)c1,-5.522878745210253
3650,O=C1CSCCN1c1ccc(COC2COc3nc([N+](=O)[O-])cn3C2)cc1F,-4.476383580959222
3651,CCC1CC1(NC(=O)C1CC(Oc2cc(-c3csc(NC(C)C)n3)nc3c(Cl)c(OCCN4CCC(OC)C4)ccc23)CN1C(=O)C(NC(=O)OC1CC2CC2C1)C(C)(C)C)C(=O)O,-5.214670164989233
3652,CC(C)(O)Cn1cc(-c2cnc3nnn(Cc4ccc5ncccc5c4)c3n2)cn1,-4.462180904945044
3653,NC(=O)c1ccncc1,-4.2778402319912034
3654,Cc1cn2nc(C3CCCCN3C(=O)c3cc(Cl)ccc3NS(C)(=O)=O)cc2nc1N1CC(F)C1,-4.431798275933005
3655,CCCCCn1cc(C(=O)NC23CC4CC(CC(C4)C2)C3)c(=O)cc1C(C)(C)C,-5.008773924307505
3656,CCC(C(=O)O)c1ccc(N2Cc3ccccc3C2=O)cc1,-4.390152047693695
3657,CCOC(=O)c1cnc(N2CCN(C(=O)NS(=O)(=O)c3ccc(C)cc3)CC2)c(Cl)c1,-5.602059991245972
3658,CN(C)C(=N)NC(=N)N,-5.8952609511673
3659,CC(Nc1cc(F)cc(F)c1)c1cc(C(=O)N2CCC(O)CC2)cc2c(=O)cc(N3CCOCC3)oc12,-6.0
3660,Cn1cc(-c2ccc(-c3cnc(N)c4ccc(C(=O)N5CCNCC5)nc34)cc2)cn1,-6.017728766970324
3661,COc1nc(N)nc2c1ncn2C1OC(COP(=O)(NC(C)C(=O)OCc2ccccc2)Oc2cccc3ccccc23)C(O)C1(C)O,-5.39577394691553
3662,CCc1c2nc(-c3cc(S(=O)(=O)N4CCN(CC)CC4)cnc3OCC(C)C)nc(O)c2nn1CCOC,-4.397940008836018
3663,CC1CN(CCCNC(=O)C(Cc2ccccc2)NC(=O)C2(NC(=O)c3cc4ccccc4s3)CCCC2)CC(C)N1,-5.959042368065665
3664,Cc1cc(C(=O)Nc2ccc(-c3ccccc3S(N)(=O)=O)cc2F)n(-c2cccc(CN)c2)n1,-6.008353648016682
3665,COc1ccc(N2N=C(S(C)(=O)=O)C3CCN(c4ccc(C5(CN6CCCC6)CC5)cc4)C(=O)C32)cc1,-6.0
3666,NCCCCC(CC(=O)NC(CC(=O)O)Cc1ccccc1)NC(=O)CC(N)CO,-7.431798275933005
3667,COC(=O)C1C(O)C2(O)c3c(OC)cc(Cl)cc3OC2(c2ccc(OC)cc2)C1c1ccccc1,-5.7447274948966935
3668,CC(C)(C)C(=O)NCC1CCCN1C(=O)CC(N)Cc1cc(F)c(F)cc1F,-5.853871964321762
3669,Cn1c(N2CCN(CCC=C3c4ccccc4COc4ccc(CC(=O)O)cc43)CC2)cc(=O)n(C)c1=O,-5.280095891485956
3670,CN1CCN(c2c(F)cc3c(=O)c(C(=O)O)cn(CCF)c3c2F)CC1,-4.809967795560199
3671,N#Cc1ccccc1Cn1c(N2CCCC(N)C2)nc2[nH]c(-c3ccc(C(F)(F)F)cc3)cc2c1=O,-5.761953896871205
3672,CC(=O)N1CCN(c2nc3c(c(N(C)Cc4cc5ccccc5cn4)n2)CN(C(C)C)C3=O)CC1,-5.537602002075783
3673,OCC1OC(OCC2OC(OC3(CO)OC(CO)C(O)C3O)C(O)C(O)C2O)C(O)C(O)C1O,-7.402877901921326
3674,Cc1c(F)cc(C(=O)NC2CC2)cc1-c1ccn2c(C(C)(C)C)nnc2c1,-4.568636235841013
3675,COc1cccc(CNC(=O)c2nc3ccc(F)c(OCCc4ccc(C(=O)O)cc4)c3c(=O)[nH]2)c1,-5.321481620959887
3676,O=C1CCC2(O)C3Cc4ccc(O)c5c4C2(CCN3CC2CC2)C1O5,-4.821023
3677,COCC(=O)OC1(CCN(C)CCCc2nc3ccccc3[nH]2)CCc2cc(F)ccc2C1C(C)C,-4.936384877887144
3678,CC1(C)NC(=O)c2cc(S(=O)(=O)Nc3ccc(F)cc3F)cc(C#N)c2NC1=O,-5.522878745210253
3679,O=c1c2ccccc2nc2n1CCc1c-2[nH]c2ccccc12,-5.057815971023475
3680,O=C(Nc1nc(-c2cccc(C(F)(F)F)c2F)cs1)c1ccc(N2CCC(C(=O)O)C2)nc1,-5.346787486224656
3681,O=C1CCC(N2C(=O)c3ccccc3C2=O)C(=O)N1,-4.6999998
3682,Cc1c[nH]c2c(Nc3nc(NC4CCCCC4N)cc4nc[nH]c(=O)c34)cccc12,-5.022276394711152
3683,Cn1ncc(C(=O)N2CCC(Nc3cc(=O)[nH]c4cc(F)c(F)cc34)CC2)c1Cl,-6.698970004336019
3684,Cc1cn2nc(C3CCCCN3C(=O)c3cc(Cl)ccc3NS(C)(=O)=O)cc2nc1N1CC(N)C1,-5.508638306165727
3685,Nc1ncc(-c2ccc(S(=O)(=O)N3CCOCC3)cc2)nc1C(=O)Nc1cccnc1,-4.568636235841013
3686,O=C1CC(c2ccc(CC(NS(=O)(=O)c3ccccc3)c3nc4ccccc4[nH]3)cc2)S(=O)(=O)[N-]1,-6.3979400086720375
3687,Cc1nccn1-c1ccc(NC(=O)c2cc(C(F)(F)F)nn2-c2ccc3onc(N)c3c2)c(F)c1,-5.130181792020672
3688,CCN1CCC2(CC1)CNC(=O)c1cc(-c3ccnc(-c4cc5ccccc5o4)n3)[nH]c12,-6.096910013008056
3689,CNC(=O)c1cc(Oc2ccc3sc(Nc4ccc(C(C)C)cc4)nc3c2)ccn1,-5.0
3690,Cc1nc(N)ccc1CNC(=O)Cc1c(C#N)ccc(NCC(F)(F)c2ccccn2)c1F,-5.245535584865063
3691,CC1(c2cccc(-c3cncnc3)c2)N=C(N)CCS1,-4.67778070519956
3692,CN(C)CCC=C1c2ccccc2CCc2ccccc21,-4.153951424533303
3693,Cc1c(Nc2c(C#N)cncc2C=CCCN2CCCC(N)C2)ccc2[nH]ccc12,-6.301029995663981
3694,O=C(C=Cc1ccc2c(c1)C(=O)NC1(CCN(Cc3ccccc3)CC1)O2)NO,-6.3979400086720375
3695,CC(C)OC(=O)C(Cc1ccc(OC(=O)N(C)C)cc1)NC(=O)C1N(S(=O)(=O)c2ccn(C)n2)CSC1(C)C,-5.165579296318468
3696,COC1C=COC2(C)Oc3c(C)c(O)c4c(c3C2=O)C(=O)C(=CNN2CCN(C)CC2)C(=C4O)NC(=O)C(C)=CC=CC(C)C(O)C(C)C(O)C(C)C(OC(C)=O)C1C,-5.399732418566967
3697,CCN(CC)CCN(Cc1ccc(-c2ccc(C(F)(F)F)cc2)cc1)C(=O)Cn1cc(Br)c(=O)nc1SCc1ccc(F)cc1,-4.6020599913279625
3698,CCCC(=O)c1cc(C#N)c(N2CCC(C(=O)NS(=O)(=O)Cc3ccc(C)c(F)c3)CC2)nc1C,-6.154901959989307
3699,CCOC(=O)c1cc(C#N)c(N2CCC(C(=O)NS(=O)(=O)Cc3ccc(OC)cc3)CC2)nc1C,-4.3979400086720375
3700,Cc1ccc(F)cc1C(C)(C)CC(O)(Cc1cc2ncncc2[nH]1)C(F)(F)F,-4.958607314841775
3701,Cc1cccc(NC(=O)Cc2nc(N3CCOCC3)cc(=O)[nH]2)c1,-5.853871964321762
3702,O=C(NC1CCCS(=O)(=O)C1)c1ccc(Oc2ccc(C#CC3(O)CN4CCC3CC4)cc2)cc1,-5.886056647693163
3703,Cc1cccc(C(O)C(=O)N2N=CCC2C(=O)NCc2cc(Cl)ccc2-n2cnnn2)c1,-5.013228265800316
3704,Nc1ncnc2c1c(C(=O)c1cccc(NC(=O)Nc3c(F)cccc3F)c1)cn2C1CCCC1,-5.113509274827518
3705,CCn1cc(-c2nc(=O)n(CCC3CCCO3)c3c2oc2ncc(-c4cnn(C)c4)cc23)cn1,-5.086186147616283
3706,O=C(OC1CC(n2cc(F)c(=O)[nH]c2=O)OC1CO)c1ccccc1Cl,-5.68888215725312
3707,O=C(C(=O)N1CCN(C(=O)c2ccccc2)CC1)c1c[nH]c2c(-n3cncn3)ncc(F)c12,-4.6777807052660805
3708,O=C(O)CCCN1CC(c2nn[nH]n2)Oc2c(C=Cc3ccc(OCCCCc4ccccc4)cc3)cccc21,-6.7958800171720375
3709,CSc1ccc(CNc2nc(SC)nc3ncccc23)cc1,-5.356152689700286
3710,O=C(Cn1cnc(NC(=O)c2ccc(Cl)s2)n1)Nc1ccc(-n2ccccc2=O)cc1F,-6.045757490560675
3711,COc1cccc(-c2cccc(C3(c4ccncc4)N=C(C)C(N)=N3)c2)c1,-4.397940008754028
3712,CC(C)N(CCC(C(N)=O)(c1ccccc1)c1cccnc1)C(C)C,-5.3726339
3713,Cc1csc(NC(=O)C(C(=O)OC(C)C)=C2SCS2)n1,-4.5100002
3714,COCCN(C)S(=O)(=O)c1cn(Cc2ccc(F)cc2)c2cnc3c(c12)CCN(O)C3=O,-6.958607314841775
3715,c1cc2c(N3CCNCC3)nc(-c3ccc4[nH]ncc4c3)nc2cn1,-5.36251027048749
3716,COc1ccc(-c2oc3cc(O)cc(O)c3c(=O)c2O)cc1O,-5.001633278900671
3717,CNC(=O)C=C(c1cccc(F)c1)c1ccc2nc(N)n(S(=O)(=O)NC(=O)N3CCCC3)c2c1,-4.0999999
3718,COC(=O)c1cc(OC)c2c(c1-c1c(CO)cc(OC)c3c1OCO3)OCO2,-4.797424854336018
3719,Cn1nc(C(=O)O)c2c1-c1nc(Nc3ccccc3)ncc1CC2,-5.568636235880759
3720,COc1ccc(-c2cc(=O)c3c(OC)c(OC)c(OC)c(OC)c3o2)cc1,-4.531305326548631
3721,Cc1ccc(-c2ccc(C(=O)NC3(C(=O)NC(CCCN4CCN(CC5CCOCC5)CC4)Cc4ccccc4)CCCC3)cc2)cc1,-5.148741651210694
3722,CCN(C)Cc1ccccc1N1CCC(NC(=O)c2cc(C(F)(F)F)nn2-c2ccc3onc(N)c3c2)CC1,-5.568636235880759
3723,O=C(O)c1sc(N2CCOCC2)nc1CC(=O)N1CCc2c(Cl)cccc21,-6.154901959989307
3724,CCNC(=O)N1CCC(NS(=O)(=O)c2ccc(NC(=O)c3ccccc3C)c3ccccc23)CC1,-5.721246399035378
3725,CCOC(=O)c1ccc(C=C2CNCC(=Cc3ccc(C(=O)OCC)cc3)C2=O)cc1,-5.549750891760479
3726,CC(C)Oc1cc(NC(=O)C2(NC(=O)c3ccc4c(C5CCCC5)c(-c5ccccn5)n(C)c4c3)CCC2)ccc1C=CC(=O)O,-4.721246399047171
3727,N#Cc1c(-c2csc(-c3no[n+]([O-])c3C#N)c2)no[n+]1[O-],-5.026872146300226
3728,CN(C)CCOC(c1ccccc1)c1ccccc1,-4.41596799108044
3729,CCC(C)C1OC2(CCC1C)CC1CC(CC=C(C)C(OC3CC(OC)C(OC4CC(OC)C(O)C(C)O4)C(C)O3)C(C)C=CC=C3COC4C(O)C(C)=CC(C(=O)O1)C34O)O2,-6.092863739093027
3730,CC(C)n1c(=O)c(C(=O)NC2CC3CCC(C2)N3CC(O)CN(C)S(C)(=O)=O)cc2ccccc21,-4.610648232180287
3731,Cc1cc(C(C)Nc2ccccc2-c2nn[nH]n2)c2nc(N3CCOCC3)cc(=O)n2c1,-7.096910013004028
3732,CC(C)(C(=O)NCCn1ccc2ncnc(Nc3ccc(Oc4cccc(C(F)(F)F)c4)c(Cl)c3)c21)S(C)(=O)=O,-5.495029284586033
3733,CNc1ccc(-c2nc(=O)n(CCCOC)c3c2oc2ccc(-c4cnn(C)c4)cc23)cn1,-5.795880017344075
3734,O=C(NC1CCC(c2cccc(F)c2F)Cn2c(CC(F)(F)F)cnc21)N1CCC(n2c(=O)[nH]c3ncccc32)CC1,-4.619788758288394
3735,Cn1cncc1CN1CC(N(CC2CCN(S(C)(=O)=O)CC2)S(=O)(=O)c2ccccn2)Cc2cc(C#N)ccc21,-7.0
3736,CCN(CC)C(=O)N1CCN(C)CC1,-4.880744
3737,COc1ccc(NC(=O)C(=O)c2cn(C(C)C)c3ccccc23)cn1,-4.703334809803852
3738,COC(=O)c1cc(OC)c2c(c1-c1c(C(=O)OC)cc(OC)c3c1OCO3)OCO2,-4.16843189682344
3739,Cc1c(O)c(=O)ccn1C,-4.88816273097898
3740,NC(=O)C(Cc1ccccc1)NC(=O)C(Cc1c[nH]c2ccccc12)NC(=O)C1CCCN1C(=O)C(Cc1ccc(O)cc1)NC(=O)CCC(=O)NC1OC(CO)C(OC2OC(CO)C(O)C(O)C2O)C(O)C1O,-4.119186407719209
3741,O=c1cc(COc2ccc(Cl)cc2)[nH][nH]1,-4.366531544420414
3742,CCCCCN1C(=O)C(O)(c2ccc3c(c2)OCO3)c2ccccc21,-4.539102157243452
3743,Cc1ncc(C[n+]2csc(CCO)c2C)c(N)n1,-5.198226743823708
3744,c1csc(C23CNCC2C3)c1,-4.75448743006195
3745,CNC1CCC(c2ccc(Cl)c(Cl)c2)c2ccccc21,-5.5528421
3746,COC(=O)c1ccc(-c2ccc(OC3OC(CO)C(O)C(O)C3O)cc2)cc1,-5.373659632718718
3747,Cc1cc(Cn2nnc3c(-c4ccco4)nc(N)nc32)ccc1N,-4.958607314841775
3748,CN1C(=O)CC(N2CCCN(CCC=C3c4ccccc4COc4ccc(CC(=O)O)cc43)CC2)N(C)C1=O,-5.4000001
3749,CN1CCC(Nc2cc(N3CCN(C)CC3)ccc2C(=O)Nc2[nH]nc3ccc(Cc4cc(F)cc(F)c4)cc23)CC1,-5.82390874097216
3750,Cc1nc(CNC2CCN(CCn3c(=O)ccc4ccc(C#N)cc43)CC2)ccc1C#N,-4.767003889705885
3751,CC(C)S(=O)(=O)n1c(N)nc2ccc(C(=CC(N)=O)c3ccc(F)cc3)cc21,-4.3299999
3752,COc1ccc(-n2nc(C(F)(F)F)c3c2C(=O)N(c2ccc(C4(CN5CCCC5)CC4)cc2)CC3)cc1,-5.154901959989307
3753,CCCC(=O)c1cnn(-c2ccc(NC(=O)c3cn(CC(=O)N4CCN5CCN(C)C(=O)C5C4)c4ccc(Cl)cc34)cc2)c1C,-5.494850021680094
3754,O=C1c2ncc3c(ccn3Cc3ccc(F)cn3)c2CCN1O,-5.055024091587952
3755,COc1cccc(C=C2CNCC(=Cc3cccc(OC)c3OC)C2=O)c1OC,-4.630784142692393
3756,CNc1cc(Nc2cnc(C#N)c(OC(C)CN(C)C)n2)ncc1-c1cnn(C)c1,-5.055517327849831
3757,C=C(NC1C(=O)N2C(C(=O)O)=C(COC(C)=O)CSC12)C(=NOC)c1csc(N)n1,-5.8068752
3758,CCC1(C)NC(=O)c2cc(S(=O)(=O)Nc3ccc(Cl)cc3)ccc2NC1=O,-5.259637310629317
3759,NC(=O)c1cccc(-n2nc(C(F)(F)F)c3c2C(=O)N(c2ccc(-c4ccccc4CN4CCC(O)C4)cc2)CC3)c1,-5.537602002050522
3760,CCCCCCNC(=O)C1C(=O)N(O)C(=O)c2ccccc21,-4.609064892922466
3761,Cc1cc(C(=O)Nc2ccc(-c3ccccc3S(C)(=O)=O)cc2)n(-c2cccc(CN)c2)n1,-5.90780709523214
3762,CCCC(=O)c1cnn(-c2ccc(NC(=O)c3cn(CC(=O)N4CCN(CCO)CC4)c4ccc(C)cc34)cc2)c1C,-6.698970004336019
3763,Nc1nc(C(=CCC(=O)O)C(=O)NC2C(=O)N3C(C(=O)O)=CCSC23)cs1,-6.0604806368453445
3764,Cc1nnc(-c2ccc(F)c3c(C(=O)C(=O)N4CCN(C(=O)c5ccccc5)CC4)c[nH]c23)[nH]1,-5.050609993355088
3765,CCc1c2nc(-c3cc(S(=O)(=O)N4CCN(CC)CC4)cnc3OCC(C)C)[nH]c(=O)c2nn1CCOC,-4.3979400086720375
3766,CCCC(=O)c1cc(C#N)c(N2CCC(C(=O)NS(=O)(=O)Cc3ccccc3)CC2)nc1SC,-6.522878745210253
3767,O=C(CO)N1CCN(c2ccc(N3CC(CNC(=S)C4CC4)OC3=O)cc2F)CC1,-4.431123893983252
3768,O=C(Cc1nc(N2CCOCC2)cc(=O)[nH]1)N1CCc2ccccc21,-5.229147988357856
3769,N#Cc1cccc(-c2ccc(N3CCOc4ncnc(N)c4C3=O)cc2)c1Cl,-4.261219441515631
3770,O=C(Cc1nc(O)cc(N2CCOCC2)n1)N1CCc2c(-c3ccccn3)cccc21,-5.376750709801049
3771,Cc1ccnc2nc(Cc3nc4cc(C(=N)N)ccc4[nH]3)[nH]c12,-7.0500002
3772,NCCC(O)(P(=O)(O)O)P(=O)(O)O,-7.301029995663981
3773,O=C(O)CC(c1cccnc1)n1ccc2c(CCc3ccc4c(n3)NCCC4)cccc21,-5.657577319133345
3774,CC(=O)N1CCN(c2nc(NCc3ccc(OC(F)(F)F)cc3)c3c(n2)C(=O)N(C(C)C)C3)CC1,-5.537602002075783
3775,CC(C)CCn1c(=O)c(C2=Nc3ccc(NS(C)(=O)=O)cc3S(=O)(=O)N2)c(O)c2cccn21,-6.698970004336019
3776,CC(C)CN(CC(O)C(Cc1ccccc1)NC(=O)OCc1cncs1)C(=O)c1ccc2ncsc2c1,-4.982966660775914
3777,OCC1OC(Oc2ccc(-c3cc(F)c(O)c(F)c3)cc2)C(O)C(O)C1O,-6.168621084247616
3778,C=CC1CC1(NC(=O)C1CC(Oc2cc(OCC)nc3c(Cl)cccc23)CN1C(=O)C(CC(=O)NC(C)(C)C)C(C)(C)C)C(=O)NS(=O)(=O)C1CC1,-5.522878745280337
3779,CC(c1cc(C(=O)N(C)C)cc2c(=O)cc(N3CCOCC3)oc12)N(C)c1cc(F)cc(F)c1,-4.376750709602099
3780,CCNC(=O)C=C(c1ccc2nc(N)n(S(=O)(=O)C(C)C)c2c1)c1cccc(F)c1F,-4.0700002
3781,O=c1n(Cc2nc3ccccc3n2CCCCF)c2cnccc2n1C1CC1,-4.607303046740334
3782,COC(=O)NC(C(=O)NN(CCCC(O)(Cc1ccccc1)C(=O)NC1c2ccccc2CC1O)Cc1ccc(-c2ccncc2)cc1)C(C)(C)C,-5.522878745210253
3783,CCN1CCN(CC(=O)NC2(c3ccc(Cl)c(Cl)c3)C(=O)Nc3cc(Cl)cc(Cl)c32)CC1,-6.41510365586255
3784,COc1ccc(-n2nc(S(C)(=O)=O)c3c2C(=O)N(c2ccc(C4(CN5CCCC5=O)CC4)cc2)CC3)cc1,-5.698970004252014
3785,CC(C)OC(=O)C(Cc1ccc(OC(=O)N(C)C)cc1)NC(=O)C1N(S(=O)(=O)c2cnn(C)c2)CSC1(C)C,-5.168894899079617
3786,NC(=O)C(Cc1ccccc1)NC(=O)C1NCCC1c1ccccc1,-6.193396323983219
3787,O=C(c1ccc(F)cc1OCC(O)CN1CCC2(CC1)Cc1ccccc1O2)N1CCC(O)C1,-5.522878745280337
3788,CCOC(=O)COc1ccc(C(=O)CN2CCN(C3CCN(C(=O)OC(C)OC(=O)C(C)(C)C)CC3)CC2=O)cc1,-4.1399999
3789,O=C(CN1CC(O)C(NC(=O)c2ccc(Cl)s2)C1)Nc1ccc(-n2ccccc2=O)cc1F,-5.823908740944319
3790,COc1ccc(C=CC(=O)NC2OC(CO)C(O)C(O)C2O)c(O)c1,-5.410050398674292
3791,N=C(N)SCc1c(F)ccc2c1oc1c(CSC(=N)N)c(F)ccc12,-5.411954370472159
3792,COc1ccc(-c2nc(=O)n(CCC3CCCO3)c3c2oc2ncc(-c4cnn(C)c4)cc23)cn1,-5.6020599913279625
3793,Cc1ncnc(C)c1C(=O)N1CCC(C)(N2CCC(N3C(=O)N(CC4CCC(O)CC4)CC3c3ccccc3)CC2)CC1,-6.698970004336019
3794,CCCC(=O)c1cc(C#N)c(N2CCC(C(=O)NS(=O)(=O)C3(c4ccccc4)CC3)CC2)nc1C,-5.2839966562739
3795,Cc1cc(N2CCOCC2)cc2[nH]c(-c3c(NCC(O)c4cccc(Cl)c4)ccnc3O)nc12,-5.744727494948346
3796,C=CC1CC1(NC(=O)C1CC(c2nc(-c3ccccc3)cs2)CN1C(=O)C(NC(=O)OC1CCCC1)C(C)(C)C)C(=O)NS(=O)(=O)C1CC1,-5.356547323513812
3797,Cc1c(Cl)cccc1Nc1ccccc1C(=O)O,-4.823908740944319
3798,NC(=O)c1ccc(-c2ccc(OC3OC(CO)C(O)C(O)C3O)cc2)cc1,-6.800040849350163
3799,Cc1ccc(Nc2c(-c3ccc(F)cc3)nc3n2CCN(C(=O)C(C)(C)N)C3(C)C)cc1,-5.494161924928954
3800,c1coc(-c2nc3[nH]cnc3cc2-c2ccncn2)c1,-4.638272163982407
3801,Cc1nn(-c2ccc3onc(N)c3c2)c2c(=O)n(-c3ccc(-c4ccccc4CN(C)C)cc3)c(C)nc12,-5.214670164991925
3802,CNC(=O)c1cc(Oc2ccc3oc(Nc4ccc(N(C)C)cc4)nc3c2)ccn1,-5.0
3803,CC1(C)CC(COc2ccc(Oc3cccc(-c4ccncn4)c3C#N)c(Cl)c2)CC(C)(C)N1,-6.301029995663981
3804,CC1Cc2c(Br)cccc2N1C(=O)Cc1nc(N2CCOCC2)sc1C(=O)O,-6.346787486224656
3805,O=C(NCc1cc(Cl)ccc1-n1cnnn1)C1CC2CC2N1C(=O)C(O)Cc1ccccn1,-5.920818753964281
3806,Cc1cc(O)cc(C)c1CC(N)C(=O)NCCCCc1nc(O)c(CCCCNC(=O)C(N)Cc2c(C)cc(O)cc2C)nc1C,-6.073143291037731
3807,COc1ccc(C=CC(=O)O)cc1OC,-4.701146923795147
3808,Cc1c(CC(=O)O)c2cccnc2n1S(=O)(=O)c1ccc(Cl)cc1,-5.050609993355088
3809,CNC(=O)c1ccc2[nH]nc(Cc3ccc4c(cnn4C)c3)c2c1,-4.480172006224281
3810,CCCc1cn(CC(=O)N(CCN(CC)CC)Cc2ccc(-c3ccc(C(F)(F)F)cc3)cc2)c(SCc2ccc(F)cc2)nc1=O,-4.442365830023493
3811,Cc1c(CN(CCc2ccc(Cl)cc2)C2CCN(C(=O)c3c(F)cccc3F)CC2)c(=O)n(-c2ccc(F)cc2)n1C,-5.091514981121351
3812,Cc1cc(C(C)Nc2ccccc2C(=O)O)c2nc(N3CCOCC3)cc(=O)n2c1,-4.7447274948966935
3813,Nc1cccc(-c2c(O)ccc3cc(-c4cccc(O)c4)ccc23)c1,-4.795880017344075
3814,CC(C)S(=O)(=O)n1c(N)nc2ccc(C(=CC(N)=O)c3cc(F)c(F)c(F)c3)cc21,-4.329999900000001
3815,NNC(=O)NNN1C(=O)c2cc(S(=O)(=O)O)cc3c(N)c(S(=O)(=O)O)cc(c23)C1=O,-6.5086384
3816,CC1(c2cc(O)no2)CCNCC1,-6.3979400086720375
3817,Cc1noc(C)c1-c1ccc(-c2nc(C)c(C(OC(C)(C)C)C(=O)O)c(-c3ccc(Cl)cc3)c2C)cc1,-4.769551078716296
3818,Cc1cc(COc2ccc(C(=O)NC3(CC(=O)NO)CCN(CCF)CC3)cc2)c2ccccc2n1,-6.259637310629317
3819,Cc1cc(COc2ccc(NC(=O)C3CCN(C(=O)OCc4nccs4)CC3C(=O)NO)cc2)c2ccccc2n1,-7.0
3820,Nc1nc(O)c(Cl)c(-c2ccc(OCC3CCOC3)c(C(F)(F)F)c2)n1,-5.0757207139690586
3821,O=[N+]([O-])c1ccc(C2=NOC(c3ccc(N4CCOCC4)c(F)c3)C2)o1,-4.710696569015744
3822,CCCS(=O)(=O)Nc1ccc(F)c(C(=O)Nc2cnc3[nH]c(-c4ccc(C(F)(F)F)cc4)nc3c2)c1F,-6.0
3823,CC#CCn1c(N2CCCC(N)C2)c(C#N)c2ncn(CC(=O)c3cccc(OC)c3)c(=O)c21,-6.3979400086720375
3824,Cn1cc(-c2cnc3nnn(Cc4ccc5ncccc5c4)c3n2)cn1,-4.928117992770407
3825,N#Cc1ccc(-c2ccc(NC(=O)Cn3cnc([N+](=O)[O-])n3)cc2)cc1,-4.728158393463501
3826,O=[N+]([O-])c1ccc(C2=NOC(c3ccc(N4CC[S+]([O-])CC4)cc3)C2)o1,-4.617082864912469
3827,COc1ccc(Cc2nccc3cc(OC)c(OC)cc23)cc1OC,-4.4527171917533295
3828,Cc1[nH]c2cc(C3CCCCN3C(=O)c3ccccc3NS(=O)(=O)C3CC3)nn2c(=O)c1C,-6.568636235841013
3829,CCCCC1(c2ccc3[nH]ccc3c2)CCNC1,-5.026872146400302
3830,CS(=O)(=O)Nc1cccc(-n2c3nc(=O)[nH]c(=O)c-3cc3cc(Cl)ccc32)c1,-6.6020599913279625
3831,CC(C)(C)c1cccc(NC(=O)c2nscc2NCc2ccncc2)c1,-5.25225257707309
3832,COc1cccc(-n2c(=O)n(Cc3c(F)cccc3Br)c(=O)n(CC(N)c3ccccc3)c2=O)c1F,-4.856985137404714
3833,Fc1ccc(Oc2nccc3[nH]ccc23)cc1,-4.920818753952375
3834,CN(C)C(=O)c1cc(CN(C)c2cc(F)cc(F)c2)c2oc(N3CCOCC3)cc(=O)c2c1,-4.443697499174534
3835,Cc1cc(C#N)nc(C)c1C(=O)N1CC2CN(CCC3(c4ccccc4)CN(C(=O)C4CCC(F)(F)CC4)C3)CC2C1,-6.275724130399211
3836,CN1CCN(c2nc(C3=C(c4c[nH]c5ccccc45)C(=O)NC3=O)c3ccccc3n2)CC1,-5.346787486168492
3837,CC1(c2cccc(-c3cncnc3)c2)N=C(N)c2c(F)cccc2O1,-4.408935392980125
3838,CCOC(=O)c1ccc2c(c1)C(=O)c1nc3ccccc3c(=O)n1-2,-4.376750709602099
3839,CC1Cn2c(nnc2C(C)(C)F)CN1C(=O)c1cccc(C(F)(F)c2nnc(O)c3ccccc23)c1,-5.0757207139690586
3840,COC1CCC(CN2CC(c3ccccc3)N(C3CCN(C4(C)CCN(C(=O)c5c(C)ncnc5C)CC4)CC3)C2=O)CC1,-5.853871964321762
3841,O=C(Nc1ccc(O)cc1OCC(O)CN1CCC2(CC1)Cc1cc(Cl)ccc1O2)NC1CC1,-5.573488738635425
3842,CC1Cc2ccccc2N1C(=O)Cc1nc(O)cc(N2CCOCC2)n1,-5.305594293381619
3843,CC(C)NCC(O)c1ccc(NS(C)(=O)=O)cc1,-5.613837416322909
3844,O=C(Cc1nc(N2CCOCC2)cc(=O)[nH]1)N1CCc2c(-c3cccnc3)cccc21,-6.096910013008056
3845,N=C(N)SCc1c(Br)ccc2c1sc1c(CSC(=N)N)c(Br)ccc12,-5.4604093769761874
3846,NC(=O)CN1C(=O)C(NC(=O)c2cc3cc(Cl)sc3[nH]2)Cc2ccccc21,-4.920818753964281
3847,CC(C)c1nnc2n1CC(C)N(C(=O)c1cccc(C(F)(F)c3n[nH]c(=O)c4ccccc34)c1)C2,-5.3979400086720375
3848,CC1CN(C(=O)c2ccccc2)CCN1C(=O)C(=O)c1c[nH]c2cccnc12,-5.119186407719209
3849,N=C(N)c1ccc(OCCCCCOc2ccc(C(=N)N)cc2)cc1,-6.031517025723033
3850,COc1cc(OC)c(C=CS(=O)(=O)Cc2cnc(OC)c(NS(C)(=O)=O)c2)c(OC)c1,-5.050609993355088
3851,O=c1cc(-c2ccc(O)c(O)c2)oc2cc(O)cc(O)c12,-5.132921002860917
3852,COc1cc(Nc2cc(-c3cccc(CC#N)c3)ccn2)ccc1N1CCN(C)CC1,-4.692018306642802
3853,CN(C)c1cnc(-c2nc(=O)n(CCC3CCCO3)c3c2oc2ncc(-c4cnn(C)c4)cc23)cn1,-5.7447274948966935
3854,Cc1c2oc3c(C)ccc(C(=O)NC4C(=O)NC(C(C)C)C(=O)N5CCCC5C(=O)N(C)CC(=O)N(C)C(C(C)C)C(=O)OC4C)c3nc-2c(C(=O)NC2C(=O)NC(C(C)C)C(=O)N3CCCC3C(=O)N(C)CC(=O)N(C)C(C(C)C)C(=O)OC2C)c(N)c1=O,-6.067692409859886
3855,CCCC1(C(=O)c2ccc3[nH]ccc3c2)CCCN1,-4.3872161432802645
3856,O=C(O)COc1ccc(Cl)cc1CN1CCN(S(=O)(=O)c2ccccc2)CC1,-5.769551078621726
3857,Cc1oc(-c2ccccc2)nc1COc1ccc(CCC(=O)O)cc1,-4.818156412041421
3858,CCCCCCCCCC(=O)OC,-3.51
3859,CS(=O)(=O)C1CCN(c2cccc3c2ccn3-c2ccnc(NC3CCC(C(=O)N4CCn5cnnc5C4)CC3)n2)CC1,-8.778107781848375
