,SMILES,True
0,Cc1c(Cl)cccc1Nc1ccccc1C(=O)O,0.0053333333333333
1,O=C(c1nc2c(C(F)(F)F)cc(C3CC3)cn2c1Cl)N1CCN(C2CCC(O)CC2)C(=O)C1,0.2
2,CC(C)c1ccc2c(c1)CCC1C(C)(CNS(=O)(=O)c3c(F)c(F)c(F)c(F)c3F)CCCC21C,0.052
3,COc1ccc(-c2cc(CCC(C)(C(O)=NO)S(C)(=O)=O)on2)c(F)c1,0.072
4,CCn1cc(C2(c3nn(C)c(=O)o3)NC(c3nc(-c4ccc(F)cn4)c[nH]3)Cc3c2[nH]c2ccccc32)cn1,0.0979999999999999
5,CC1COCCN1c1nc(-c2ccc(Nc3cccc(=O)[nH]3)cc2)nc2c1COC2(C)C,0.02
6,O=C(C1CC12CCN(C1CCCCC1)CC2)N1CCN(C2CCCCC2)CC1,0.81
7,COC1CN(c2nc(-c3nc(C)no3)c(C(=O)O)s2)CCC1N=C(O)c1[nH]c(C)c(Cl)c1Cl,0.015
8,O=C(O)C(F)(F)C(F)(F)OC(F)(F)F,0.0764
9,Cc1ccc(F)c(N=C(O)Nc2ccc(-c3cccc4[nH]nc(N)c34)cc2)c1,0.01
10,CCCCCC(O)CC(=O)CCc1ccc(O)c(OC)c1,0.141
11,Cc1ccc(C(=O)NC2CC2)cc1-c1ccn2c(C(C)(C)C)nnc2c1,0.42
12,Cc1cnc(C(=O)NC2CCCCCC=CC3CC3(C(=O)NS(=O)(=O)C3CC3)NC(=O)C3CC(Oc4nc5ccccc5c5ccccc45)CN3C2=O)cn1,0.02275
13,NC(=O)c1cc(Oc2ccc(NC(=O)Nc3ccc(Cl)c(C(F)(F)F)c3)c(F)c2)cc[n+]1[O-],0.0004999999999999
14,Cn1nc(-c2ccncc2)cc1NC(=O)C(Cc1ccccc1)NCC(=O)O,0.16
15,OC1=NC(=Nc2cccc(C(F)(F)F)c2)SC1=Cc1cccnc1,0.0579999999999999
16,CNC(=O)N1CCN(Cc2ccnc(Nc3ncc(C#N)s3)c2C)CC1,0.087
17,CC(C)Oc1ccc(-c2nc(-c3cccc4c3CCC4NCCO)no2)cc1C#N,0.019
18,CC1OC(Oc2c(-c3ccc(O)c(O)c3)oc3cc(O)cc(O)c3c2=O)C(O)C(O)C1O,0.14
19,COc1cc2nnc(C(=N)O)c(Nc3ccc(C)cc3F)c2cc1OC,0.0329999999999999
20,Cn1cnc(S(=O)(=O)N2CC3C(C2)C3(CNC(=O)c2ccc(Cl)cc2)CC2CC2)c1,0.03
21,COc1cccc(C(=O)NN(C(=O)c2cc(C)cc(C)c2)C(C)(C)C)c1C,0.0610499999999999
22,CC1(C)SC2C(NC(=O)C(Oc3ccccc3)c3ccccc3)C(=O)N2C1C(=O)O,0.0296666663333333
23,O=C(O)c1csc(-n2nc3c(c2-c2ccccc2)CCc2ccccc2-3)n1,0.0012
24,O=c1[nH]c(=O)n(C2CC(O)C(CO)O2)cc1C(F)(F)F,0.04
25,CC(NC(=O)c1c[nH]c2ncc(C3CC3)nc12)C(C)(C)O,0.1159999999999999
26,CN(C)Cc1cccc(-c2ccc(Cn3cc(C(=O)O)c(=O)c4cccc(F)c43)cc2)c1,0.0479999999999999
27,CN(C(=O)c1ccccc1Br)c1cccc(N=C(O)C2CCCC2)c1,0.05
28,NC(=O)COc1ccc2c(c1)S(=O)(=O)N=C(c1c(O)c3cc(F)ccc3n(CCC3CC3)c1=O)N2,0.0009999999999998
29,CN1CCC2(CC1)CNC(=O)c1cc(-c3ccnc(NC(=O)c4cccc(OC(F)(F)F)c4)c3)[nH]c12,0.027
30,COc1ccc(-c2cc(-c3ccc(S(C)(=O)=O)cc3)cnc2N)cn1,0.0999999999999999
31,CCOc1nc2cccc(C(=O)OCc3oc(=O)oc3C)c2n1Cc1ccc(-c2ccccc2-c2noc(O)n2)cc1,0.01
32,OC(=Nc1cc(C(F)(F)F)ccc1-n1cncn1)C1(c2ccccc2)CC1,0.01
33,COC1C(=O)NC(C(C)C)C(=O)NC(C)C(=O)N2CCCC(N2)C(=O)OC(C)c2cccc(c2)C=CCCC1C,0.12
34,O=c1cc(N2CCOCC2)oc2c(-c3cccc4c3sc3ccccc34)cccc12,0.0004
35,CN(C)CC=C(c1ccc(Br)cc1)c1cccnc1,0.0968888888888888
36,CC(C)C(=O)N1CCC(N=C(O)Nc2ccc(C(F)(F)F)cc2)CC1,0.15
37,O=c1cc(-c2ccc(O)cc2)oc2c(C3OC(CO)C(O)C(O)C3O)c(O)cc(O)c12,0.15
38,Cc1ccc2c(-c3cnc4[nH]cc(C(=O)NC5(C)CCNC5)c4n3)nn(C)c2c1,0.04
39,CC(O)=NCc1ccc(-c2ccc(N3CCOc4ncnc(N)c4C3=O)cc2)c(Cl)c1,0.133
40,N#CC1(c2ccccn2)CCN(Cc2cc(C(=O)NC3CCCCC3)c(=O)n3ccccc23)CC1,0.0659999999999999
41,CN1Cc2cccc(Oc3ncccc3NC(=O)Nc3ccc(OC(F)(F)F)cc3)c2C1C(C)(C)C,0.003
42,O=S(=O)(c1cccc2ccccc12)N1CCC(CCCC(O)=NO)CC1,0.03
43,Cc1noc(C)c1CCC1CCN(S(=O)(=O)CC2(N(O)C=O)CCOCC2)CC1,0.5
44,Cc1ccc(CCC[N+]23CCC(CC2)C(OC(=O)C(C)(c2ccccc2)N2CCCCC2)C3)cn1,0.139
45,CCN=C(O)Nc1nc2cc(-c3cncc(C#N)c3)c(=O)n(C(C)C)c2s1,0.0999999999999999
46,CCOP(=S)(OCC)Oc1nc(Cl)c(Cl)cc1Cl,0.007916
47,Cn1c(NCCc2ccc(-c3ccc(F)cc3)cc2)nc2cc(N)ccc2c1=O,0.002
48,COc1cc2nc(C3CC3)nc(N3CCN(c4ccccc4OC)CC3)c2cc1OC,0.25475
49,CC(C)(ON=C(C(O)=NC1C(=O)N(S(=O)(=O)O)C1Cn1cc(COCc2cc(=O)c(O)cn2O)nn1)c1csc(=N)[nH]1)C(=O)O,0.5
50,O=C(Nc1ccc(S(=O)(=O)Nc2ccccc2Cl)cc1)c1ccccn1,0.0009999999999999
51,CS(=O)(=O)CCCOc1cccc2c1ccn2-c1ccnc(NC2CCC(C(=O)N3CCC(O)CC3)CC2)n1,0.05
52,CNc1nc(Nc2cn(C(C)(C)C#N)nc2C)ncc1C(F)(F)F,0.197
53,COc1cc2c(N3CCN(C(=O)Nc4ccc(OC(C)C)cc4)CC3)ncnc2cc1OCCCN1CCCCC1,0.37
54,Cc1ccc(CC[N+]23CCC(CC2)C(OC(=O)C2(C4=CC=CC4)CCCCCC2)C3)s1,0.01
55,CC(c1cc(C(=O)N2CCC(O)CC2)cc2c(=O)cc(N3CCOCC3)oc12)N(C)c1cc(F)cc(F)c1,0.17
56,Cc1cc(Nc2ncnc3ccc(NC4=NC(C)(C)CO4)cc23)ccc1Oc1ccn2ncnc2c1,0.0295
57,NC(C(=O)N1CCCC1C(=O)NCc1cc(Cl)ccc1OCC(=O)NC1CC1)C1CCCCC1,0.12
58,Cc1nc(-c2cccc3ccccc23)sc1C(=O)N1CCC(CO)CC1,0.005
59,CCOc1cc(C(c2cc3cc(C#N)ccc3cc2OC)C(O)(CCN(C)C)c2cccc3ccoc23)cc(OCC)n1,0.0
60,Cc1cc(C2CCN(C(=O)C3CN(C(C)(C)C)CC3c3ccc(F)cc3F)CC2)n(-c2cc(Cl)ccc2F)n1,0.14
61,CC1NC(=O)C(C(C)C)OC(=O)C2(C=Cc3ccc4ccc(nc4c3)C(C)NC(=O)C3CCCN(N3)C1=O)CCOCC2,0.28
62,COc1ccc(N=C(O)c2ccc(C(=N)N(C)C)cc2F)c(C(O)=Nc2ccc(Cl)cn2)c1,0.5
63,O=c1[nH]c(=O)n(C2CCCO2)cc1F,0.6285000000000001
64,Cc1ccccc1C(=O)Nc1ccc(C(=O)N2CCCC(O)c3cc(Cl)ccc32)c(C)c1,0.01
65,Cc1ccccc1C1CC(N2CCOCC2)CCC1C(=O)N1CC(c2ccccc2)(c2ccccc2)C1,0.02
66,CC(C)CC(=O)Nc1cccc(NC(=O)c2ccccc2Br)c1,0.0699999999999999
67,Cc1c(NC(=O)c2cc3c(s2)CCCC3)cccc1-c1cc(Nc2ccncn2)c(=O)n(C)c1,0.01
68,CC(Nc1ncnc(N)c1C#N)c1nn2ccc(C#N)c2c(=O)n1-c1ccccc1,0.05
69,CC(NS1(=O)=NC(=O)c2ccccc21)c1ccccc1,0.014
70,CC1(C(=O)O)CCC2(C)CCC3(C)C(=CC(=O)C4C5(C)CCC(O)C(C)(C)C5CCC43C)C2C1,0.05
71,CC(c1nc2c(cnn2C2CCOCC2)c(=O)[nH]1)N1CC(Oc2ccccc2)C1,0.2299999999999999
72,COc1cc(Cc2c[nH]c(=N)[nH]c2=N)c2c(c1OC)OC(C1CC1)C=C2,0.0699999999999999
73,CC(C)(C)C(O)C(=Cc1ccc(Cl)cc1Cl)n1cncn1,0.019125
74,CC(=O)NC(Cc1ccc2ccccc2c1)C(=O)NC(Cc1ccc(Cl)cc1)C(=O)NC(Cc1cccnc1)C(=O)NC(CO)C(=O)NC(Cc1ccc(O)cc1)C(=O)NC(CCCNC(N)=O)C(=O)NC(CC(C)C)C(=O)NC(CCCNC(=N)N)C(=O)N1CCCC1C(=O)NC(C)C(N)=O,0.14
75,Nc1nc(N)c2nc(CNc3ccc(C(=O)NC(CCC(=O)O)C(=O)O)cc3)cnc2n1,0.75
76,Cc1ccc(-n2nccn2)c(C(=O)N2CCN(c3nc4cc(Cl)ccc4o3)CCC2C)c1,0.023125
77,c1cc(Nc2ncnc3ccc(-c4nccc(N5CCOCC5)n4)cc23)ccn1,0.03
78,CCNC(=O)Nc1cc(-c2nc(C3CC3)cs2)c(-c2cc(-c3n[nH]c(=O)o3)cnc2N2C3CCC2CN(C)C3)cn1,0.149
79,CC1(C)C(=O)N(c2ccc(C#N)c(C(F)(F)F)c2)C(=S)N1c1ccc(C(N)=O)c(F)c1,0.05
80,O=C(O)c1ccc(Sc2ccc(CN3CCC(N4C(=O)N(C5CCOCC5)CC4c4ccccc4)CC3)cn2)cc1,0.0859999999999999
81,CC(C)c1cc(C(=O)N2Cc3ccc(CN(C)C)cc3C2)c(O)cc1O,0.36
82,CCOc1cc2[nH]cc(C(=N)O)c(=Nc3cccc(Cl)c3Cl)c2cc1N1CCN(C(C)=O)CC1,0.0959999999999999
83,OC(=NC1CCCC(O)C1)c1noc(-c2ccc(C(F)(F)F)cc2)c1CNC1CC1,0.118
84,CC(C)N=C(O)C1CCC(n2c(NC(=O)c3ccc(F)cc3)nc3ccc(CN4CCC(C(C)(C)O)CC4)cc32)CC1,0.0529999999999999
85,COc1cc2nnc(C(=N)O)c(Nc3cccc(Cl)c3F)c2cc1OC,0.022
86,CC(F)(F)CN=C(O)N1Cc2[nH]c(=N)nc(-c3c(Cl)cc(Cl)cc3OCCn3cccn3)c2C1,0.25
87,N#Cc1c[nH]c(=Nc2cc(CN3CCN(C(=O)CO)CC3)ccn2)s1,0.262
88,Cc1ccccc1C(O)=Nc1cccc(N=C(O)CC(C)C)c1,0.04
89,NCC1(CC(=O)O)CCCCC1,0.973807671957672
90,Cc1cccc([N+](=O)[O-])c1[N+](=O)[O-],0.337
91,O=C(O)c1cc(CN2CCN(c3ccccc3)CC2)c2ccccn2c1=O,0.3775
92,CCOc1ccc2c(c1)C(C)=CC(C)(C)N2,0.0106949999999999
93,CN(C)C1C(=O)C(=C(O)NCN2CCCC2)C(=O)C2(O)C(=O)C3=C(O)c4c(O)cccc4C(C)(O)C3CC12,0.5
94,Cc1c(O)cccc1C(=O)NC(CSc1ccccc1)C(O)CN1CC2CCCCC2CC1C(=O)NC(C)(C)C,0.01
95,COc1cc(C(=O)Nc2ccc(NC(=O)c3ccccc3)cc2)cc(-c2c[nH]c(=O)[nH]c2=O)c1O,0.019
96,CCCSc1nc(NC2CC2c2ccc(F)c(F)c2)c2nnn(C3CC(O)C(O)C3O)c2n1,0.01
97,CC(=O)Nc1nc(C)c(-c2cc3c(c(S(C)(=O)=O)c2)C(=O)N(C(C)C2CC2)C3)s1,0.12
98,COc1ccc2ncc(=O)n(CCN3CCC(NCc4cc5c(cn4)OCCO5)CC3)c2n1,0.47
99,N=C1CCCN1Cc1nc(O)nc(O)c1Cl,0.92
100,O=[N+]([O-])c1ccc2c(ccn2-c2ccc(OC3OC(CO)C(O)C(O)C3O)c(Cl)c2)c1,0.01
101,Cc1ccc(C(=O)NC2CC2)cc1NC(=O)c1ccc(-c2ccc(C(=O)N3CCCCC3)cc2)s1,0.05
102,Cc1ccc(N2CCN(Cc3cc(C(=O)NC4CCCCC4O)c(=O)n4ccccc34)CC2)nc1,0.3989999999999999
103,O=S1(=O)N=C(Nc2ccccc2)c2ccccc21,0.16
104,CS(=O)(=O)NC(=O)CN1C(=O)C(NC(=O)c2cc3cc(Cl)sc3[nH]2)Cc2ccccc21,0.0037
105,Cn1nc(CO)nc1NCCCOc1cccc(CN2CCCCC2)c1,0.96
106,O=C(O)c1cn(Cc2ccc(-c3ccccc3)cc2)c2sccc2c1=O,0.007
107,O=C(NN1C(=O)C2C3C=CC(C4CC34)C2C1=O)c1ccc(C(F)(F)F)cc1,0.2049999999999999
108,O=[N+]([O-])c1ccc(O)cc1,0.1822499999999999
109,CC(C)NC(=O)Nc1ccc2c(c1)C(=O)N(C(C)CO)CC(C)C(CN(C)S(=O)(=O)c1ccc(Cl)cc1)O2,0.055
110,CCCCC(CC)COC(=O)c1ccccc1C(=O)O,0.352
111,O=NN(c1ccccc1)c1ccccc1,0.04369
112,CCN(CC)CCCC(C)Nc1c2ccc(Cl)cc2nc2ccc(OC)cc12,0.1235386904761904
113,COc1ccc(Cl)cc1C(=O)NCCc1ccc(S(=O)(=O)NC(=O)NC2CCCCC2)cc1,0.02
114,COc1nc(C)sc1C(=O)NC1C2CC3CC1CC(O)(C3)C2,0.55
115,CCc1c(CCN2CCC(C(=O)O)CC2)cccc1-c1nsc(-c2ccc(OC(C)C)c(Cl)c2)n1,0.0045
116,COc1ccc(CNC(=O)c2cc(-c3cncc(Cl)c3)cnc2-c2ccccn2)nc1OC,0.06
117,Cc1c(Cl)ccc(OC2CCN(CC(O)CN=C(O)c3cnc(O)cc3C(F)(F)F)CC2)c1Cl,0.04
118,CCN(CC(O)(CNC(=O)c1cnn(-c2ccc(F)cc2)c1N)C(F)(F)F)C(=O)c1c(Cl)cccc1Cl,0.01
119,CNC(C)C(O)=NC1CCCC2CC3CCN(C(=O)C(c4ccccc4)c4ccccc4)CC3N2C1=O,0.039
120,CC(=O)Nc1ccc2ccn(-c3cc(NCCN4CCCC4)n4ncc(C#N)c4n3)c2c1,0.0559999999999999
121,CCOC(=O)C1=C(COCCN)NC(C)=C(C(=O)OC)C1c1ccccc1Cl,0.0379999999999999
122,CC(C(=O)NCCCN1CCCC1)c1ccc(OS(=O)(=O)C(F)(F)F)cc1,0.38
123,O=C(O)c1cn(-c2ccccc2)c2cc(N3CCNCC3)c(F)cc2c1=O,0.607
124,CCOc1cc2[nH]cc(C(=N)O)c(=Nc3ccc(F)cc3F)c2cc1N1CCCN(C2CC2)CC1,0.022
125,Cc1ccc2c(N3CCN(CCc4cccc(N5CCNC5=O)c4)CC3)cccc2n1,0.0409999999999999
126,Cn1cnc(S(=O)(=O)N2CC3C(C2)C3(CNC(=O)c2cc(Cl)cc(Cl)c2)CC2CC2)c1,0.02
127,CC1OC(n2cc(F)c(O)nc2=O)C(O)C1O,0.61
128,COC1CN(c2nc(C(O)=NCC3OCCO3)c(C(=O)O)s2)CCC1N=C(O)c1[nH]c(C)c(Cl)c1Cl,0.0279999999999999
129,COc1cc(S(C)=O)ccc1-c1nc2ncccc2[nH]1,0.41
130,CN1CCc2nc(COc3ccccc3)sc2C1=O,0.1099999999999999
131,CNS(=O)(=O)C(F)(F)C(F)(F)C(F)(F)C(F)(F)C(F)(F)C(F)(F)C(F)(F)C(F)(F)F,0.0116999999999999
132,COc1cc(C=CC(=O)O)ccc1O,0.2650000033333333
133,COc1ccc(Cn2cc(C(=O)O)c(=O)c3ccccc32)cc1,0.009
134,Nc1ccc(-c2ccc(Cn3cc(C(=O)O)c(=O)c4cccc(F)c43)nc2)cn1,0.0909999999999999
135,CC(C)C(=O)OCC(C)(C)C(OC(=O)C(C)C)C(C)C,9.42e-07
136,Oc1ccc2c(c1)CCC(c1ccccc1)C2c1ccc(OCCN2CCCC2)cc1,0.01
137,Cc1ccc(C2CC(C(F)(F)F)n3ncc(C(=O)NCc4ccc(F)cn4)c3N2)cc1,0.01
138,N#Cc1ccccc1Oc1ccc(C(=O)NCc2ccncc2)cc1,0.0849999999999999
139,CC(CC1c2ccccc2CCc2ccccc21)CN(C)C,0.0500000003333333
140,NC(=O)c1cccc(-c2ccc(O)c(C(=O)O)c2)c1,0.022
141,CCOP(=S)(OCC)SCCSCC,0.002500825
142,O=C(Nc1cc(C(F)(F)F)no1)NC12CC3CC(CC(C3)C1)C2,0.004
143,N#Cc1ccc(CN2CCN(c3ccc4nnc(C(F)(F)F)n4n3)CC2)cc1,0.044
144,CCN(CC)C(=O)C1C=C2c3cccc4[nH]cc(c34)CC2N(C(O)=Nc2ccccc2)C1,0.01
145,CC1(C(=O)O)CCC2(C)CCC3(C)C(=CC(=O)C4C5(C)CCC(OC6OC(C(=O)O)C(O)C(O)C6OC6OC(C(=O)O)C(O)C(O)C6O)C(C)(C)C5CCC43C)C2C1,0.05
146,CNC(=O)c1ccc(F)c2c(C(=O)C(=O)N3CCN(C(=O)c4ccccc4)CC3)c[nH]c12,0.0109999999999998
147,Clc1ccc2c(c1)C(N1CCNCC1)=Nc1ccccc1O2,0.0999999999999999
148,Cc1cc2ccc1C(C)COC(=O)Nc1ccc(C3(C(=O)O)CCCC3)c(c1)CN(C)C(=O)C2Nc1ccc2c(N)ncc(F)c2c1,0.028
149,Cc1cnc(Nc2ccc(F)cc2Cl)nc1-c1c[nH]c(C(=O)NC(CO)c2cccc(Cl)c2)c1,0.01
150,CC(=O)Nc1c(I)c(C(=O)O)c(I)c(N(C)C(C)=O)c1I,0.9994966666666666
151,Cc1ccc(NC(=O)C2(c3ccc4c(c3)OC(F)(F)O4)CC2)nc1-c1cccc(C(=O)O)c1,0.01
152,COc1ccc(CN2CCNCC2)c(OC)c1OC,0.85
153,Cc1cccc(C)c1NC(=O)NCCCNC(C)C,0.84966667
154,Cc1nc(C2CCN(C(=O)C3CC(C)(N(C)C)CC3c3ccc(F)cc3F)CC2)n(-c2cc(Cl)ccc2Cl)n1,0.3299999999999999
155,COCC(=O)N(Cc1ccsc1)C1CCN(C(C)CCN=C(O)c2c(C)cc(Cl)nc2C)CC1,0.63
156,CCc1c(CC)c(CC)c(CC)c(CC)c1CC,0.16
157,Cc1cc(C2CCN(C(=O)C3CC(C)(N)CC3c3ccc(F)cc3F)CC2)n(-c2ccc(F)c(Cl)c2)n1,0.069
158,CN(C)CCn1cnnc1SCC1=C(C(=O)O)N2C(=O)C(NC(=O)Cc3csc(N)n3)C2SC1,0.60000001
159,O=C(O)c1ccc(-c2ccc(OC3OC(CO)C(O)C(O)C3O)cc2Cl)cc1,0.17
160,CC(C)N(CCCCOCC(N)=O)c1cnc(-c2ccccc2)c(-c2ccccc2)n1,0.01
161,C=CC1=C(C(=O)O)N2C(=O)C(NC(=O)C(=NO)c3csc(N)n3)C2SC1,0.3319999966666666
162,COC(=O)c1ccc(CNS(C)(=O)=O)cc1S(=O)(=O)NC(=O)Nc1nc(OC)cc(OC)n1,0.0025
163,O=C(Nc1nc2ccccc2s1)NC12CC3CC(CC(C3)C1)C2,0.002
164,O=C(CCn1cnc([N+](=O)[O-])n1)Nc1cccc(OCc2ccccc2)c1,0.0374999999999999
165,CCOc1ncc(C)c2c1C(c1ccc(C#N)cc1OC)C(C(N)=O)=C(C)N2,0.0799999999999999
166,O=C(O)c1cn(Cc2ccc(-c3ccccc3)cc2)c2cccc(F)c2c1=O,0.008
167,CCNC(=O)Nc1ccc(-c2nc(N3CCOCC3C)c3c(n2)C(C)(CC(C)(C)O)OC3)cc1,0.3399999999999999
168,NC(=O)C1CO1,0.98
169,Cc1nc(N2CCC(O)(C3CC3)CC2)nc2ccc(NC(=O)C=Cc3ccc(Cl)cc3)cc12,0.005
170,Nc1ccc(Cl)cc1,0.264
171,CC(=O)Nc1cc(Nc2cc(NC3COC3)n3ncc(C#N)c3n2)ccc1Cl,0.12
172,COC(=S)NCC1CN(c2ccc(N3CC[Si](C)(C)CC3)c(F)c2)C(=O)O1,0.0
173,N=c1ccn(CC(CO)OCP(=O)(O)O)c(O)n1,0.948
174,O=c1cc(O)c(Cl)c[nH]1,0.6779999999999999
175,CC(C)CC(NC(=O)OCc1ccccc1)C(=O)NC(CC1CCNC1=O)C(O)S(=O)(=O)O,0.35
176,O=C(O)c1cn(-c2ccc(C(F)(F)F)cc2C(F)(F)F)c2cc(N3CCNCC3)c(F)cc2c1=O,0.377
177,CC(C)(CO)CNCc1c(C(O)=NC2CCCC(O)C2)noc1-c1ccc(C(F)(F)F)cc1,0.361
178,CCCNC(=O)NS(=O)(=O)c1ccc(Cl)cc1,0.0513333329999999
179,CON=C(C(O)=NC1C(=O)N2C(C(=O)O)=C(CSc3nc(=O)c(=O)[nH]n3C)CSC12)c1csc(=N)[nH]1,0.05
180,CN(CCN1CCC(OC(=O)Nc2ccccc2-c2ccccc2)CC1)C(=O)c1ccc(CN2CCC(C(N)=O)CC2)cc1,0.29
181,O=C1c2ccccc2C(=O)C1C(=O)C(c1ccccc1)c1ccc(Cl)cc1,2.44e-08
182,C=CC(=O)N1CCC(Oc2cc3c(Nc4ccc(Cl)c(Cl)c4F)ncnc3cc2OC)CC1,0.011
183,O=C(OC1C[N+]2(CC(O)=Nc3ncco3)CCC1CC2)C1(C2=CC=CC2)CCCCCC1,0.15
184,COc1cccc(OC)c1-c1nc(C(O)=NC(CC(C)C)C(=O)O)cn1-c1ccnc2cc(Cl)ccc12,0.5
185,CC(C)Oc1ccccc1N1CCN(Cc2cccc(C(=O)N3CCCCC3)c2)CC1,0.011
186,CN=C(O)N1CCN(Cc2ccnc(N=c3[nH]cc(C#N)s3)c2)CC1,0.1259999999999999
187,Cc1nc(C2CCN(C(=O)C3CC(C)(N(C)C)CC3c3ccc(F)cc3F)CC2)n(-c2ccc(F)c(Cl)c2)n1,0.3199999999999999
188,CC(=O)CCC(C)=O,0.93
189,OC(=NCC1(N2CCOCC2)CCCC1)N1CCC(c2nc(-c3ccc4ccccc4n3)no2)CC1,0.967
190,Cc1n[nH]c(=O)cc1-c1ccc(OC2CCN(C3CCC3)CC2)cc1,0.42
191,COc1c(F)cccc1C1CCN(c2ccn3c(CC(F)(F)F)nnc3c2C#N)CC1,0.047
192,O=S(=O)(Nc1ccccc1Cl)c1ccc(N=C(O)c2nccs2)cc1,0.0009999999999999
193,CC1C(NC(=O)C(=NOC(C)(C)C(=O)O)c2csc(N)n2)C(=O)N1S(=O)(=O)O,0.4196190442857142
194,Cc1ccc(C(=O)N(CCCN)C(c2oc3cc(Cl)ccc3c(=O)c2Cc2ccccc2)C(C)C)cc1,0.2229999999999999
195,NC(=O)N1c2ccccc2CC(=NO)c2ccccc21,0.4856
196,OC(CNCC(O)C1CCc2cc(F)ccc2O1)C1CCc2cc(F)ccc2O1,0.02
197,CCCSc1nc(N2CCCC(CC(=O)O)C2)ccc1C(=O)NC1CCCCC1,0.008
198,CN1CCN(c2ccc(C3CC(c4ccc([N+](=O)[O-])o4)=NO3)cn2)C(=O)C1,0.511
199,CCc1ccc(Cc2ccc3c(c2)C2(OC3)OC(CO)C(O)C(O)C2O)cc1,0.46
200,Nc1cc(N2CCCCC2)nc(N)[n+]1[O-],0.9819966766666668
201,COc1ccc(OC(F)(F)F)cc1CNC1CCCNC1c1ccccc1,0.0799799999999999
202,O=S(=O)(c1ccc(CN=C(O)c2ccc3nccn3c2)cc1)c1ccc(N2CCOCC2)nc1,0.012
203,CCC(F)(F)c1nc2nc(C)cc(Nc3ccc(C(F)(F)F)cc3)n2n1,0.0679999999999999
204,O=C(O)c1cccnc1Nc1cccc(C(F)(F)F)c1,0.0999999999999999
205,O=C(Oc1ccccc1)c1ccc(O)cc1,0.045
206,CCCS(=O)(=O)Nc1ccc(F)c(C(=O)C2=CN=C3N=CC(c4ccc(Cl)cc4)=CC23)c1F,0.01
207,CC1=C(O)C(=O)C=C2C1=CC=C1C2(C)CCC2(C)C3CC(C)(C(=O)O)CCC3(C)CCC12C,0.16
208,CC(C(=O)OC1C[N+]2(CC(=O)Nc3ccon3)CCC1CC2)(c1ccccc1)N1CCCCC1,0.1929999999999999
209,CCN(CC)CCNC(=O)c1cc(Cl)c(N)cc1OC(C)C(C)=O,0.46
210,NC(Cc1c[nH]c2ccccc12)C(=O)O,0.1999999999999999
211,CC(=O)OCC1=C(C(=O)O)N2C(=O)C(NC(=O)Cc3cccs3)C2SC1,0.2676666699999999
212,OC(Cc1ncc(CC2(C(F)(F)F)CC2)[nH]1)(c1ccc(-n2cccn2)cc1)C(F)(F)F,0.01
213,CC(Oc1cc2onc(CCC(=O)O)c2cc1Cl)c1ccccn1,0.022
214,CCOc1cc(C(CS(C)(=O)=O)N2C(=O)c3cccc(CC(C)=O)c3C2=O)ccc1OC,0.32
215,CS(=O)(=O)N1CCN(Cc2cc3nc(-c4cnc(N)nc4)nc(N4CCOCC4)c3s2)CC1,0.49
216,CC(C)OC(=O)C(C)NP(=O)(OCC1OC(n2ccc(=O)[nH]c2=O)C(C)(F)C1O)Oc1ccccc1,0.15
217,NC(=O)c1cncc(-c2ccc(C3CCC(CC(=O)O)CC3)cc2)n1,0.035
218,CN1C(=O)c2c3c(c(O)c(=O)n2C12CCC1CC12CO)C(=O)N(Cc1ccc(F)c(Cl)c1)CC3,0.02
219,CC(C)(C)C(O)C(Cc1ccc(Cl)cc1)n1cncn1,0.1539499999999999
220,CCON=C(C(O)=NC1C(=O)N2C(C(=O)O)=C(Sc3nc(-c4cc[n+](C)cc4)cs3)CSC12)c1nc(=NP(=O)([O-])O)s[nH]1,0.8
221,Cc1nc(C2CCN(C(=O)C3CN(C(C)(C)C)CC3c3ccc(F)cc3F)CC2)n(-c2ccc(Cl)cc2)n1,0.25
222,Cc1cc(Oc2cncc(Cl)c2)cc(C(=O)Nc2ccc(F)cn2)n1,0.014
223,CC(C)(C)CN1CCC(c2ccccc2Oc2ncccc2N=C(O)Nc2ccc(OC(F)(F)F)cc2)CC1,0.0009999999999999
224,CNC(=O)Nc1ncc(SCCCOC)cc1Oc1cccnc1C,0.38
225,N#Cc1ccc(NCC(F)(F)c2ccccn2)c(F)c1CC(O)=NCCONC(=N)N,0.4399999999999999
226,C=CC(=O)Nc1cc(Nc2ncc(Cl)c(-c3cnn4ccccc34)n2)c(OC)cc1N1CC(N(C)C)C1,0.025
227,COC(C(=O)NC1C(=O)N2C1SC(C)(C)C2C(=O)O)c1cccc(Br)c1,0.12
228,Cc1[nH]c(C(O)=NC2CCN(c3ncc(C(=O)O)s3)CC23OCCCO3)c(Cl)c1Cl,0.03
229,Cc1ccc2c(c1)c(-c1ccnc3c(C(F)(F)F)cccc13)c(C)n2CC(=O)O,0.004
230,CC1NC(=O)C(C(C)C)OC(=O)C(C)(C)C=Cc2ccc3ccc(nc3c2)C(C)NC(=O)C2CCCN(N2)C1=O,0.0959999999999999
231,COc1cc(Cc2c[nH]c(=N)[nH]c2=N)cc(OC)c1OC,0.56
232,O=C(O)c1cn(Cc2ccc(-c3ccccc3)cc2)c2c(F)cccc2c1=O,0.0179999999999999
233,COCc1cnc(C2=NC(C)(C(C)C)C(=O)N2)c(C(=O)O)c1,0.4549999999999999
234,Cc1cc(O)ccc1Cl,0.0723
235,c1sc(NCC2CCCO2)nc1C12CC3CC(CC(C3)C1)C2,0.08
236,CCCCN=C(O)NS(=O)(=O)c1ccc(C)cc1,0.05
237,CC1=Nc2ccc(Cl)cc2S(=O)(=O)N1,0.06
238,CCN(CCCCOC(=O)c1ccc(OC)c(OC)c1)C(C)Cc1ccc(OC)cc1,0.25
239,COc1cc(F)ccc1Cn1ccc2c3c(ncc21)C(=O)N(O)CC3,0.0799999999999999
240,CC1(C)SC2C(NC(=O)C(NC(=O)NC(=N)N)c3ccccc3)C(=O)N2C1C(=O)O,0.8000000000000002
241,CCc1cc(N2CCC(NC)C2)nc(=N)[nH]1,0.26
242,COc1c(NC(=O)c2ccc(C)c(N3C=C(C(=O)NCC(C)(C)CN(C)C)NN3)c2)cc(C(C)(C)C)cc1NS(C)(=O)=O,0.3399999999999999
243,CC1CN2c3c(cc4c(C(C)(C)C)noc4c3F)CC3(C(=O)NC(=O)NC3=O)C2C(C)O1,0.042
244,N#Cc1ccc(-c2ccc(N3CCOc4ncnc(N)c4C3=O)cc2)c(Cl)c1,0.0929999999999999
245,CCOC(=O)C(c1c(O)oc2ccccc2c1=O)c1c(O)oc2ccccc2c1=O,0.0999999999999999
246,O=C(Nc1ccccc1)Nc1cnns1,0.0280999999999999
247,CC1CNC(C2CC2)C(=O)N(C)C(C)C(=O)NC(Cc2ccc(F)cc2)C(=O)NCCCc2ccccc2O1,0.01
248,CS(=O)(=O)c1ccc(Oc2cc(F)cc(C#N)c2)c2c1C(O)C(F)(F)C2,0.235
249,Cc1cccnc1CN1CCC2(CC1)C(=O)N(c1ccc(-c3ccc(C(=O)O)cc3)cc1)C(=O)N2c1ccncn1,0.0159999999999999
250,CC(=NC#N)N(C)Cc1ccc(Cl)nc1,0.57305
251,CSc1nnc(C(C)(C)C)c(=O)n1N,0.478925
252,CCOc1ccc(N2CCN(c3noc(C4(NC(C)=O)CCC4)n3)C(C)C2)c(C)c1,0.014
253,CC1(C)SC2C(NC(=O)C(F)c3cccc(N)c3)C(=O)N2C1C(=O)O,0.7400000033333333
254,CON=C(C(=O)NC1C(=O)N2C(C(=O)O)=C(CSc3nnnn3C)CSC12)c1csc(N)n1,0.5
255,Cc1nc2ccc(C(=O)N3CCC4(CC3)CC(=O)c3c(cnn3C(C)C)C4)cc2[nH]1,0.013
256,Cc1nc(C(NC(=O)c2ccc(-c3ccc(Cl)cc3)[nH]2)C2CCCCN2)sc1CO,0.1140000000000001
257,OCC1C(O)C(O)C(O)CN1CCCCCCOc1cccc(C(F)(F)F)c1,0.0699999999999999
258,Cc1cc(C)c(CNC(=O)c2c(C)n(C(C)c3ccccc3)c3ccccc23)c(=O)[nH]1,0.01
259,COc1ccc(CCN(C)CCCC(C#N)(c2cc(OC)c(OC)c(OC)c2)C(C)C)cc1OC,0.0999999999999999
260,O=C1CCc2cc(-c3cccnc3)ccc2C1,0.76
261,CS(=O)(=O)c1ccc(-c2cnc(N)c(-c3cccc(C(F)(F)F)c3)c2)cc1,0.059
262,Cc1noc(C)c1CCC1CCN(S(=O)(=O)CC(C)(CC(C)c2ncc(F)cn2)N(O)C=O)CC1,0.1099999999999999
263,CC1(C)CN=C(NN=C(C=Cc2ccc(C(F)(F)F)cc2)C=Cc2ccc(C(F)(F)F)cc2)NC1,1.37e-08
264,CC(C)Oc1cc(Nc2nc3c(cc2F)ncn3C(CO)c2ccc(F)cn2)n[nH]1,0.0579999999999999
265,CCOC(=O)C1(c2ccccc2)CCC=CC1CN(C)C,0.75
266,Cc1[nH]c(C(O)=NC2CCN(c3ncc(C(=O)O)s3)CC2Cl)c(Cl)c1Cl,0.008
267,O=C(O)c1cn(Cc2ccc3c(c2)OCCO3)c2cccc(F)c2c1=O,0.1959999999999999
268,CC(=O)N1C2C=C(CN3C4CCC3CC(N=c3ccc5c(F)cc(OC(C)C)cc5[nH]3)C4)CC1CCC2,0.018
269,O=C(C1CN(S(=O)(=O)c2cccc3cnccc23)C1)N1CC2CN(c3ccncc3)CC2C1,0.009
270,CCN=C(O)Nc1ccc(-c2nc3c(c(N4CCOCC4)n2)CCN(c2ncccn2)C3)cc1,0.02
271,NC(Cc1ccc(O)c(O)c1)C(=O)O,0.8471404761904763
272,O=C(O)c1ccc(F)cc1,0.4647
273,COc1ccc(C(CCCCCCc2ccc3c(n2)NCCC3)CC(=O)O)cn1,0.005
274,CON=C(C(O)=NC1C(=O)N2C(C(=O)O)=C(COC(C)=O)CSC12)c1csc(=N)[nH]1,0.49
275,Cc1ccc(O)c(C(=O)NC2CCC(NC(=O)c3cc(F)cnc3Oc3cccc(-c4ccc(CN5CC(C)NC(C)C5)cc4CN4CCOCC4)c3)CC2)c1,0.013
276,CCc1c2c(nc3ccc(O)cc13)-c1cc3c(c(=O)n1C2)COC(=O)C3(O)CC,0.016
277,O=C(O)CC(O)CC(O)CCn1c(-c2ccc(F)cc2)nc(C(=O)NCc2cccc(F)c2)c1C1CC1,0.29
278,CN=C(O)C12CC1C(n1cnc3c(NC)nc(C#Cc4ccc(Cl)s4)nc31)C(O)C2O,0.0266999999999999
279,Cc1ccc(C2CC(C(F)(F)F)n3ncc(C(O)=NCc4ccc(F)cc4)c3N2)o1,0.01
280,Cc1cc(-c2cccc(Cl)c2)ncc1C1CCCN1C(=O)c1nccs1,0.004
281,Cn1c(Nc2c(F)cccc2Cl)nc2cc(C(=O)Nc3cccc(C(F)(F)F)c3)c3c(c21)CC(C)(C)O3,0.0029
282,CCN=C(O)Nc1nc2cc(-c3ccn(CCOC)c(=O)c3)c(=O)n(C(C)C)c2s1,0.26
283,CCS(=O)(=O)c1ccc(CC(=O)Nc2cc(-c3cc(C#N)cnc3OC)cs2)cc1,0.0009
284,N#Cc1c[nH]c(=Nc2cc(CN3CCNCC3)ccn2)s1,0.694
285,CNc1nc(C(F)(F)c2ccccc2)nc2c1CCNCC2,0.38
286,CN1CCN(C)C(=Nc2ccc([N+](=O)[O-])cc2C(=O)Nc2ccccc2)C1,0.2299999999999999
287,OC(=Nc1cc(-c2cc3c([nH]2)C2(CCNC2)CN=C3O)ccn1)c1cccc(OC(F)(F)F)c1,0.017
288,CCOP(=O)(O)C1=CC(OC(CC)CC)C(NC(C)=O)C(NC(=N)N)C1,0.86
289,CCc1c(CCN2CCC(C(=O)O)CC2)cccc1-c1nsc(-c2ccc(OC(C)C)c(C(F)(F)F)c2)n1,0.0017
290,CC(ON=C(C(=O)NC1C(=O)N(OS(=O)(=O)O)C1(C)C)c1csc(N)n1)c1cc(=O)c(O)cn1O,0.0040999999999999
291,Cc1nn(C)c(C)c1NS(=O)(=O)c1c(Cl)cc(-c2ccnc(N3CCNCC3)c2)cc1Cl,0.18
292,COc1nc(N2CCC(C)N(C(=O)c3cc(C)ccc3-n3nccn3)CC2)ncc1C(F)(F)F,0.04
293,CC(Nc1ccc(F)c(F)c1)c1cc(C(=O)N(C)C)cc2c(=O)cc(N3CCOCC3)oc12,0.27
294,Cc1c2ccccc2c(C)c2c1ccc1ccccc12,0.0
295,CCNS(=O)(=O)C(F)(F)C(F)(F)C(F)(F)C(F)(F)C(F)(F)C(F)(F)C(F)(F)C(F)(F)F,0.0144500255499999
296,CN(C)CCCN1c2ccccc2CCc2ccc(Cl)cc21,0.0299232140357142
297,COC(=O)N1CCN(C2CCN(c3cc(C)c4[nH]c(-c5c(NCC(O)c6cccc(Cl)c6)ccnc5O)nc4c3)CC2)CC1,0.015
298,CC1(C)SC2C(NC(=O)C(NC(=O)c3ccccn3)c3ccccc3)C(=O)N2C1C(=O)O,0.3699999999999999
299,CN(C)C1C(O)=C(C(N)=O)C(=O)C2(O)C(O)=C3C(=O)c4c(O)c(NC(=O)CN5CCCC5)cc(F)c4CC3CC12,0.2099999999999999
300,COc1cc(-c2cnc3[nH]cc(-c4cnc(N)nc4)c3c2)cc(OC)c1OC,0.02
301,CC(C)(C)CC(=O)Nc1c(F)cc(C(=O)Nc2nccs2)cc1F,0.15
302,CN(CC=CCN)CC1OC(n2cnc3c(N)ncnc32)C(O)C1O,0.2709999999999999
303,CCC1(O)CC(OC2CC(N(C)C)C(OC3CC(O)C(OC4CCC(=O)C(C)O4)C(C)O3)C(C)O2)c2c(cc3c(c2O)C(=O)c2c(O)cccc2C3=O)C1C(=O)OC,0.5699999966666667
304,CC(=O)N1C2C=C(CN3CCC(N=c4ccc5cc(OC(F)(F)F)ccc5[nH]4)CC3)CC1CCC2,0.045
305,CCCCN1CC(O)C(O)C(O)C1CO,0.9913300033333332
306,C=[N+]1[N-]C(=O)C(=O)N=C1SCC1=C(C(=O)O)N2C(=O)C(NC(=O)C(=NOC)c3csc(N)n3)C2SC1,0.062
307,C=C1c2cccc(O)c2C(O)=C2C(=O)C3(O)C(O)=C(C(N)=O)C(=O)C(N(C)C)C3C(O)C12,0.16
308,Cc1nc(Sc2ccc(C(=O)O)cc2)ccc1CN1CCC(N2C(=O)N(C3CCOCC3)CC2c2ccccc2)CC1,0.057
309,Nc1ccc(-c2cccs2)cc1NC(=O)c1ccc(N2CCC3(CC2)CNC(=O)O3)nc1,0.0159999999999999
310,O=C(Nc1ccc2nc(S)sc2c1)c1ccc(OC(F)F)c(OCC2CC2)c1,0.4629
311,CC1(C)SC2C(NC(=O)C(N=[N+]=[N-])c3ccccc3)C(=O)N2C1C(=O)O,0.1999999999999999
312,Cc1c(-c2ccc(N3CCCC3CO)cc2)[nH]c2cc(F)cc(F)c2c1=O,0.045
313,O=C(NCc1ccc(F)cc1)C1C(=O)N(O)C(=O)c2ccccc21,0.0009999999999998
314,COCc1nc2nc(C)cc(Nc3ccc(S(F)(F)(F)(F)F)cc3)n2n1,0.0829999999999999
315,CC(NC1=CC(=O)CC1)c1ccc(Nc2ncc3cc(-c4ccncc4)ccc3n2)cc1,0.02
316,COC1C=COC2(C)Oc3c(C)c(O)c4c(O)c(c5c(nc6cc(C)ccn65)c4c3C2=O)NC(=O)C(C)=CC=CC(C)C(O)C(C)C(O)C(C)C(OC(C)=O)C1C,0.3249999999999999
317,CC(C)(C)N=C(O)c1c[nH]c2ncc(-c3ncn4c3CCCC4)nc12,0.04
318,Nc1nc(O)ncc1F,0.9750000066666664
319,CN(Cc1cnc2nc(N)nc(N)c2n1)c1ccc(C(=O)NC(CCC(=O)O)C(=O)O)cc1,0.4308124966666666
320,O=[N+]([O-])c1cn2c(n1)OC(COc1ccc(-c3ccc(F)cc3)nc1)CC2,0.035
321,NC1CN(c2c(F)cc3c(=O)c(C(=O)O)cn(C4CC4F)c3c2Cl)CC12CC2,0.5099999975
322,CN1CCc2nc(C(=O)NC3CC(C(=O)N(C)C)CCC3NC(=O)c3cc4cc(F)ccc4[nH]3)sc2C1,0.37
323,CC(=O)N(CCC(CCN1CCCCC1)(C(N)=O)c1ccccc1Cl)C(C)C,0.615
324,CCN1CCCC1CN=C(O)c1c(OC)ccc(Br)c1OC,0.22
325,CC(=Cc1ccccc1)C=C1SC(=S)N(CC(=O)O)C1=O,0.0998333333333332
326,COc1c(F)ccc(F)c1C1CCN(c2ccn3c(CC4CC4)nnc3c2Cl)CC1,0.01
327,Cc1cccc(C)c1NC(=O)C(C)N,0.8770000000000001
328,CC1=C(C(=O)OC(C)C)C(c2cccc([N+](=O)[O-])c2)C(C(=O)OC2CN(C(c3ccccc3)c3ccccc3)C2)=C(N)N1,0.0949999999999999
329,N#CC1(c2ccccn2)CCN(Cc2cc(C(=O)NC3CCCCC3F)c(=O)n3ccccc23)CC1,0.185
330,COc1ccsc1CNCCC1(c2ccccn2)CCOC2(CCCC2)C1,0.2299999999999999
331,CCN(CC)c1ccc(C(=O)c2ccccc2C(=O)O)c(O)c1,0.00517
332,CCOc1cc2ccccc2oc1=O,0.22
333,COCC1CC(c2ncc(-c3ccc4c(c3)COc3cc5c(ccc6nc(C7CCC(C)N7C(=O)C(NC(=O)OC)C(C)C)[nH]c65)cc3-4)[nH]2)N(C(=O)C(NC(=O)OC)c2ccccc2)C1,0.005
334,Cc1cc2cc(N=C(NC#N)NC3CCCCN(CC(=O)N4CCCC4)C3=O)ccc2o1,0.013
335,COc1ccc(CCN2C(=O)N(NS(C)(=O)=O)CC2c2ccc(OC)cc2)cc1,0.06
336,CC(=O)N1C2C=C(CN3CCC(Nc4ccc5cc(Cl)ccc5n4)CC3)CC1CCC2,0.044
337,CN(C(=O)c1ccccc1Br)c1cccc(NC(=O)C2CCCC2)c1,0.05
338,COc1ccc(Oc2cncc3sc(C(N)=O)cc23)cc1,0.064
339,CN1CCC(N=C(O)Nc2ccc(C#N)cc2)CC1c1nc2ccccc2[nH]1,0.0909999999999999
340,c1ccc2c(N=c3cc(C4CC4)[nH][nH]3)nc(=NCC3CC3)[nH]c2c1,0.01
341,OCC(O)CO,1.0
342,CC(C)Oc1cc(-n2cnc3ccc(NC(CO)c4ccc(F)cn4)nc32)n[nH]1,0.0809999999999999
343,CCSc1ccc2c(c1)N(CCCN1CCN(C)CC1)c1ccccc1S2,0.4
344,O=C(CCNC(=O)c1ccc(OC(F)(F)F)cc1)NC1CCCc2ccccc21,0.01
345,COc1cc(-n2cnc3cc(-c4ccc(Cl)cc4)sc3c2=O)ccc1OCC1(OP(=O)(O)O)CC(F)(F)C1,0.003
346,NS(=O)(=O)c1cc(C2(O)N=C(O)c3ccccc32)ccc1Cl,0.25
347,O=C(Nc1ccc(NC(=O)c2ccccn2)cc1)c1cccc(-c2c[nH]c(=O)[nH]c2=O)c1,0.019
348,c1cnc2cc3c(cc2n1)C1CNCC3C1,0.8200000000000001
349,OCCn1cc(-c2cnc3nnn(Cc4ccc5ncccc5c4)c3n2)cn1,0.16
350,O=C(NC1C2CC3CC1CC(O)(C3)C2)c1cnc(NC2CCOCC2)nc1C1CCC1,0.52
351,COc1cc2c(N=c3cc(CC(O)=Nc4cccc(F)c4F)[nH][nH]3)ncnc2cc1OCCCN1CCCC1CO,0.15
352,O=C(C[N+]12CCC(CC1)C(OC(=O)C1(C3=CC=CC3)CCCCCC1)C2)[NH+]=c1ccc(Cl)n[n-]1,0.04
353,CCc1cc(CC)n2nc(-c3ccc(OC)cc3)c(CC(=O)N(C)C(C)(C)C)c2n1,0.013
354,CN1CC(F)CC1c1nc(C(=O)NCc2ccc(F)cc2)c(O)c(=O)n1C,0.06
355,O=C(O)CCc1cc(F)c(OCc2c(-c3ccccc3)noc2C(F)(F)F)c(F)c1,0.0017
356,O=C(CCCN1CC=C(n2c(O)nc3ccccc32)CC1)c1ccc(F)cc1,0.0500000003333333
357,COc1ccc(-c2ccn(CCC(C)(C(O)=NO)S(C)(=O)=O)c(=O)c2)c(F)c1,0.31
358,Cc1cc2nnc(O)n2c2cc(-c3cn[nH]c3)ccc12,0.5
359,Cn1cc(-c2ccc(Cn3cc(C(=O)O)c(=O)c4c3CCCC4O)cc2)cn1,0.179
360,N#Cc1cnc(Nc2cc(CN3CCOCC3)ccn2)s1,0.0909999999999999
361,COC1CN(c2nc(C(=O)O)c(C)s2)CCC1N=C(O)c1[nH]c(C)c(Cl)c1Cl,0.0069999999999999
362,CC(NC(CCc1ccccc1)C(=O)O)C(=O)N1C(C(=O)O)CC2CCCC21,0.4399999999999999
363,CC(C)(C)c1cc(C(=O)Nc2nc(CN)cs2)n(Cc2ccccc2)n1,0.06
364,CC(C)CC(O)=Nc1cccc(N=C(O)c2ccccc2Br)c1,0.0699999999999999
365,CC1(C)SC2C(NC(=O)c3ccccc3)C(=O)N2C1C(=O)O,0.13
366,COc1cc(N=C(O)c2ccccn2)ccc1F,0.0509999999999999
367,COC(=O)C1=COC(OC2OC(CO)C(O)C(O)C2O)C2C(C)CC(=O)C12,0.77
368,CC(O)c1nc2cnc3[nH]ccc3c2n1C1CCC(C#N)CC1,0.4
369,COC(C(=O)NC1C(=O)N2C1SC(C)(C)C2C(=O)O)c1cccc(Cl)c1,0.17
370,COCC(O)Cn1c(=O)cnn(-c2ccc(Cl)c(C(=O)NCC3(O)CCCCC3)c2)c1=O,0.27
371,CN(C)CCc1c[nH]c2ccc(CC3COC(O)=N3)cc12,0.75
372,CCCCNC(=O)OCC(C)(CCC)COC(N)=O,0.2099999999999999
373,CC(C)Cc1ccc(C(C)C(=O)NS(C)(=O)=O)cc1,0.0009999999999998
374,Cc1ccc2nc(N3CCCc4ccc(F)cc4C3)cc(NC3(CN)COC3)c2c1,0.03
375,NS(=O)(=O)c1cc(C(=O)O)cc(N2CCCC2)c1Oc1ccccc1,0.0592952377619047
376,Cc1cc2oc(=O)cc(-c3ccccc3)c2c(C)c1-c1ccc(CN2CCOCC2)cc1,0.0139999999999999
377,N=c1[nH]cc(F)c2c1ncn2C1CCC(O)C1O,0.999
378,CC(O)C(C)n1ncn(-c2ccc(N3CCN(c4ccc(OCC5COC(Cn6cncn6)(c6ccc(Cl)cc6Cl)O5)cc4)CC3)cc2)c1=O,0.0
379,COc1cc(C(=O)Nc2ccc(NC(=O)c3ccccn3)cc2)cc(-c2nn[nH]n2)c1,0.032
380,Cc1c([N+](=O)[O-])cccc1[N+](=O)[O-],0.1309999999999999
381,OC1=NN=C(c2ccc(OC3CCN(C4CCC4)CC3)cc2)C2CC12,0.2299999999999999
382,O=[N+]([O-])c1cc(C(F)(F)F)c(Cl)c([N+](=O)[O-])c1Nc1ncc(C(F)(F)F)cc1Cl,0.0043499999999999
383,CN(C)C(=O)Cn1c(-c2ccccc2)c(C2CCCCC2)c2ccc(C(=O)NS(=O)(=O)c3ccccc3)cc21,0.003
384,O=[N+]([O-])c1ccc(C2=NOC(c3ccc(N4CCOCC4)nc3)C2)o1,0.0329999999999999
385,CC(C)(C)c1ccc(O)c(C(C)(C)C)c1,0.144
386,COCC(O)CN(C(C)=O)c1c(I)c(C(=O)NCC(O)CO)c(I)c(C(=O)NCC(O)CO)c1I,1.0
387,CCc1nc2c(C)cc(N3CCN(CC(=O)N4CC(O)C4)CC3)cn2c1N(C)c1nc(-c2ccc(F)cc2)c(C#N)s1,0.6241
388,C=CCN(C1=NCCN1)c1c(Cl)cccc1Cl,0.4
389,Cn1cnc(S(=O)(=O)N2CC3C(C2)C3(CN=C(O)c2ccc(Cl)cc2Cl)c2ccccn2)c1,0.14
390,CC(CO)Nc1cc(NS(=O)(=O)N2CCNCC2)nc(SCc2cccc(Cl)c2F)n1,0.037
391,CC(C)(C)N=C(O)c1c[nH]c2ncc(-c3nn(C4CCNCC4)c4cc(F)ccc34)nc12,0.0095
392,CC(OCC1(c2ccccc2)CCC2(CCC(=O)N2)CN1)c1cc(C(F)(F)F)cc(C(F)(F)F)c1,0.002
393,CCC(C)C(=O)N1CCC(N=C(O)Nc2ccc(OC(F)(F)F)cc2)CC1,0.0759999999999999
394,CSc1nc2cc(Cl)c(Oc3cccc(Cl)c3Cl)cc2[nH]1,0.0329999999999999
395,O=C(Nc1ccc(N2C(=O)CC(c3ccccc3)C2=O)c(Cl)c1)c1ccccn1,0.0001999999999999
396,Cc1cc(Cl)ccc1OCC(=O)O,0.0178566666666666
397,O=C(NC(CO)c1ccc(Cl)c(F)c1)N1CCc2cnc(NC3CCOCC3)nc2C1,0.1746666666666666
398,Clc1ccc(C(c2ccccc2Cl)C(Cl)Cl)cc1,0.94
399,CC1C(NC(=O)C(=NOC(C)(C)C(=O)O)c2csc(N)n2)C(=O)N1C(=O)NS(=O)(=O)n1nc(-c2cc(=O)c(O)c[nH]2)n(CCC2(S(C)(=O)=O)CC2)c1=O,0.04
400,N#Cc1cc(-c2nc(-c3ccncc3)n[nH]2)ccn1,0.025
401,C=CC[N+]1(C2CC3C4CCC5CC(O)C(N6CCCCC6)CC5(C)C4CCC3(C)C2OC(=O)CC)CCCCC1,0.31
402,O=C1CCC2(O)C3Cc4ccc(O)c5c4C2(CCN3CC2CC2)C1O5,0.7951111144444445
403,C=CC[N+]1(C2CC3C4CCC5CC(O)C(N6CCOCC6)CC5(C)C4CCC3(C)C2OC(C)=O)CCCC1,0.6212698412698413
404,S=C(NC1CCCCC1)N1CCC(c2c[nH]cn2)CC1,0.1492
405,Clc1ccc(C(c2ccc(Cl)cc2)C(Cl)(Cl)Cl)cc1,1.8e-08
406,CN(C)C(=O)Nc1cccc(C(F)(F)F)c1,0.258975
407,c1ccc(Oc2cccc(CN(CCN3CCOCC3)Cc3cccnc3)c2)cc1,0.599
408,CC(Nc1nc(C(=O)N2CCCC2)c2sccc2n1)c1cccnc1,0.15
409,O=C(O)c1cn(-c2cc(C(F)(F)F)ccc2C(F)(F)F)c2cc(N3CCNCC3)c(F)cc2c1=O,0.583
410,Cc1nc(C2(c3cnn(C)c3)NC(c3nc(-c4ccc(F)cc4)c[nH]3)Cc3c2[nH]c2ccccc32)no1,0.0069999999999999
411,CN1CCSCC1c1nc(C(O)=NCc2ccc(F)cc2)c(O)c(=O)n1C,0.17
412,CCN=C(O)Nc1nc2cc(-c3ccc(-c4nnn(C)n4)nc3)c(=O)n(C(C)C)c2s1,0.0799999999999999
413,O=C(c1ccc(NS(=O)(=O)c2cccc3cccnc23)cc1)N1CCN(CC2CC2)CC1,0.023
414,Cc1cccc(Nc2ccc(-c3ccc(N4CCNCC4)nc3)cc2)n1,0.0979999999999999
415,CN(C)S(=O)(=O)c1ccc(F)c(C#Cc2cc(Cl)ccc2OCC(=O)O)c1,0.009
416,CC1Cc2c(Cl)cc(C(=O)NC(Cc3ccccc3)C(=O)O)c(O)c2C(=O)O1,0.0002
417,COc1cc(F)cc(F)c1C1CCN(c2ccn3c(CC4CC4)nnc3c2Cl)CC1,0.01
418,Nc1cc2c3c(c1)C(c1ccccc1)=NC(NC(=O)c1cccnc1)C(=O)N3CC2,0.198
419,CCOc1cc2[nH]cc(C(=N)O)c(=Nc3cccc(Cl)c3Cl)c2cc1N1CCCN(C(C)C)CC1,0.049
420,CN(C)CC(=O)N(C)C1COc2ccccc2-c2c(C3CCCCC3)c3ccc(C(=O)O)cc3n2C1,0.005
421,Cc1ccc(Cl)c(Nc2ccccc2C(=O)O)c1Cl,0.01
422,Cc1cccc(C)c1NC(=O)CC12CCCN1CCC2,0.54
423,CC(C)c1cc(C(=O)N2CCC(NC(=O)C3CC3)C2)[nH]n1,0.56
424,CCOC1CN(c2ncc(C(=O)O)s2)CCC1N=C(O)c1[nH]c(C)c(Cl)c1Cl,0.0309999999999999
425,Cc1ccc(C)c(-n2cc(C(=O)O)c(=O)c3cc(F)c(N4CCNCC4)cc32)c1,0.577
426,CC(C)OC(=O)CCCC=CCC1C(O)CC(O)C1C=CC(O)COc1cccc(C(F)(F)F)c1,0.1999999999999999
427,CN1CCN(c2ccc(-c3ccc4c(c3)CCNC4)cc2C(F)(F)F)CC1,0.1099999999999999
428,Cc1cc(Nc2ccc(S(F)(F)(F)(F)F)cc2)n2ncnc2n1,0.0459999999999999
429,CC1(C)SC2C(N=CN3CCCCCC3)C(=O)N2C1C(=O)O,0.8688888922222223
430,CCCC(C)C1(CC)C(O)=NC(=O)N=C1O,0.4499999999999999
431,Oc1nc(O)c(Cc2cccc(C(F)(F)F)c2)c(C2CCC(c3ccccc3)CC2)n1,0.0009999999999999
432,CCOc1ccc(N2CCN(c3noc(C4(N=C(C)O)CCC4)n3)C(C)C2)c(C)c1,0.0139999999999999
433,CCOc1ccc(F)c(C(Nc2ccc3c(N)nccc3c2)C(=O)N2CCCC2c2cc(N=C(O)OC)ccc2S(=O)(=O)C(C)C)c1,0.032
434,CCC(=O)CN1C(=O)C(NC(=O)c2cc3cc(Cl)sc3[nH]2)Cc2ccccc21,0.5
435,CN1CCc2nc(C#Cc3ccccc3)sc2C1=O,0.0329999999999999
436,O=C(NC1N=C(c2ccccc2F)c2cccc3c2N(CC3)C1=O)c1cc2ccccc2[nH]1,0.005
437,CCCCOCCO,0.8331999999999999
438,O=C(O)c1c(Cl)ccc2cc(Cl)cnc12,0.0279999999999999
439,CN1C(=O)NC2C3NC(=O)c4cc(Cl)c(Br)n4C3CC21O,0.5349999999999999
440,CNCc1nccn1-c1ccc(N=C(O)c2cc(C(F)(F)F)nn2-c2ccc3o[nH]c(=N)c3c2)c(F)c1,0.144
441,CCC(=O)OC1(C(=O)CO)C(C)CC2C3CCC4=CC(=O)C=CC4(C)C3(Cl)C(O)CC21C,0.13
442,CN=C(O)c1ccc(Nc2nccc(-c3cnc(C)n3C(C)C)n2)cc1F,0.0799999999999999
443,O=c1c2ccncc2ncn1Cc1c(F)cc(-c2ccc3cnccc3c2)cc1F,0.03
444,CN(C)CCC=C1c2ccccc2C=Cc2ccccc21,0.0699999999999999
445,CCOc1cc(Cc2cnc(N)nc2N)cc(OCC)c1-n1cccc1,0.11
446,CC(C)C(=O)Oc1ccc(CO)cc1C(CCN(C(C)C)C(C)C)c1ccccc1,0.5
447,CC1(C)CN(CCC#N)C(=O)C1Oc1ccc(C#N)c(C(F)(F)F)c1,0.2259999999999999
448,CN(C)C(=O)C(=O)N(C)C1CCCn2c1nc(C(=O)NCc1ccc(F)cc1)c(O)c2=O,0.37
449,CCCN(CCC)S(=O)(=O)c1ccc(C(=O)O)cc1,0.1233124999999999
450,CN1CCN(S(C)(=O)=O)CC1c1nc(C(=O)NCc2ccc(F)cc2)c(O)c(=O)n1C,0.31
451,O=C(O)c1cn(Cc2ccc(-c3ccccc3)cc2)c2c(c1=O)C(O)CCC2,0.0559999999999999
452,CC(C)Nc1c[nH]nc1-c1nc(-c2ccc(Oc3ccc(C(F)(F)F)cc3)cc2)no1,0.084
453,CCC(CC)OC1C=C(C(=O)O)CC(NC(=N)N)C1NC(C)=O,0.914
454,CS(=O)(=O)CCN1C(=O)C(NC(=O)c2cc3cc(Cl)sc3[nH]2)Cc2ccccc21,0.5
455,Cc1cc(C2CCN(C(=O)C3CC(C)(N(C)C)CC3c3ccc(F)cc3F)CC2)n(-c2ccc(F)c(Cl)c2)n1,0.064
456,Cc1cc(NC(=O)OCC(Oc2cccc3sc(C(=N)N)cc23)c2ccccc2)n(C)n1,0.04
457,CC(C)c1cc(N2CCC(N)C2)nc(=N)[nH]1,0.81
458,CN1CCN(c2cc3c(=Nc4ccc(F)cc4F)c(C(=N)O)c[nH]c3cc2F)CC1,0.24
459,N=c1nc(N2CCNCC2)c2c([nH]1)-c1cc(F)ccc1CCC2,0.39
460,CN(C)c1ccc(C(c2ccccc2)c2ccc(N(C)C)cc2)cc1,2e-08
461,O=c1[nH]ccc2cc(OC3CCCNC3)ccc12,0.94
462,C=Cc1ccc(Nc2cc(C)nc3ncnn23)cc1,0.1559999999999999
463,CCn1cc2c(Oc3cnc(C(=O)N4CCC4)c(F)c3)cc(C(=O)Nc3cnc(C)cn3)cc2n1,0.1999999999999999
464,CSC1CN(c2ncc(C(=O)O)s2)CCC1N=C(O)c1[nH]c(C)c(Cl)c1Cl,0.015
465,CC1(C)NC(=O)N(c2ccc([N+](=O)[O-])c(C(F)(F)F)c2)C1=O,0.1734999999999999
466,O=C(NC1C2CC3CC1CC(O)(C3)C2)c1cnc(N2CCOCC2)nc1C1CC1,0.38
467,COc1ccc2ccc(=O)n(CCN3CCC(NCc4cc5c(cn4)OCCO5)CC3)c2n1,0.31
468,CN1CCN(Cc2ccc(NC(=O)CNc3ccc(-c4ccc(NC(=O)C5CC5)nc4)cc3F)cc2C(F)(F)F)CC1,0.0021999999999999
469,C=CC(=O)Nc1ccc(S(=O)(=O)N2CCN(C(=O)C34CC5CC(CC(C5)C3)C4)CC2)cc1,0.02
470,NC(=O)N1CCC(CC(=O)N2CCC(C3c4ncc(Br)cc4CCc4cc(Cl)cc(Br)c43)CC2)CC1,0.01
471,NCCCC(O)(P(=O)(O)O)P(=O)(O)O,0.2144047585714285
472,Cc1cc(Cl)nc(C)c1C(=O)NCCC(C)N1CCC(N(Cc2ccsc2)C(=O)CC#N)CC1,0.54
473,COCCOc1cc2[nH]cc(C(=N)O)c(=Nc3cccc(Cl)c3Cl)c2cc1N1CCN(C)CC1,0.0999999999999999
474,CN1CCCC(n2nc(Cc3ccc(Cl)cc3)c3ccccc3c2=O)CC1,0.1300000033333333
475,CCNC(=O)c1cc2c(Oc3ccc(Cl)cc3)cncc2s1,0.007
476,CCCCCOc1ccc(-c2ccc(-c3ccc(C(=O)NCC(=O)NC(C(=O)NC(CC(C)O)C(=O)NC(C(=O)NC(C(=O)N4CC(C)C(O)C4C(=O)NC(O)C(C)O)C(C)O)C(O)C(O)c4ccc(O)cc4)C(C)O)cc3)cc2)c[o+]1,0.16
477,CC(C)c1cc(CNC(=O)c2ccc(Cl)c(OC3CCN(C)CC3)c2)on1,0.31
478,CC(=O)N1CC(F)CC1c1nc(C(=O)NCc2ccc(C)c(Cl)c2)c(O)c(=O)n1C,0.022
479,C#Cc1ccc(Nc2cc(C)nc3ncnn23)cc1,0.182
480,O=C(Nc1cncc(Oc2cncnc2)n1)c1cc(Cl)ccn1,0.12
481,CC1CN(C2CCC(C#N)(c3ccc(F)cc3)CC2)CCC1(C(=O)O)c1ccccc1,0.4517499966666666
482,O=S(=O)(c1ccc(CN=C(O)c2ccc3nccn3c2)cc1)c1cc(F)cc(F)c1,0.06
483,CCN(Cc1c(F)cccc1Cl)c1c([N+](=O)[O-])cc(C(F)(F)F)cc1[N+](=O)[O-],0.0025
484,O=C(c1ccc(Oc2ccccc2)cc1Cl)c1c[nH]c2ncnc(NC3CCC(CO)OC3)c12,0.4235
485,CN(C)C(=O)C(=O)N(C)C1CCCn2c1nc(C(O)=NCc1ccc(F)cc1)c(O)c2=O,0.37
486,COc1cc(Nc2cnc(C#N)c(OC(C)CN(C)C)n2)ncc1-c1cnn(C)c1,0.18
487,CN1CCCC1c1nc(C(=O)NCc2ccc(F)cc2)c(O)c(=O)n1C,0.48
488,CC(NCCC(c1ccccc1)c1ccccc1)c1ccccc1,0.0500000003333333
489,N#Cc1ncc(N2C(=O)C3(CCC3)N(c3ccc(C(N)=O)c(F)c3)C2=S)cc1C(F)(F)F,0.05
490,Cc1cc(N2CCOCC2)cc2[nH]c(-c3c(NCC(O)c4cccc(Cl)c4)cc[nH]c3=O)nc12,0.059
491,Oc1ccccc1Cc1ccccc1O,0.0394
492,COc1ncc(-c2ccc3ncc(Cl)c(=O)n3c2)cc1NS(=O)(=O)c1ccc(F)cc1F,0.005
493,COc1cc2cc(c1Cl)N(C)C(=O)CC(OC(=O)C(C)N(C)C(=O)CCS)C1(C)OC1C(C)C1CC(O)(NC(=O)O1)C(OC)C=CC=C(C)C2,0.0699999999999999
494,N=c1n[n+]([O-])c2ccccc2n1O,0.81
495,Cc1[nH]c(=N)ccc1CN=C(O)Cn1c(C)cc(S(=O)(=O)NCC2CC2)c(N)c1=O,0.47
496,CCOP(=S)(OCC)Oc1nc(Cl)n(C(C)C)n1,0.0650999999999999
497,CCS(=O)(=O)c1cccnc1S(=O)(=O)NC(=O)Nc1nc(OC)cc(OC)n1,0.62795
498,COc1ccc(NC(=N)NCCCOc2ccc(F)cc2)cc1,0.2490000000000001
499,CCc1nc(Cl)c2n1CCN(C(C(O)=NC)c1ccccc1)C2CCc1ccc(C(F)(F)F)cc1,0.01
500,N#Cc1ccc(-c2cc(N3CCNCC3)nc(=N)[nH]2)cc1,0.93
501,CCOc1ccc(-c2ccc(Cn3c(CC(C)(C)C(=O)O)c(SC(C)(C)C)c4cc(OCc5ccc(C)cn5)ccc43)cc2)cn1,0.005
502,COC1CCC(n2nc(C)c(C(O)=NC(C)C(C)(C)C)c2NS(=O)(=O)c2ccc(C)cc2)CC1,0.0729999999999999
503,CN(C)C(=O)c1cccc(S(=O)(=O)N2CCSC2C(=O)OC(Cc2c(Cl)c[n+]([O-])cc2Cl)c2ccc(OC(F)F)c(OCC3CC3)c2)c1,0.0020999999999999
504,CCN=C(O)Nc1nc2cc(-c3ccc(-c4nnnn4C)nc3)c(=O)n(C(C)C)c2s1,0.0699999999999999
505,COC(=O)Nc1nc2cc(C(=O)c3ccccc3)ccc2[nH]1,0.0769999999999999
506,C1CCOC1,0.73925
507,N=C(N)c1ccc(CN=C(O)C2CCCN2C(=O)C(NCC(=O)O)C(c2ccccc2)c2ccccc2)s1,0.51368333335
508,O=C(O)c1ccc(-c2ccccc2)cc1,0.03
509,Cc1ccc(C(=O)Nc2cccc(C(F)(F)F)c2)cc1-c1ccc2nc(NCCN3CCOCC3)ncc2c1,0.05
510,CCCCNc1ccc(C(=O)OCCN(C)C)cc1,0.1500000033333333
511,O=C1OCC(Cc2cccc(O)c2)C1Cc1cccc(O)c1,0.0121
512,OC(=NCc1ccc(F)cc1)c1cnn2c1NC(c1ccc(OC3COC3)cc1)CC2C(F)(F)F,0.027
513,CCCN=C1SC(=Cc2ccc(OCC(O)CO)c(Cl)c2)C(=O)N1c1ccccc1C,0.01
514,Cc1cc(C2(c3cc(C)c(O)cc3C)OS(=O)(=O)c3ccccc32)c(C)cc1O,0.0260999999999999
515,CCN(CC=Cc1ccc(C2CCCCC2)c(Cl)c1)C1CCCCC1,0.14
516,OC1=Nc2ccc(-c3cccnc3)cc2CC1,0.39
517,CCC(CC)C(NC(C)=O)C1C(NC(=N)N)CC(C(=O)O)C1O,0.7
518,Cc1cc(C(C)Nc2ccccc2C(=O)O)c2nc(N3CCOCC3)cc(=O)n2c1,0.0799999999999999
519,CC(C)c1cccc(C(C)C)c1OCOP(=O)(O)O,0.02
520,CN(CCC1CCN(C(=O)OCc2cc(Cl)cc(Cl)c2)CC1)C(=O)c1c[nH]c(=O)o1,0.005
521,CN1CC(OCc2ccccc2)CC1c1nc(C(O)=NCc2ccc(F)cc2)c(O)c(=O)n1C,0.05
522,O=C(O)C=Cc1ccc(O)c(O)c1,0.3400000000000001
523,CCC(NC(=O)N1CCc2cnc(NC(C)CO)nc2C1)c1ccc(F)c(F)c1,0.2259999999999999
524,Nc1ccc(Nc2ccccc2)cc1,0.143375
525,CC[Si](CC)(CC)c1ccc(N2C(c3ccc(NC(=O)C4CCCN4C(=O)C(NC(=O)OC)C(C)C)cc3)CCC2c2ccc(NC(=O)C3CCCN3C(=O)C(NC(=O)OC)C(C)C)cc2)cc1,0.0001000000000001
526,CCC1(O)CC(=O)OCc2c1cc1n(c2=O)Cc2cc3cc(F)c(F)cc3nc2-1,0.1257
527,CN1COCN(Cc2cnc(Cl)s2)C1=N[N+](=O)[O-],0.8289
528,CC(C)(c1ccc(O)c(-c2ccccc2)c1)c1ccc(O)c(-c2ccccc2)c1,2.4e-08
529,O=C1CCc2cc(-c3cccnc3)ccc2N1,0.39
530,Cc1ccc(O)c(C(=O)NC2CCC(NC(=O)c3cc(F)cnc3Oc3ccc(F)c(F)c3)CC2)c1,0.0017
531,OC(=NCC(O)CN1CCC(Oc2ccc(Cl)c(Cl)c2)CC1)c1c[nH]nc1C(F)(F)F,0.02
532,COc1cc(Nc2nc3c(cc2F)ncn3C(CO)c2ccc(F)cn2)n[nH]1,0.15
533,CNc1nc2ccccc2n1-c1nc(N2CCOCC2C)cc(C2(S(C)(=O)=O)CC2)n1,0.022
534,CC(=O)c1cc(C(=O)NC(C)Cn2ccc(-c3ccc(C#N)c(Cl)c3)n2)n[nH]1,0.002
535,NC(=O)c1ccccc1O,0.4599999999999999
536,Cc1cc(Nc2ccc(Cl)cc2)n2nc(C(C)(F)F)nc2n1,0.121
537,Cc1c(NC(=O)OCC2COCCN2)cn2ncnc(Nc3ccc4c(cnn4Cc4cccc(F)c4)c3)c12,0.0309999999999999
538,O=C(C[N+]12CCC(CC1)C(OC(=O)C1(C3=CC=CC3)CCCCCC1)C2)Nc1cccc(F)c1,0.003
539,CCN(CC)C(=O)Nc1ccc(OCC(O)CNC(C)(C)C)c(C(C)=O)c1,0.75
540,CCN(CC)CCNC(=O)c1ccc(N)cc1,0.8339361036111111
541,Cn1c[nH+]c([N+](=O)[O-])c1Sc1[nH]cnc2nc[nH+]c1-2,0.7
542,O=C(O)c1cn(Cc2ccc(-c3ccccc3)cc2)c2c(c1=O)C(=O)CCC2,0.0859999999999999
543,COc1ccc(N(C(=O)Oc2c(C)cccc2C)c2ccnc(Nc3cc(OC)c(OCCCN4CCN(C)CC4)c(OC)c3)n2)c(OC)c1,0.013
544,CC(C)SCC(ON=C(C(=O)NC1C(=O)N(OS(=O)(=O)O)C1(C)C)c1csc(N)n1)c1cc(=O)c(O)cn1O,0.0020999999999999
545,O=C(O)c1ccc(Oc2ccc(CN3CCC(N4C(=O)N(C5CCOCC5)CC4c4ccccc4)CC3)cc2)cc1,0.0979999999999999
546,Cc1cc(Cl)nc(C)c1C(=O)NCCC(C)N1CCC(N(Cc2ccsc2)C(=O)Nc2cccnc2)CC1,0.4599999999999999
547,CCOC(=O)CC(SP(=O)(OC)OC)C(=O)OCC,0.5379999999999999
548,Cn1cc(N=C(O)c2cnn3ccc(=N)[nH]c23)c(-c2cc(Cl)ccc2Cl)n1,0.015
549,Cn1cc(-c2ccccc2)c(=O)c(-c2cccc(C(F)(F)F)c2)c1,0.1378
550,COc1ccc(-c2cc(=O)[nH]c(=S)n2CC(=O)NCCN)c(OC)c1,0.9
551,CN(C)C(=O)Cn1cc(-c2nc(C(C)(c3ccc(-c4cnc(N)nc4)cc3)C3CC3)no2)cn1,0.047
552,O=C(O)c1cc(N=Nc2ccc(O)c(C(=O)O)c2)ccc1O,0.0083333333333333
553,COc1ccc2ncc(=O)n(CCN3CCC(NCc4cc5c(cn4)OCCO5)CC3)c2c1,0.5700000000000001
554,CC1(c2ccc(Oc3ccccc3)cc2)OC(=O)N(Nc2ccccc2)C1=O,0.0097
555,Cc1nc2sc(C(=O)NCc3ccncc3)c(N)c2c(C)c1Cl,0.0259999999999999
556,Cc1cc(C2CCN(C(=O)C3CN(C(C)(C)C)CC3c3ccc(F)cc3F)CC2)n(-c2ccc(Cl)c(C)c2)n1,0.04
557,CC(=O)N1C2C=C(CN3C4CCC3CC(N=c3ccc5ccc(OC(C)C)cc5[nH]3)C4)CC1CCC2,0.0329999999999999
558,COc1ccc(CCN(C)CCCC(C#N)(c2ccc(OC)c(OC)c2)C(C)C)cc1OC,0.0995120192307691
559,COCCOC1CN(c2ncc(C(=O)O)s2)CCC1N=C(O)c1[nH]c(C)c(Cl)c1Cl,0.094
560,N=C(O)C(c1ccccc1)(c1ccccc1)C1CCN(CCc2ccc3c(c2)C(O)CO3)C1,0.13
561,Cc1cc(C)c2cc(C(=O)NC3CN(c4cc(Cl)ncc4Cl)C3)ccc2n1,0.002
562,CC12CCC3C(CCC4=CC(=O)CCC43C)C1CCC2=O,0.1744
563,CN1CCC(NC(=O)Nc2ccc(C#N)cc2)CC1c1nc2ccccc2[nH]1,0.0903333333333333
564,Clc1ccc2c(c1)NC(N1CCNCC1)=c1ccccc1=N2,0.0969999999999999
565,CN(C)CCCN1c2ccccc2Sc2ccc(C(F)(F)F)cc21,0.0999999999999999
566,COc1ccc(-c2cc(CN3CCOCC3)c(C)n2-c2ccc(C)cc2)cc1,0.008
567,CC1NCCOC1c1ccccc1,0.8
568,O=C(Nc1ccc([N+](=O)[O-])cc1Cl)c1cc(Cl)ccc1O,0.0025
569,COc1ccc2c(c1)c(CC(=O)O)c(C)n2-c1ccnc2cc(Cl)ccc12,0.01
570,O=P(Oc1ccccc1)(Oc1ccccc1)Oc1ccccc1,0.002876
571,NC(Cc1cc(I)c(Oc2ccc(O)c(I)c2)c(I)c1)C(=O)O,0.0076782
572,CN1CC(F)(F)CC1c1nc(C(O)=NCc2ccc(F)cc2)c(O)c(=O)n1C,0.12
573,Cc1cc(N2CCOc3ncnc(N)c3C2=O)cc(C)c1C#CC(C)(C)CC(=O)O,0.139
574,Cc1c(Cc2ccc(=O)n(Cc3ccncc3)n2)c2cc(F)ccc2n1CC(=O)O,0.02
575,CC1NC(=O)C(C(C)C)NC(=O)CC=Cc2ccc3ccc(cc3c2)C(C)OC(=O)C2CCCN(N2)C1=O,0.05
576,CC12CCC(=O)C=C1CCC1C2C(O)CC2(C)C(C(=O)CO)CCC12,0.2296999999999999
577,CC(C)N(CCCCOCC(=O)NS(C)(=O)=O)c1cnc(-c2ccccc2)c(-c2ccccc2)n1,0.01
578,CCc1ccc(-n2ccc(C(F)(F)F)c2COc2ccc(CCC(=O)O)c(F)c2F)cc1,0.0001999999999999
579,c1cc(-c2ccc3ncnc(Nc4ccnnc4)c3c2)cc(N2CCOCC2)c1,0.01
580,Cn1cnc(S(=O)(=O)N2CC3C(C2)C3(CNC(=O)c2cccc(C(F)(F)F)c2)CC2CC2)c1,0.04
581,N=C(N)N1CCCC(CNC(=O)CC(NS(=O)(=O)c2ccc3ccccc3c2)C(=O)N(CC(=O)O)C2CC2)C1,0.54
582,O=C(O)c1cn(Cc2ccc(-c3ccc(F)cc3)cn2)c2c(c1=O)C(O)CCC2,0.246
583,CC(=O)Nc1cc(Nc2cc(NC3CC3)n3ncc(C#N)c3n2)ccc1Cl,0.03
584,CNC(=O)c1cnn(-c2nc(N)c3ncn(C4OC(CO)C(O)C4O)c3n2)c1,0.7
585,COc1c(N2CCC(C3(N)CC3)C2)ccc2c(=O)c(C(=O)O)cn(C3CC3F)c12,0.35
586,O=C(O)C1C(=CCO)OC2CC(=O)N21,0.8572916679166667
587,Cc1cnc(N=C(O)C[N+]23CCC(CC2)C(OC(=O)C2(C4=CC=CC4)CCCCCC2)C3)cn1,0.04
588,CCOC(=O)C1=C(C)NC(C)=C(C(=O)OC)C1c1cccc2c1OCO2,1.0
589,O=C1C2C3C=CC(C3)C2C(=O)N1c1ccc(N=C(O)c2ccccn2)cc1Cl,0.0409999999999999
590,COC(=O)c1ccc(-c2c(Cl)cc(OC3OC(CO)C(O)C(O)C3O)cc2Cl)cc1,0.06
591,CC(C)NCC(O)COc1ccc(CC(N)=O)cc1,0.9327416633333332
592,Cc1cc(O)cc(C)c1Cl,0.148
593,COc1ccc(-c2oc3c(CC=C(C)C)c(OC4OC(CO)C(O)C(O)C4O)cc(O)c3c(=O)c2OC2OC(C)C(O)C(O)C2(C)OC2OC(C)(CO)C(O)C(O)C2O)cc1,0.4
594,CCCCCN(CCCOC)C(=O)C(CCC(=O)O)N=C(O)c1ccc(Cl)c(Cl)c1,0.024
595,O=C(NC1CN2CCC1CC2)c1ccc2c(c1)OCCO2,0.999975
596,CCCCCNC(=N)NN=Cc1c[nH]c2ccc(OC)cc12,0.02
597,CC1CCN(CCCC(=O)c2ccc(F)cc2)CC1,0.5
598,O=C(O)CC(N=C(O)CN1CCC(CCc2ccc3c(n2)NCCC3)C1=O)c1cccnc1,0.446
599,COC(=O)NC(C(=O)N1CCCC1c1nc(-c2ccc(-c3ccc(-c4c[nH]c(C5CCCN5C(=O)C(NC(=O)OC)C(C)C)n4)cc3)cc2)c[nH]1)C(C)C,0.01
600,CCNc1nc(NC(C)CC)nc(OC)n1,0.0461
601,CCC(C)n1c(=O)[nH]c(C)c(Br)c1=O,0.0850499999999999
602,O=C(Nc1nc2ccccc2s1)c1ccc(OC(F)F)c(OCC2CC2)c1,0.0
603,Cc1noc2c1-c1sc(C)c(C)c1C(c1ccccc1)=NC2CC(N)=O,0.018
604,O=C1C(NS(=O)(=O)C=Cc2ccc(Cl)s2)CCN1c1ccc(-n2ccnc2CN2CCCC2)cc1F,0.0799999999999999
605,O=[N+]([O-])c1ccc(Cl)c(Cl)c1,1.2099999999999998e-07
606,COc1ccc(-c2oc3c(CC=C(C)C)c(OC4OC(CO)C(O)C(O)C4O)cc(O)c3c(=O)c2OC2OC(C)C(O)C(O)C2O)cc1,0.3
607,Cc1ccc(C(N)C(=O)NC2C(=O)N3C2SC(C)(C)C3C(=O)O)cc1,0.4000000033333333
608,CC(C)Oc1ccc(-c2nc(-c3cccc4c3CCC4O)no2)cc1C#N,0.007
609,Cc1cc(OC(F)(F)F)ccc1-c1c(Oc2ccc(C=CC(=O)O)cc2)c2ccccc2oc1=O,0.0015999999999999
610,CN1CCN=C1c1ccc(CCNC(=O)CC2C(=O)Nc3ccc(Cl)cc3N2S(=O)(=O)c2ccc3ccccc3c2)cc1,0.0829999999999999
611,CC(C)N1CCCC1CNC(=O)c1cn(C2CCCC2)c(=O)c2c1c1ccccc1n2C,0.1459999999999999
612,CCCc1cc(C(=O)NC(Cc2ccc(-c3cccc(OC(F)(F)F)c3)nc2)C(O)=NCCN(C)C)sc1C,0.01
613,O=C(C=Cc1ccc(O)c(O)c1)OC1CC(O)(C(=O)O)CC(O)C1O,0.48
614,N#Cc1cc(F)cc(C(=O)Nc2cccc(Cl)c2)c1,0.029
615,N#Cc1ccccc1SC1=C(O)CC(c2ccccc2)CC1=O,0.0009999999999999
616,Cc1cnc(N)nc1OCC(C)(C)C,0.06
617,CNC(C)C(O)=NC1CCCC2CC3CCN(CCc4ccccc4)CC3N2C1=O,0.51
618,CCC(C)(NC(=O)c1cc(Cl)c(C)c(Cl)c1)C(=O)CCl,0.0100749999999999
619,N#CC1(c2cccc(Cl)n2)CCN(Cc2cc(C(=O)O)c(=O)n3ccccc23)CC1,0.0709999999999999
620,C=CC(N)CCC(=O)O,0.9997083333333334
621,O=C(O)c1cc(-c2ccccc2)ccc1O,0.004
622,O=C1NC(c2ccccc2)CC(O)=C1Sc1ccccc1Cl,0.003
623,Fc1ccc(Oc2nccc3[nH]ccc23)cc1,0.0899999999999999
624,NC(=O)c1c(NC(=O)Nc2ccc(Cl)cc2)sc2c1CCN(CCCNC(=O)CCc1c[nH]c3ccccc13)C2,0.0009999999999998
625,CC(O)=Nc1ccc(O)cc1,0.88
626,CNc1nc(C)nc(NC2CCCC(C(=O)NCc3ccc(C#N)cc3C(F)(F)F)C2)n1,0.128
627,OC(=Nc1ccnc(N=C(O)C2CC2F)c1)c1c(F)cccc1Cl,0.0659999999999999
628,CNC1CCN(c2cc(NCC3CC3)nc(N)n2)C1,0.84
629,CC(C)C(CO)Nc1nc(Nc2cc(N)cc(Cl)c2)c2ncn(C(C)C)c2n1,0.8314999999999999
630,CC(C)N1CCN(c2ccc(OCC3COC(Cn4cncn4)(c4ccc(Cl)cc4Cl)O3)cc2)CC1,0.0506666666666666
631,CCN=C(O)COc1ccc(Cl)cc1CN=C(O)C1CCCN1C(=O)C(N)C1CCCCC1,0.15
632,CC(O)C1C(=O)N2C(C(=O)O)=C(SCCNC=N)CC12,0.8580833333333334
633,COc1ccc(COc2cnn(CC(=O)c3ccc(CN(C)C)cc3C)c(=O)c2)nc1,0.0849999999999999
634,c1cc(C2CC(CN3CCOCC3)C2)ccc1CN1CCCC1,0.78
635,CONC(=O)N(Cc1ccsc1)C1CCN(C(C)CCNC(=O)c2c(C)cc(Cl)nc2Cl)CC1,0.53
636,Cc1ccc(C(C)Oc2cc3oc(=O)n(CCC(=O)O)c3cc2Cl)nc1,0.022
637,O=C1OC2(c3ccccc31)c1cc(Br)c(O)c(Br)c1Oc1c2cc(Br)c(O)c1Br,0.003
638,CCOC(=O)c1cccn1S(=O)(=O)c1cc(Cl)ccc1N,0.35
639,CC(C)Nc1nc2c(C(=O)N(C)C)c(Cl)c(Cl)cc2n1C1CCN(c2ccc(C(C)(C)C#N)cc2)CC1,0.044
640,CN1Oc2cc3c(c4cccc(c24)C1=O)C(CCl)CN3C(=O)c1cc2cc(NC(=O)c3cc4ccccc4[nH]3)ccc2[nH]1,0.05
641,Cn1cnc(S(=O)(=O)N2CC3C(C2)C3(CNC(=O)c2ccccc2Cl)CC2CC2)c1,0.03
642,COc1ccc(COc2ccc(Cc3c[nH]c(=N)[nH]c3=N)cc2OC)cc1,0.02
643,O=S(=O)(Nc1cc(Cl)ccc1Cn1ccnn1)c1ccc(Cl)c(Cl)c1,0.0024999999999999
644,CCc1cccc2c1N=C1C2CCOC1(CC)CC(=O)O,0.01
645,COc1cc2ccc(Br)cc2cc1C(c1ccccc1)C(O)(CCN(C)C)c1ccc2occc2c1,0.0
646,CCCC1CC(=O)N(C(CC)C(N)=O)C1,0.8125
647,COc1ccc(S(=O)(=O)Nc2nc(-c3cccc([N+](=O)[O-])c3)cs2)cc1OC,0.01
648,CC(=O)Oc1cc(C(F)(F)F)ccc1C(=O)O,0.01
649,CN1CCN(CCOc2cc(OC3CCOCC3)c3c(Nc4c(Cl)ccc5c4OCO5)ncnc3c2)CC1,0.0933333333333333
650,CNC(=O)c1ccc(N2C(=S)N(c3ccc(C#N)c(C(F)(F)F)c3)C(=O)C2(C)C)cc1F,0.0283333333333333
651,COP(=S)(OC)SCN1C(=O)c2ccccc2C1=O,0.0476999999999999
652,O=C(c1nn2c(C(F)(F)F)cc(C3CC3)cc2c1Cl)N1CCN(C2CC3CC3C2O)C(=O)C1,0.075
653,Nc1ccc(Oc2ccc(N)cc2)cc1,0.3284
654,O=C(O)c1nc(=O)[nH]c(=O)[nH]1,0.916
655,COc1ccc(C(=O)OC(Cc2c(Cl)c[n+]([O-])cc2Cl)c2ccc(OC(F)F)c(OCC3CC3)c2)cc1OC,0.0015
656,O=S1(=O)N=C(NCc2ccccc2)c2ccccc21,0.1999999999999999
657,O=C(O)c1cn(Cc2ccc(-c3ccccc3)cc2)c2ccccc2c1=O,0.005
658,O=c1nc(O)cnn1-c1ccc(Cl)c(C(O)=NCC2(O)CCCCCC2)c1,0.18
659,CN1c2c([nH]c(N)nc2=O)NCC1CNc1ccc(C(=O)NC(CCC(=O)O)C(=O)O)cc1,0.4399999999999999
660,CC(N)C(NC(=O)c1ccc(C#Cc2ccccc2)cc1)C(=O)NO,0.0809999999999999
661,CN(C)c1ccc2nc3ccc(N(C)C)cc3[s+]c2c1,0.06
662,O=C(O)CC1(CC(F)(F)F)CCc2cc(-c3cnc(NC(=O)Nc4ccc(F)c(F)c4)cn3)ccc2C1=O,0.0001999999999999
663,Cn1c(NCCc2ccc(Oc3ccc(Cl)cc3)cc2)nc2cc(Cl)ccc2c1=O,0.0009999999999998
664,CN(C)c1ccc(Cc2ccc(N(C)C)cc2)cc1,0.0011044999999999
665,CC1CCCCOC(CN(C)S(=O)(=O)c2ccc(F)cc2)C(C)CN(C(C)CN(C)C)C(=O)c2cc(NC(O)=Nc3ccccc3)ccc2O1,0.01
666,Nc1ccc([N+](=O)[O-])cc1,1.82e-06
667,CCOc1ccc2c(c1)C1(CCC(OCCN3CCOCC3)CC1)C(=O)N2S(=O)(=O)c1ccc(C(=O)NC(C)(C)C)cc1OC,0.1
668,CNC(C)C(=O)NC(C(=O)N1CSCC1C(=O)NC1c2ccccc2CC1OCC#CC#CCOC1Cc2ccccc2C1NC(=O)C1CSCN1C(=O)C(NC(=O)C(C)NC)C1CCCCC1)C1CCCCC1,0.0109999999999998
669,CC12CCC(=O)C=C1CCC1C2CCC2(C)C1CCC2(O)C(=O)CO,0.2945
670,CN=C1C[N+]([O-])=C(c2ccccc2)c2cc(Cl)ccc2N1,0.0479999999999999
671,CC(C)(c1ccccc1)c1cc(-n2nc3ccccc3n2)c(O)c(C(C)(C)c2ccccc2)c1,5.21e-06
672,CC(Oc1ccc2ccccc2c1)C(=O)NC1C(=O)N2C1SC(C)(C)C2C(=O)O,0.0505000003333333
673,CC1(c2cc(NC(=O)c3ccc(C#N)cn3)ccc2F)N=C(N)COC1C(F)(F)F,0.36
674,CCCCn1ccc(N2CCC(c3ccccc3)CC2)c(Cl)c1=O,0.005
675,O=C(CS(=O)C(c1ccccc1)c1ccccc1)NO,0.1999999999999999
676,Nc1ncnc2c1C(=O)N(c1ccc(-c3ccc(CC(=O)N4CCC(O)C4)cc3Cl)cc1)CCO2,0.241
677,CC#CC(=O)N1CCCC1c1nc(-c2ccc(C(=O)Nc3ccccn3)cc2)c2c(N)nccn12,0.025
678,Cn1nc(C2CC2)c2ccc(Nc3n[nH]c4cccnc34)cc21,0.022
679,CC(O)=C(C#N)C(=O)Nc1ccc(C(F)(F)F)cc1,0.01
680,Cc1ccc(C2CC(C(F)(F)F)n3ncc(C(O)=NCc4ccc(F)cc4)c3N2)nc1,0.039
681,CCCN(CCc1cccs1)C1CCc2c(O)cccc2C1,0.0799999999999999
682,CCN(CC(O)(CNC(=O)c1cnn(-c2ccc(F)cc2)c1N)C(F)(F)F)C(=O)c1ncccc1Cl,0.15
683,CN(C)C1C(=O)C(=C(N)O)C(=O)C2(O)C(=O)C3=C(O)c4c(O)cccc4C(C)(O)C3C(O)C12,0.69
684,CC(C)(Oc1ccc(C2CC2(Cl)Cl)cc1)C(=O)O,0.0500000003333333
685,COc1ccc(S(=O)(=O)N2CC(C(=O)N3CCCNCC3)c3ccccc32)c2ccccc12,0.0175
686,CCNC(=O)Nc1ccc(-c2nc(N3CCOCC3)c3c(n2)C(C)(CCO)OC3)cc1,0.2199999999999999
687,CN1CCc2nc(C#Cc3ccccc3)sc2C1,0.035
688,Cc1ccc(-n2nc(C)c(N=Nc3cccc(-c4cccc(C(=O)O)c4)c3O)c2O)cc1C,0.01
689,NC(N)=NCC1COC2(CCCCC2)O1,0.8
690,COc1cc(N)c(Cl)cc1C(=O)NC1CCNCC1OC,0.64
691,CC(C)CC(NC(=O)C(COC(C)(C)C)NC(=O)C(Cc1ccc(O)cc1)NC(=O)C(CO)NC(=O)C(Cc1c[nH]c2ccccc12)NC(=O)C(Cc1c[nH]cn1)NC(=O)C1CCC(=O)N1)C(=O)NC(CCCN=C(N)N)C(=O)N1CCCC1C(=O)NNC(N)=O,0.7883333366666667
692,O=C(O)c1cn(Cc2ccc(-c3cccc4[nH]ccc34)cc2)c2c(F)cccc2c1=O,0.002
693,Cc1onc(-c2ccccc2)c1C(=O)NC1C(=O)N2C1SC(C)(C)C2C(=O)O,0.0758571421904761
694,CC1=NN(c2ccc(S(=O)(=O)O)cc2)C(=O)C1N=Nc1ccc(C)c(S(=O)(=O)Nc2ccccc2)c1,0.6
695,COc1cc2ccc(Br)cc2cc1C(c1ccnc(OC)c1OC)C(O)(CCN(C)C)c1ccnc2c1OCCO2,0.0004
696,COc1ccc2c(=O)c(Cl)c(-c3ccc(N4CCCCC4)cc3)[nH]c2c1,0.012
697,O=C1CCCCN1c1ccc(COC2COc3nc([N+](=O)[O-])cn3C2)cn1,0.604
698,N#Cc1ccc(NCC(F)(F)c2ccccc2)c(F)c1CC(=O)NCCONC(=N)N,0.0629999999999999
699,Cc1ccc(S(=O)(=O)n2c(=N)[nH]c3ccccc32)cc1,0.501
700,NC1CCC(CN=C(O)C2CCCN2C(=O)C(N)C(C2CCCCC2)C2CCCCC2)CC1,0.02
701,NC(N)=O,0.91
702,COCCNC(=O)c1cnc(N)c2cc(-c3ccc(S(=O)(=O)NC(C)(C)C)cc3)sc12,0.023
703,CCCCN=C(O)N1Cc2[nH]nc(N=C(O)Cc3ccc(N4CCCC4)cc3)c2C1,0.05
704,Nc1cc(-c2ccncc2)cnc1O,0.8899999966666666
705,CC1(C)SC2C(NC(=O)C3(N)CCCCC3)C(=O)N2C1C(=O)O,0.76
706,CC(=O)N1CCC(Nc2ncc3cc(Oc4ccc(F)cc4F)c(=O)n(C)c3n2)CC1,0.0329999999999999
707,O=S1OCC2C(CO1)C1(Cl)C(Cl)=C(Cl)C2(Cl)C1(Cl)Cl,0.0025
708,Cc1cccc(C)c1O,0.2086
709,CN=C(O)C12CC1C(n1cnc3c(NC)nc(C#Cc4cnccn4)nc31)C(O)C2O,0.6120000000000001
710,OC1(Cc2ccc3c(c2)OCO3)c2ccccc2C2=NCCN21,0.0999999999999999
711,Cc1cc(Cl)ccc1OC1CCN(CC(O)CNC(=O)c2c[nH]c(=O)cc2C(F)(F)F)CC1,0.14
712,O=C1c2ccccc2S(=O)(=O)N1CCCCNCC1CCc2ccccc2O1,0.054
713,CCCC1(C(=O)c2ccc3[nH]ccc3c2)CCCN1,0.37
714,OC(c1ccc(Cl)cc1)(c1ccc(Cl)cc1)C(Cl)(Cl)Cl,0.00250000785
715,CC1COc2c(N3CCN(C)CC3)c(F)cc3c(=O)c(C(=O)O)cn1c23,0.7256535087719298
716,CCc1c(-c2nsc(-c3ccc(CC(C)C)c(C#N)c3)n2)ccnc1CCCC(=O)O,0.0019
717,NCCCCC(NC(CCc1ccccc1)C(=O)O)C(=O)N1CCCC1C(=O)O,0.976484521309524
718,N#Cc1ccc(-c2ccc(OC3OC(CO)C(O)C(O)C3O)cc2)cc1,0.01
719,CN1CC2c3ccccc3Oc3ccc(Cl)cc3C2C1,0.05
720,COc1cc(N2CC(NC(=O)c3ccc4nc(C)cc(C)c4c3)C2)c(Cl)cn1,0.002
721,OC1=Nc2ccc(Cl)cc2C(c2ccccc2Cl)=NC1O,0.15
722,Cc1cccc2nc(C(=O)NC3CCC(NC(=O)c4cc(F)cnc4Oc4cccc(-c5ccc(CN6CC(C)NC(C)C6)cc5)c4)CC3)cn12,0.012
723,Cc1cc(C(C)Nc2nccc(N3C(=O)OCC3C(C)F)n2)ncc1-c1ccnc(C(F)(F)F)c1,0.17
724,NC(=O)NN=Cc1ccc([N+](=O)[O-])o1,0.856
725,CNC1C(O)C(OC2C(NC(=O)C(O)CCN)CC(N)C(OC3OC(CNCCO)=CCC3N)C2O)OCC1(C)O,0.8200000000000001
726,CCc1cccc(C)c1N(C(=O)CCl)C(C)COC,0.1770749999999999
727,O=P(O)(O)C(NC1CCCCCC1)P(=O)(O)O,0.9
728,COc1ccc2c(OC3CC4C(=O)NC5(C(=O)NS(=O)(=O)C6CC6)CC5C=CCCCCN(C)C(=O)C4C3)cc(-c3nc(C(C)C)cs3)nc2c1C,0.0
729,CCOc1nc2nc(C)cc(Nc3ccc(C(F)(F)F)cc3)n2n1,0.0759999999999999
730,CNC(=O)c1c(I)c(NC(C)=O)c(I)c(C(=O)O)c1I,0.9811111177777776
731,N=c1c2c([nH]c3ccccc13)CCCC2,0.4499999999999999
732,Cc1c(-c2ccc(N3CCC(F)C3)cc2)[nH]c2cc(F)cc(F)c2c1=O,0.009
733,OC(=NCC(O)CN1CCC(Oc2ccc(Cl)c(Cl)c2)CC1)c1cnc(O)cc1C(F)(F)F,0.1099999999999999
734,Cc1noc(C)c1S(=O)(=O)Nc1c(N2CCC(N(C)Cc3ccc(Cl)cc3)CC2)c(=O)c1=O,0.0379999999999999
735,CC1Cn2c(nnc2-c2cnccn2)CN1C(=O)c1cccc(C(F)(F)F)c1Cl,0.302
736,CC(C)C(=O)N1CCC(N=C(O)Nc2ccc(OC(F)(F)F)cc2)CC1,0.1099999999999999
737,Cc1cc(Cl)ccc1N,8.75e-07
738,CC(=O)Nc1nc(C)c(-c2cc3c(c(NS(C)(=O)=O)c2)C(=O)N(C(C)C2CC2)C3)s1,0.01
739,Cc1nc(COc2ccc(CC(NC(=O)OC3COC4OCCC34)C(O)CN(CC(C)C)S(=O)(=O)c3ccc4c(c3)OCO4)cc2)cs1,0.02
740,COc1cc(C(=O)N2CCOCC2)c(F)cc1Nc1ncc(C(F)(F)F)c(NC2CC2)n1,0.045
741,CC1(c2cc(F)cc(F)c2)CNC2(CCCC2)C(=O)N1CC(=O)Nc1cnc2c(c1)CC1(C2)C(=O)Nc2ncccc21,0.35
742,CC(NC(=O)CNC(=O)c1cccc(Cl)c1)c1ccccc1,0.0999999999999999
743,Cc1c(CN2CC[Si](C)(C)CC2)nn(-c2ccc(Cl)cc2Cl)c1-c1ccc(Cl)cc1,0.0004999999999999
744,CCc1nn2c(C)cc(C)nc2c1Cc1ccc(-c2nnc(C3CCNCC3)o2)cc1,0.0699999999999999
745,Cc1ccc(-c2nccs2)cc1NC(=O)c1ccc(OCc2ccccn2)cc1,0.01
746,O=C(O)COc1cc(Cl)c(Cl)cc1Cl,0.0132
747,O=C(C=Cc1ccc(O)cc1)CC(=O)C=Cc1ccc(O)cc1,3.0800000000000004e-08
748,Oc1ccc(Cc2ccccc2O)cc1,0.0426
749,CC(=O)N(C)c1nc(C(=O)NCc2ccc(F)cc2)c(O)c2ncccc12,0.044
750,Oc1ccc(C(c2ccc(O)cc2)C(Cl)(Cl)Cl)cc1,0.0025
751,CCc1cc2c(c(C(F)(F)F)c1)C(=O)N1CCNCC21,0.17
752,NS(=O)(=O)Nc1ncnc(OCCOc2ncc(Br)cn2)c1-c1ccc(Br)cc1,0.01
753,Cc1cc(C(=O)NC2CCC(NC(=O)c3cc(F)cnc3Oc3cccc(-c4ccc(O)cc4CN4CCOCC4)c3)CC2)nn1C,0.0559999999999999
754,C#CCN(Cc1cc2c(=O)nc(C)[nH]c2cc1C)c1ccc(C(=O)NC(CCc2nnn[nH]2)C(=O)O)c(F)c1,0.01
755,CC(C(=O)OC1C[N+]2(CCOc3ccc(Cl)cc3)CCC1CC2)(c1ccccc1)N1CCCCC1,0.008
756,CC1CNCCCN1S(=O)(=O)c1cccc2cncc(F)c12,0.43
757,CC(C)(C)NC(CO)c1cc(Cl)c(N)c(C(F)(F)F)c1,0.7099999933333333
758,Cc1nc(Nc2ccc(C(=O)O)cc2)ncc1CN1CCC(N2C(=O)N(C3CCOCC3)CC2c2cccc(Cl)c2)CC1,0.1099999999999999
759,O=C(OCc1ccccc1)c1ccccc1O,3.35e-08
760,CCN=C(O)Nc1nc2cc(-c3ccc(C#N)nc3)c(=O)n(C(C)C)c2s1,0.04
761,CNC1C(OC2C(OC3C(O)C(O)C(NC(=N)N)C(O)C3NC(=N)N)OC(C)C2(O)C=O)OC(CO)C(O)C1O,0.65
762,CC(C(=O)OC1C[N+]2(CC(=O)Nc3ccncn3)CCC1CC2)(c1ccccc1)N1CCCCC1,0.13
763,O=C(OC1C[N+]2(CC(O)=Nc3nncs3)CCC1CC2)C1(C2=CC=CC2)CCCCCC1,0.06
764,OC(=NC1CCC2CN(Cc3cccc(C(F)(F)F)c3)CC21)C(C1CCCCC1)C1CCCCC1,0.01
765,CC(c1cc(C(=O)N(C)CCO)cc2c(=O)cc(N3CCOCC3)oc12)N(C)c1cc(F)cc(F)c1,0.17
766,Cc1nc(C)c(-c2ccc(-c3ccc(CC(=O)O)cc3Cl)c(Cl)c2)nc1C(N)=O,0.003
767,Cc1cn(-c2cc(NC(=O)c3ccc(C)c(Nc4nccc(-c5cccnc5)n4)c3)cc(C(F)(F)F)c2)cn1,0.02
768,COc1cccc2c1c(NS(=O)(=O)c1ccc(Cl)s1)nn2Cc1cccc(CNC(=O)C2CCCCN2)c1,0.0779999999999999
769,Cc1cc(C2CCN(C(=O)C3CN(C(C)(C)C)CC3c3ccc(F)cc3F)CC2)n(-c2ccc(Cl)cc2Cl)n1,0.0999999999999999
770,COC1CN(CCn2c(=O)ccc3ccc(C#N)cc32)CCC1NCc1ccc2c(n1)NC(=O)CO2,0.27
771,Cc1[nH]c(=N)ccc1CN=C(O)Cn1c(C)cc(S(=O)(=O)CC2CCCC2)c(N)c1=O,0.71
772,O=C(O)CCC(F)(C(F)(F)F)C(F)(F)F,0.0956
773,CC1(CS(=O)(=O)N2CCN(c3ncc(OCc4ccc(C(F)(F)F)o4)cn3)CC2)N=C(O)N=C1O,0.06
774,COc1cc(F)c2ccc(NC3CCN(CC4=CC5CCCC(C4)N5C(C)=O)CC3)nc2c1,0.037
775,CC(=O)c1ccc(S(=O)(=O)NC(O)=NC2CCCCC2)cc1,0.25
776,Oc1ccc(C2(c3ccc(O)cc3)c3ccccc3-c3ccccc32)cc1,1.24e-08
777,O=c1[nH]c2ccc(-c3c(Cl)cccc3C3CC3)cc2[nH]1,0.1999999999999999
778,CC(C)c1nc(CN(C)C(=O)NC(CCN2CCOCC2)C(=O)NC(CCC(Cc2ccccc2)NC(=O)OCc2cncs2)Cc2ccccc2)cs1,0.02875
779,O=C(O)c1ccc(Oc2ccc(CN3CCC(N4C(=O)N(C5CCOCC5)CC4c4cccc(Cl)c4)CC3)cn2)cc1,0.055
780,CN(C)C(=O)C(=O)N(C)C1CCCCn2c1nc(C(O)=NCc1ccc(F)cc1)c(O)c2=O,0.1899999999999999
781,Cc1cnc2c(C(O)=NCCO)cn(Cc3ncnc(OC(F)F)c3C)c2c1,0.3
782,CNC(=O)N1CCc2c(c(-c3cccc4cc(-c5cnn(C)c5)c(C(F)F)cc34)nn2C2CCOCC2)C1,0.16
783,COc1cc(OC)c(C=CS(=O)(=O)Nc2ccc(OC)c(N)c2)c(OC)c1,0.0032999999999999
784,CCOP(=O)(NC(C)C)Oc1ccc(SC)c(C)c1,0.0410999999999999
785,CCOC(C)(C)C,0.7626000000000001
786,NC(=O)OC(Cn1ncnn1)c1ccccc1Cl,0.4
787,Nc1ncnc2c1C(=O)N(c1ccc(-c3ccccc3F)cc1)CCO2,0.0799999999999999
788,CC1CC2C3CCC4=CC(=O)C=CC4(C)C3=CCC2(C)C1C(=O)CN1CCN(c2cc(N3CCCC3)nc(N3CCCC3)n2)CC1,0.006
789,O=C(OC1OC(C(=O)O)C(O)C(O)C1O)c1c[nH]c2cc(Cl)c(-c3ccc(C4(O)CCC4)cc3)cc12,0.019
790,CCN(CC)CCNC(=O)c1cc(Cl)c(N)cc1OC,0.6302164502164502
791,N=c1[nH]c2ccc(OC3CCOC3)nc2n1CC(O)c1ccc(C(F)(F)F)cc1Cl,0.0259999999999999
792,C[Si]1(C)CCN(Cc2cc(-c3ccc(Cl)cc3)n(-c3ccc(Cl)cc3)n2)CC1,0.0006999999999999
793,CC(NC1=CC(=O)NCC1)c1ccc(Nc2ncc3cc(-c4ccncc4)ccc3n2)cc1,0.023
794,Nc1nc(O)c2c(CCc3ccc(C(=O)NC(CCC(=O)O)C(=O)O)cc3)c[nH]c2n1,0.1899999999999999
795,Fc1ccc(OCc2cc(OCC3(F)COC3)nc(-c3ccccn3)n2)c(F)c1F,0.015
796,CCNC(=O)Nc1cc(-c2nc(C(F)(F)F)cs2)c(-c2cc3ncccc3nc2N2C3CCC2CN(C)C3)cn1,0.03
797,N=C(N)NC(=N)NCCc1ccccc1,0.84
798,O=C(Nc1ccnn1-c1ccccc1)N1CCN2C(=O)N(C3CC3c3ccccc3)C(=O)C2C1,0.17
799,O=C(O)c1cn(Cc2ccc(-c3cn[nH]c3)cc2F)c2cccc(F)c2c1=O,0.044
800,COc1ccc2ncc(F)c(C(O)CCC3CCN(C4CC(c5cc(F)ccc5F)C4)CC3C(=O)O)c2n1,0.0359999999999999
801,Cc1cc(C)c(CNC(=O)c2c(C)n(C(C)C3CCN(C)CC3)c3ccccc23)c(=O)[nH]1,0.3
802,O=C1Nc2c(O)cc(Cl)cc2C(C#CC2CC2)(C(F)(F)F)O1,0.0379999999999999
803,CN=c1[nH]c(C(F)(F)c2ccccc2)nc2c1CCNCC2,0.38
804,CN(C)S(=O)(=O)NC(=O)CCCc1c(-c2ccc(F)cc2)[nH]c2ccc(C#N)cc12,0.004
805,CCCCCC(C)OC(=O)COc1ccc(Cl)c2cccnc12,0.0028
806,Cc1ccc(NC(=O)c2cccc(C(F)(F)F)c2)cc1C(=O)Nc1cnc(Nc2ccc(N3CCN(C)CC3)cc2)nc1,0.0329999999999999
807,N=C(N)NCCCC(NC(=O)C1CCCN1C(=O)C1CSSCC(N)C(=O)NC(Cc2ccc(O)cc2)C(=O)NC(Cc2ccccc2)C(=O)NC(CCC(N)=O)C(=O)NC(CC(N)=O)C(=O)N1)C(=O)NCC(N)=O,0.985
808,N=C(O)Cc1ccc(-c2ccc(N3CCOc4ncnc(N)c4C3=O)cc2)c(Cl)c1,0.172
809,CCOP(=S)(OCC)Oc1ccc([N+](=O)[O-])cc1,0.0025
810,CCN=C(O)Nc1cc(-c2nc(C(F)(F)F)cs2)c(-c2cncc(-c3nnc(O)o3)c2)cn1,0.044
811,CCC(c1ccccc1)c1c(O)oc2ccccc2c1=O,0.01
812,CCOC(=O)c1cc(C#N)c(N2CC(N=C(O)NS(=O)(=O)c3ccccc3)C2)nc1C,0.015
813,CCC1(O)CC2CN(CCc3c([nH]c4ccccc34)C(C(=O)OC)(c3cc4c(cc3OC)N(C)C3C(O)(C(N)=O)C(O)C5(CC)C=CCN6CCC43C65)C2)C1,0.3
814,Cc1cc2oc(=O)cc(-c3ccccc3)c2c(C)c1-c1ccc(CO)cc1,0.0059999999999998
815,Oc1ccccc1O,0.0268
816,COc1cc2[nH]cc(C(=N)O)c(=Nc3ccc(Cl)cc3Cl)c2cc1N1CCN(C)CC1,0.032
817,CC(C)(C)C(=O)C(Oc1ccc(Cl)cc1)n1cncn1,0.11405
818,CC(=O)N1CCN(Cc2ccnc(N=c3[nH]cc(C#N)s3)c2)CC1,0.1059999999999999
819,O=C(O)CCC(F)(F)C(F)(F)C(F)(F)F,0.0518
820,CC(=O)NCC1CN(c2ccc(N3CC[Si](C)(C)CC3)c(F)c2)C(=O)O1,0.0566999999999999
821,CN1CCC(COc2cnc(-c3cccc(Cn4nc(-c5cccc(C#N)c5)ccc4=O)c3)nc2)CC1,0.0215
822,N#Cc1ccc(Oc2cncc3sc(C(N)=O)cc23)cc1,0.153
823,CC(C(=O)NCCN1CCCC1)c1ccc(OS(=O)(=O)C(F)(F)F)cc1,0.3000000033333334
824,CCc1nn(CCCN2CCN(c3cccc(Cl)c3)CC2)c(=O)n1CCOc1ccccc1,0.009959375
825,CC(C)Oc1cc(-n2cnc3ccc(=NC(CO)c4ccc(F)cn4)[nH]c32)[nH]n1,0.0809999999999999
826,CC1(C)SC2C(NC(=O)c3cccc4ccccc34)C(=O)N2C1C(=O)O,0.14
827,O=C(C1CC12CCN(C1CCOCC1)CC2)N1CCN(C2CCCC2)CC1,0.5
828,CC1(C(=O)Nc2ccc(F)nc2)CCCN1c1nc(Nc2cc(C3CC3)n[nH]2)c2cccn2n1,0.0409999999999999
829,COc1ccc2c(c1)c(CC(=O)O)c(C)n2C(=O)c1ccc(Cl)cc1,0.0299999994999999
830,C#CC1(OC(C)=O)CCC2C3CCC4=CC(=O)CCC4C3CCC21C,0.05
831,CC(C)(CO)N=C(O)c1nn(-c2ccc(F)cc2F)c2c1CC1CC21,0.04
832,O=C(O)CC(c1ccc2c(c1)OCC2)N1CCN(CCCc2ccc3c(n2)NCCC3)C1=O,0.02
833,COC1CN(c2nc3cccc(C(=O)O)c3s2)CCC1N=C(O)c1[nH]c(C)c(Cl)c1Cl,0.01
834,CC(NC1=NC=NC2=NC=NC21)c1cc2cccc(Cl)c2c(=O)n1-c1ccccc1,0.02
835,C=CC(=O)Nc1cc(Nc2nccc(-n3cc(CN(C)C)c(-c4ccccc4)n3)n2)c(OC)cc1N1CCOCC1,0.017
836,COc1ncnc(Cn2cc(C(O)=NCCF)c3ncc(C)cc32)c1C,0.06
837,Cc1cc(NC2Cc3ccccc3C2)n2ncnc2n1,0.2390000000000001
838,CC1(C)SC2C(NC(=O)C(C(=O)O)c3ccsc3)C(=O)N2C1C(=O)O,0.5119047652380951
839,CC(C)OC(=O)Nc1cccc(Cl)c1,0.018895
840,Cn1ncc2cc(CN3CCOC(COc4ccccc4)C3)ccc21,0.039
841,Cc1sc2ccccc2c1C1C=CN=CN1,0.3
842,CCNP(=S)(OC)OC(C)=CC(=O)OC(C)C,0.00995
843,S=C1N=CN=C2N=CN=C12,0.81
844,O=C(O)CCn1c(=O)oc2cc(Cl)c(Cl)cc21,0.018
845,CCOc1ccc(S(=O)(=O)CC)cc1-c1cn(C)c(=O)c2ccc(-c3cnn(C)c3)cc12,0.12
846,O=C(O)c1cccc(N(Cc2cccnc2)c2ccc(OC(F)F)c(OC(F)F)c2)c1,0.0141999999999999
847,O=C(O)C1CN(Cc2ccc(OCc3ccc(Cl)c(Cl)c3)cc2)C1,0.03
848,COCCNC(=O)CN(CCN(CCN(CC(=O)O)CC(=O)NCCOC)CC(=O)O)CC(=O)O,0.998125
849,CN1CCc2c(c3ccccc3n2Cc2ccccc2)C1,0.9599999933333332
850,Nc1cccc2c1C(=O)N(C1CCC(=O)NC1=O)C2=O,0.7224999999999999
851,Cn1ncc(C(=O)N2C3CCC2CC(Nc2n[nH]c4ccc(F)cc24)C3)c1Cl,0.0799999999999999
852,CCNC(=O)Nc1ccc(-c2nc(N3CCOCC3)c3c(n2)C(C)(C)OC3=O)cc1,0.02
853,N#CCN1C(=O)C(NC(=O)c2cc3cc(Cl)sc3[nH]2)Cc2ccccc21,0.5
854,Cn1nc(-c2cnc(N)c(-c3nnc(C(C)(C)C)o3)n2)nc1C1(c2ccccc2)CC1,0.0309999999999999
855,CC(C(=O)OC1C[N+]2(CCc3c[nH]c4ccccc34)CCC1CC2)(c1ccccc1)N1CCCCC1,0.002
856,N#Cc1cnc2c(ccn2-c2ccc(OC3OC(CO)C(O)C(O)C3O)c(Cl)c2)c1,0.05
857,CCN(c1cc(-c2ccc(CN3CCOCC3)cc2)cc(C(=O)NCc2c(C)cc(C)[nH]c2=O)c1C)C1CCOCC1,0.12
858,CNC(C)C(O)=NC1CCCC2CC3CCN(CCc4cccc(OC)c4)CC3N2C1=O,0.47
859,O=C(Nc1nn[nH]n1)c1cc(Oc2ccccc2)c2ccccn2c1=O,0.0191
860,COCCOc1ccc(N(Cc2cnccc2C)C2CCN(C(C)CCN=C(O)c3c(C)cc(Cl)nc3C)CC2)cc1,0.15
861,COc1cc2c(Oc3ccc4[nH]c(C)cc4c3F)ncnc2cc1OCCCN1CCCC1,0.14
862,O=C(O)C1=CC(=NNc2ccc(S(=O)(=O)Nc3ccccn3)cc2)C=CC1=O,0.007
863,O=C(c1cc(-c2cccnc2)[nH]n1)N1CCN(C(c2ccccc2)c2ccccc2)CC1,0.004
864,Cc1cnc2c(C(=O)NCCO)cn(Cc3ncnc(N(C)C)c3C)c2c1,0.3
865,CC1CCC(Oc2cc(C#N)ccn2)CN1C(=O)c1ccccc1-c1ncccn1,0.0279999999999999
866,Cc1ccc(C(F)(F)CNc2ccc(C#N)c(CC(O)=NCCONC(=N)N)c2F)nc1,0.024
867,CC(=O)Nc1cc(Nc2cc(NC3COC3)n3ncc(C#N)c3n2)ccc1C1CC1,0.1999999999999999
868,CCOC(=O)OC(C)OC(=O)C1N2C(=O)C(NC(=O)C(N)c3ccccc3)C2SC1(C)C,0.8000000033333334
869,N#CC1(N=C(O)C2CCCCC2C(=O)N2CCN(c3nc4c(s3)COCC4)CC2)CC1,0.49
870,CC(=O)N1CCN(CCCC2(c3ccccc3)CC(c3cc(F)ccc3F)=NN2C(C)=O)CC1,0.0899999999999999
871,CC(Oc1cc(-n2cnc3ccc(OCC4CCN(C)CC4)cc32)sc1C(N)=O)c1ccccc1Cl,0.0209999999999999
872,Cn1nc(-c2cnc3[nH]cc(C(=O)NC(C)(C)C)c3n2)c2ccc(Cl)cc21,0.003
873,OC(=Nc1cccc(OC(F)(F)F)c1)c1ccccn1,0.008
874,CCCNC(=O)c1c(NC(=O)C23CC4CC(CC2C4)C3)sc2c1CCNC2,0.01
875,CC(c1ccc(F)cc1)N1C(=O)OC(Cc2ccccc2)(c2nc3cc(-c4cc[nH]n4)ccc3[nH]2)C1=O,0.04
876,Cc1ccc(-n2cc(C(=O)O)c(=O)c3cc(F)c(N4CCNCC4)cc32)cc1,0.5799999933333333
877,Cc1cc(C(=O)NC2CCC(NC(=O)c3cc(F)cnc3Oc3cccc(-c4ccc(CCN5CCC(N6CCCC6)CC5)cc4)c3)CC2)nn1C,0.042
878,O=C(O)c1cn(Cc2ccc(-n3cnc4ccccc43)cc2)c2cccc(F)c2c1=O,0.05175
879,C=CC=C,0.4288
880,O=C1CSCCN1c1ccc(COC2COc3nc([N+](=O)[O-])cn3C2)cc1,0.402
881,O=[N+]([O-])c1cc(-c2c[nH]c(SCCc3c[nH]cn3)n2)cc([N+](=O)[O-])c1,0.1053
882,Cn1ncnc1C1c2n[nH]c(=O)c3cc(F)cc(c23)NC1c1ccc(F)cc1,0.2443333333333333
883,CCOc1cc(C(CS(C)(=O)=O)N2C(=O)c3cccc(N=C(C)O)c3C2=O)ccc1OC,0.3199999999999999
884,N#Cc1cnc(Nc2cc(CN3CCN(C(N)=O)CC3)ccn2)s1,0.092
885,CCNC1CCC=C(c2ccc(F)cc2)C1COc1cc(F)c(S(=O)(=O)Nc2cscn2)cc1Cl,0.015
886,CC(C)c1csc(NC(=O)C2c3ccccc3Oc3ccccc32)n1,0.0009999999999998
887,O=c1[nH]c2c(cc1CNCc1cccc(C(F)(F)F)n1)c(C1CC1)nn2-c1ccccc1,0.0109999999999998
888,COC(C)COC(C)CO,0.8901
889,C[N+]1(C)CCC(OC(=O)C(O)(c2ccccc2)C2CCCC2)C1,0.5841666666666667
890,COc1cc(OC)nc(NC(=O)NS(=O)(=O)c2ncccc2OCC(F)(F)F)n1,0.005
891,COc1ccccc1OCC[NH2+]CC(O)COc1cccc2c1-c1ccccc1[NH2+]2,0.02
892,OC1=Nc2ccc(Br)cc2C(c2ccccn2)=NC1,0.39
893,CCCc1nc(C(C)(C)O)c(C(=O)O)n1Cc1ccc(-c2ccccc2-c2nn[nH]n2)cc1,0.01
894,N=C(CN1C(=O)C(NC(=O)c2cc3cc(Cl)sc3[nH]2)Cc2ccccc21)NO,0.994
895,O=C(Nc1ccccc1)Nc1ccnc(Cl)c1,0.0278749999999999
896,CC(Cc1ccccc1)NCCC(c1ccccc1)c1ccccc1,0.0299999996666666
897,OC(=Nc1cccc(-c2nc3ccccc3[nH]2)c1)c1ccc2c(c1)OCCO2,0.01
898,Cc1c[nH]c2nccc(Oc3c(F)cc(Nc4cc(Cl)nc(N)n4)cc3F)c12,0.06
899,CC(C)(C)N=C(O)C1CCC2C3CC=C4C=C(C(=O)O)CCC4(C)C3CCC12C,0.03
900,C=CCOC(Cn1ccnc1)c1ccc(Cl)cc1Cl,0.0298999999999999
901,CN(C)C(=O)Cn1c(-c2ccccc2)c(C2CCCCC2)c2ccc(C(=O)N(C)S(=O)(=O)Cc3ccccc3)cc21,0.4999999999999999
902,Cc1cc2cc(NC(=NC(=O)c3ccc(C(=O)N(C)C)nc3)NC3CCCCN(CC(=O)N4CCCC4)C3=O)ccc2o1,0.12
903,COCCOc1ccc(C2CC(C(F)(F)F)n3ncc(C(=O)NCc4ccc(F)cn4)c3N2)cc1,0.122
904,CN(C)C(=O)CNCCc1cccc(OCCC(C)(F)F)c1,0.62
905,Cc1ccc(C(O)=NC2CC2)cc1-c1ccn2c(C(C)(C)C)nnc2c1,0.42
906,NC(=O)c1cc(-c2ccnc(N)n2)[nH]c1-c1ccc2sccc2c1,0.2299999999999999
907,CC1(Cn2ccnn2)C(C(=O)O)N2C(=O)CC2S1(=O)=O,0.7424999933333334
908,CCOC(=O)C(CCc1ccccc1)NC(C)C(=O)N1Cc2cc(OC)c(OC)cc2CC1C(=O)O,0.5
909,C=CC1(O)CN2CCC1CC2C(O)c1ccnc2ccc(OC)cc12,0.4000000033333333
910,COc1ccc2ncc(F)c(C(O)CCC3CCN(C4CC(c5ccccc5)C4)CC3C(=O)O)c2c1,0.122
911,O=C(O)c1cc(CN2CCc3ccccc3C2c2ccncc2)c2ccccn2c1=O,0.04
912,CN1CCCC1c1nc(O)c(O)c(C(O)=NCc2ccc(F)cc2)n1,0.03
913,C1=Cc2cccc(OCC3CNCCO3)c2C1,0.0599999996666666
914,Fc1ccc(Oc2nccc3[nH]ccc23)c(F)c1,0.06
915,NC(Cn1ccc(=O)c(O)c1)C(=O)O,0.0
916,Cc1nc(C)c(-c2ccc(C3CCC(Cc4nnn[nH]4)CC3)cc2)nc1C(N)=O,0.009
917,Nc1nc2ccc(OC3CCOC3)nc2n1CC(O)c1ccc(C(F)(F)F)cc1Cl,0.0259999999999999
918,CC1Cn2c(nnc2-c2ccc(F)cc2)CN1C(=O)c1cccc(C(F)(F)F)c1Cl,0.1309999999999999
919,O=C(C[N+]12CCC(CC1)C(OC(=O)C1(C3=CC=CC3)CCCCCC1)C2)[NH+]=c1cco[n-]1,0.18
920,O=C(OCCN1CCCCCC1)C(c1ccsc1)C1CCCCC1,0.2599999966666667
921,CC(C)(C)NCC(O)c1cc(Cl)c(N)c(Cl)c1,0.5
922,CCc1nnc(C(C)NS(=O)(=O)c2ccc(Cl)cc2)n1CC,0.34
923,O=S(=O)(Nc1ccccc1Cl)c1ccc(N=C(O)c2ccccn2)cc1Cl,0.0009999999999999
924,CC(Oc1cc(-n2cnc3ccc(OCC(O)CN4CCCC4)cc32)sc1C(N)=O)c1ccccc1Cl,0.0379999999999999
925,Cn1c(=O)cc(N2CCCC(N)C2)n(Cc2ccccc2C#N)c1=O,0.8
926,CN1C(=O)N(Cc2cc(Cl)ccc2F)C(=O)C12C(=O)N(CC(=O)O)c1ccc(Cl)cc12,0.02
927,CCc1nc2nc(C)cc(Nc3cccc(Cl)c3)n2n1,0.133
928,CC(C)c1cnn2c(NCc3ccccc3)cc(NC(CO)C(O)CO)nc12,0.057
929,CCC1(O)C(=O)OCc2c1cc1n(c2=O)Cc2cc3ccccc3[nH+]c2-1,0.02
930,COc1ccc2ncc(F)c(CCN3CCC(NCc4ccc5c(n4)NC(=O)CO5)CC3)c2n1,0.06
931,CN(C)C1C(O)=C(C(N)=O)C(=O)C2(O)C(O)=C3C(=O)c4c(O)ccc(Cl)c4C(O)C3CC12,0.505
932,CCCCC(OCC)C(=O)NC1C(=O)N2C1SC(C)(C)C2C(=O)O,0.2599999966666667
933,COc1ccc(-c2ccc3c(N4CCOCC4)nc(N4CC(C)OC(C)C4)nc3n2)cc1CO,0.0799999999999999
934,CC1COc2c(N3CCN(C)CC3)c(F)c(N)c3c(=O)c(C(=O)O)cn1c23,0.82
935,Cn1c(=O)c(C(=O)NCCO)c(O)c2ncc(Cc3ccc(F)cc3)cc21,0.01
936,CNCC(O)CC12CCC(c3ccccc31)c1ccccc12,0.19
937,Cc1cc(Nc2ccc(C(C)(C)C)cc2)n2ncnc2n1,0.0679999999999999
938,Oc1nc2ccccc2n1CCCN1CCC(n2c(O)nc3cc(Cl)ccc32)CC1,0.0803124994999999
939,CCN1CCCC1CN=C(O)c1cc(S(=O)(=O)CC)c(N)cc1OC,0.84
940,COc1c(F)cccc1C1CCN(c2ccn3c(CC4CC4)nnc3c2Cl)CC1,0.01
941,CCOP(=S)(Oc1ccc([N+](=O)[O-])cc1)c1ccccc1,0.0101799999999999
942,O=C(Nc1cccc(N2CCCS2(=O)=O)c1)c1ccccc1Br,0.0899999999999999
943,CCn1c(Nc2ccc(N3CCN(C)CC3)cc2)ncc(-c2ccc(-c3cncs3)cc2Cl)c1=O,0.0008
944,COc1cc(C(N)=O)nc(-c2cccc(C#CC3(O)CCN(C)C3=O)c2)c1,0.1509999999999999
945,O=C(O)CCn1c(=O)oc2cc(OCc3ccccn3)c(Cl)cc21,0.074
946,CC(Oc1cccc2ccccc12)C(=O)NC1C(=O)N2C1SC(C)(C)C2C(=O)O,0.0295555552222221
947,CN(c1nc2ccccc2s1)C1CCN(CC(O)COc2ccc(F)cc2)CC1,0.0144
948,CS(=O)(=O)c1ccc(-n2cc(Cl)c(OC3CCN(c4ncc(Cl)cn4)CC3)cc2=O)c(F)c1,0.005
949,CN(C)CCC(c1ccc(Br)cc1)c1ccccn1,0.28
950,COc1ccc(-c2csc(N=C(O)C3CCCCN3S(=O)(=O)c3ccc(C)cc3)n2)cc1,0.0059999999999998
951,CC(Nc1c(C(N)=O)nnc2ccc(-c3ccc(OCCCN(C)C)nc3)cc12)C1CCOCC1,0.13
952,COc1cc(OC)nc(Sc2cccc(Cl)c2C(=O)O)n1,0.027
953,CC(NC(=O)N1CCc2cnc(Nc3cnn(C)c3)nc2C1)c1ccc(Cl)c(Cl)c1,0.018
954,CS(=O)(=O)Nc1cc(C(=O)OC(Cc2c(Cl)c[n+]([O-])cc2Cl)c2ccc(OC(F)F)c(OCC3CC3)c2)ccc1OCC1CC1,0.0012999999999999
955,O=[N+]([O-])c1cccc([N+](=O)[O-])c1,0.3705
956,CN(C)C(C)(C)c1nc(O)c(O)c(C(O)=NCc2ccc(F)cc2)n1,0.4985
957,COc1cc(OC)cc(C(=O)Nc2ccc(C)c(C(=O)Nc3cnc(Nc4ccc(N5CCN(C)CC5)cc4)nc3)c2)c1,0.032
958,CC(CO)Nc1nc(SCc2ccccc2)nc2nc(O)sc12,0.0026999999999999
959,Cc1ccc(C2CC(C(F)F)n3ncc(C(O)=NCc4ccc(F)cc4)c3N2)nc1,0.0429999999999999
960,CC(C)Nc1nc(N)nc(Cl)n1,0.486
961,Cc1ccc(OCC2(O)CCN(CC3(O)CCN(c4ccccc4C)CC3)CC2)cc1,0.911
962,Cc1ccc(CO)cc1N(C)c1ccnc(Nc2cc(N3CCOCC3)nc(N3CCOCC3)c2)n1,0.052
963,CC(=O)Nc1ccc2ccn(-c3cc(NCCCN4CCCC4)n4ncc(C#N)c4n3)c2c1,0.067
964,COC1COCCC1NC1CCC(C(=O)N2CCN(c3cc(C(F)(F)F)ccn3)CC2)(C(C)C)C1,0.425
965,CC(C)(NCCCc1cc(-c2cccc(C(F)(F)F)c2)nc(C#N)n1)C(=N)O,0.25
966,O=[N+]([O-])NC1=NCCN1Cc1ccc(Cl)nc1,0.655975
967,CC1(C)CCSc2ccc(C#Cc3ccc(C(=O)O)cn3)cc21,0.01
968,O=C(c1ncc([N+](=O)[O-])[nH]1)N1CCOCC1,0.2199999999999999
969,Cc1ccc(NC(=O)c2ccc(CN3CCNCC3)cc2)cc1Nc1nccc(-c2cccnc2)n1,0.3000000033333334
970,Cc1noc(C)c1S(=O)(=O)N=c1c(N2CCC(NCc3ccc(C(F)(F)F)cc3)CC2)c(O)c1=O,0.0659999999999999
971,CCCCc1[nH+]cc(C=C(Cc2cccs2)C(=O)[O-])n1Cc1ccc(C(=O)[O-])cc1,0.02
972,CC1CN2c3c(cc4c(C(F)F)noc4c3F)CC3(C(=O)NC(=O)NC3=O)C2C(C)O1,0.028
973,Oc1nc2ccccc2n1CCN1CCN(c2cccc(C(F)(F)F)c2)CC1,0.02
974,CN(C)c1cccc(-c2ccc(Cn3cc(C(=O)O)c(=O)c4cccc(F)c43)nc2)c1,0.013
975,Cc1ccc(CN2CCC(F)(F)C(CCc3ccccc3)C2)cc1C,0.005
976,CCc1cc2oc(=O)n(CCC(=O)O)c2cc1Cl,0.013
977,c1cnc(Nc2ncnc3ccc(-c4ccnc(N5CCOCC5)n4)cc23)nc1,0.12
978,CN(C)C(=O)C1(Cc2ccccc2-c2cccc(F)c2)CCN(C(=O)C2CC=CCC2)CC1,0.787
979,Cc1cc(C)nc(N2CC3CN(C(=O)c4c(F)cccc4-n4nccn4)CC3C2)n1,0.029
980,O=C(O)C1CN(Cc2ccc(-c3noc(-c4onc(-c5ccccc5)c4C(F)(F)F)n3)cc2)C1,0.007
981,CC(=O)C1=NN(c2cc(C)ccc2F)CC1(CCCN(C)C)c1ccccc1,0.04
982,CC1NC(=O)C(C(C)C)NC(=O)C(C)(C)C=Cc2cc3cc(ccc3cn2)C(C)OC(=O)C2CCCN(N2)C1=O,0.18
983,O=C(Nc1nnc(C2CC2)o1)NC1C2CC3CC(C2)CC1C3,0.023
984,CCc1ccccc1,0.1676
985,COc1ccccc1CNCC1CC1c1cc(F)ccc1OC,0.18
986,CC1(C)Cc2cc(NC(=O)c3cnn4cccnc34)c(OCC3CC3)nc2O1,0.631
987,NC(CC(=O)N1CCn2c(nnc2C(F)(F)F)C1)Cc1cc(F)c(F)cc1F,0.6173916666666667
988,N#CC1(N=C(O)C2CCCCC2C(=O)N2CCN(c3ccccc3)CC2)CC1,0.28
989,CCc1c(CCN2CCC(C(=O)O)CC2)cccc1-c1nsc(-c2ccc(CC(C)C)c(C#N)c2)n1,0.0063999999999999
990,CC(C)Oc1ccc(-c2nn(C(C)c3oc4ccc(F)cc4c(=O)c3-c3cccc(F)c3)c3ncnc(N)c23)cc1F,0.003
991,Cc1nc(N2CCCC2)ncc1-c1ccc2cc(CCN3CCCC3C)ccc2n1,0.1899999999999999
992,CN(C)C(=O)c1ccc2c(c1)c(Oc1c(Cl)cccc1C(F)(F)F)nn2-c1ccc(C(=O)O)cc1,0.015
993,COC(=O)C(C)Oc1ccc(Oc2ccc(Cl)cc2Cl)cc1,0.0025
994,CCCCOC(=O)c1ccccc1C(=O)OCc1ccccc1,3.22e-06
995,CC(C)OC(=O)CCCC=CCC1C(O)CC(O)C1CCC(O)CCc1ccccc1,0.0999999999999999
996,COc1ccc2ncc(=O)n(CCN3CCC(NCc4cc5c(cn4)OCCO5)C(OC)C3)c2c1,0.3299999999999999
997,NS(=O)(=O)c1cccc(-c2ccc3nccc(-c4ccnc(C(F)(F)F)c4)c3n2)c1,0.0999999999999999
998,COCCc1nc2nc(C)cc(Nc3ccc(S(F)(F)(F)(F)F)cc3)n2n1,0.123
999,CC(C)NC(=O)COc1cccc(-c2nc(Nc3ccc4[nH]ncc4c3)c3ccccc3n2)c1,0.0256499999999999
1000,CCCC(O)=Nc1cccc(N(C)C(=O)c2ccccc2Br)c1,0.1099999999999999
1001,CCCCN1CCCCC1C(=O)Nc1c(C)cccc1C,0.0525822514155844
1002,O=[N+]([O-])c1ccc(C2=NOC(c3ccc(N4CCOCC4)c(F)c3)C2)o1,0.0659999999999999
1003,Cc1cc(CCC[N+]23CCC(CC2)C(OC(=O)C2(C4=CC=CC4)CCCCCC2)C3)ccn1,0.03
1004,CCC(COc1c(Cl)cccc1Cl)C(=O)NC1C(=O)N2C1SC(C)(C)C2C(=O)O,0.0496666669999999
1005,CC1Cn2c(nnc2-c2cc[nH]n2)C(=O)N1Cc1cccc(C(F)(F)F)c1Cl,0.0799999999999999
1006,CCN1CCN(c2ccc(Nc3cc(N(C)C(=O)Nc4c(Cl)c(OC)cc(OC)c4Cl)ncn3)cc2)CC1,0.032
1007,C[n+]1ccccc1C=NO,0.9874875
1008,CC1CCCN1CCCOc1ccc(-c2cnnc(O)c2)cc1,0.8
1009,Cc1ccccc1Cn1cc(C(O)=NCC2CC2)c2ncccc21,0.01
1010,Cc1cc(Oc2cncnc2)cc(C(=O)Nc2ccc(Cl)cn2)n1,0.049
1011,COCCOc1cccc(S(=O)(=O)Nc2ncccn2)c1,0.1999999999999999
1012,CCCC(=O)OCOC(=O)C1=C(C)NC(C)=C(C(=O)OC)C1c1cccc(Cl)c1Cl,0.0034999999999999
1013,CC(=O)N1C2C=C(CN3C4CCC3CC(NC(O)=Nc3cc(F)cc(C(F)(F)F)c3)C4)CC1CCC2,0.0699999999999999
1014,CN1CCC(=C2c3ccccc3CCc3cccnc32)CC1,0.8999999933333332
1015,Cc1ccc(S(=O)(=O)NC(O)=NN2CC3CCCC3C2)cc1,0.0899999999999999
1016,NC(C(=O)NC1C(=O)N2C(C(=O)O)=C(CSc3c[nH]nn3)CSC12)c1ccc(O)cc1,0.4083333333333334
1017,c1cnc(OCC2CC(c3ccc(CN4CCCC4)cc3)C2)nc1,0.4399999999999999
1018,Cc1cc(C(=O)O)nc(N2CC3CC(c4ccccc4C(F)(F)F)CC3C2)n1,0.0009999999999998
1019,CN(C)c1ccc(O)c2c1CC1CC3C(N(C)C)C(O)=C(C(N)=O)C(=O)C3(O)C(O)=C1C2=O,0.2433333333333333
1020,O=C(O)CN1C(=O)C(NC(CCc2ccccc2)C(=O)O)CCc2ccccc21,0.0493750003333333
1021,COc1cc2c(Nc3ccc(NC(=O)c4ccccc4)cc3)nc(Cl)nc2cc1O,0.0209999999999999
1022,Cc1cc(N=c2nc(Sc3ccc(NC(=O)CN4CCC(C(O)=NC5CCCC5)C4)cc3)[nH]n3cccc23)n[nH]1,0.01
1023,O=C(Nc1ccccc1-c1ccc(Cl)cc1)c1cccnc1Cl,0.032
1024,CNCC(=O)OCc1cccnc1N(C)C(=O)OC(C)[n+]1cnn(CC(O)(c2cc(F)ccc2F)C(C)c2nc(-c3ccc(C#N)cc3)cs2)c1,0.01
1025,O=C(O)CCCc1ccccc1,0.1099999999999999
1026,Cc1cc2cc(N=c3nc[nH]n4cc(-c5nnc(C)o5)c(C(C)C)c34)cnc2[nH]1,0.0279999999999999
1027,N#Cc1c[nH]cc1-c1cccc2c1OC(F)(F)O2,0.00415
1028,Clc1ccc(-c2cc(C3(c4ccccc4)CCN(CCc4ccccc4)CC3)[nH]n2)cc1,0.03
1029,Cc1noc2c(F)c3c(cc12)CC1(C(O)=NC(=O)N=C1O)C1C(C)OC(C)CN31,0.0629999999999999
1030,CC(=O)N(C)c1nc(C(O)=NCc2ccc(F)cc2)c(O)c2ncccc12,0.044
1031,Cc1cc(Cl)cnc1C(=O)Nc1ccc(F)c(C2(C)N=C(N)COC2F)c1,0.1099999999999999
1032,O=C(NC1CC1)c1ccc(Cl)c(Nc2nncc3c2cnn3-c2c(F)cccc2F)c1,0.0255
1033,CC(=O)Nc1ccc(-c2ccc(Cn3cc(C(=O)O)c(=O)c4cccc(F)c43)nc2)cc1,0.03
1034,CC(C)(C)NC(=O)C1CC2CCCCC2CN1CC(O)C(Cc1ccccc1)NC(=O)C(CC(N)=O)NC(=O)c1ccc2ccccc2n1,0.02
1035,COc1cc2ccc(C#N)cc2cc1C(c1cccc(F)c1)C(O)(CCN(C)C)c1cc2ccccc2o1,0.0
1036,Cc1c(F)cc(C(O)=NC2CC2)cc1-c1c(F)cn2c(C(C)(C)C)nnc2c1F,0.2099999999999999
1037,COCCOc1ccc(N2CCN(CCn3c(=O)n(C)c4c3nc(N)n3nc(-c5nccs5)nc43)CC2)cc1F,0.15
1038,O=C(Nc1ccnc(NC(=O)C2CC2)c1)c1c(Cl)cccc1Cl,0.049625
1039,CNS(=O)(=O)Cc1ccc2[nH]cc(CCN(C)C)c2c1,0.8280068131818181
1040,CCNC(=O)Nc1ccc(-c2nc(N3CCOCC3)c3c(n2)C(C)(CC(C)(C)O)OC3)cc1,0.2299999999999999
1041,N#CSCSc1nc2ccccc2s1,0.331
1042,O=C1C(N=C(O)c2cc3sc(Cl)c(Cl)c3[nH]2)Cc2ccccc2N1CCO,0.9997
1043,Cc1cc(Nc2cccc(Cl)c2)n2nc(C(C)(F)F)nc2n1,0.118
1044,CCNC(=O)Nc1ccc(-c2nc3c(c(N4CCOCC4)n2)CCN(c2ncccn2)C3)cc1,0.02
1045,COCc1cnc(N2CCC(C3CC3COCc3ccc(S(C)(=O)=O)cc3F)CC2)nc1,0.049
1046,Cc1nc(COc2ccc(CC(N=C(O)OC3COC4OCCC34)C(O)CN(CC(C)C)S(=O)(=O)c3ccc4c(c3)OCO4)cc2)cs1,0.02
1047,C=CC1=C(C(=O)O)N2C(=O)C(NC(=O)C(=NOCC(=O)O)c3csc(N)n3)C2SC1,0.3227838794505494
1048,Cc1ccc2nc(N3CCCc4ccc(F)cc4C3)cc(NCC3(N)COC3)c2c1,0.024
1049,CCS(=O)(=O)c1ccc(C(NC(C)=O)C(=O)Nc2cc(-c3cccnc3OCc3ccc(OC(F)(F)F)cc3)cs2)cc1,0.0009999999999998
1050,COc1ccc(C)cc1N,0.4043
1051,CCNC(=O)c1noc(-c2cc(C(C)C)c(O)cc2O)c1-c1ccc(CN2CCOCC2)cc1,0.0509999999999999
1052,COc1ccc2cccc(CCNC(C)=O)c2c1,0.05
1053,NC1(C(O)=NCc2ccc(Cl)cc2)CCN(c2ncnc3[nH]ccc23)CC1,0.2199999999999999
1054,CCc1cc(F)c(N)c2nc(-c3ccc(P(=O)(O)O)o3)n(CC(C)C)c12,0.0009999999999998
1055,CCCCc1cc(C(=O)NC(CCC(=O)O)C(=O)N2CCN(C(=O)OCC)CC2)nc(-c2ccccc2)n1,0.0069999999999999
1056,COC(=O)c1ccccc1CS(=O)(=O)NC(=O)Nc1nc(OC)cc(OC)n1,0.007025
1057,CCN1CC(C)(C)OC(=O)C1CC(=O)Nc1ccc(C(C)C)cc1,0.0609999999999999
1058,Cc1c(CN2CCOCC2)cc(-c2ccc(C(C)C)cc2)n1-c1ccc(Cl)cc1,0.0009999999999998
1059,Nc1nc(C(=CCC(=O)O)C(=O)NC2C(=O)N3C(C(=O)O)=CCSC23)cs1,0.5249999999999999
1060,O=C1N=S(=O)(Nc2ccccc2)c2ccccc21,0.0879999999999999
1061,OCCN1CCN(CCC=C2c3ccccc3Sc3ccc(C(F)(F)F)cc32)CC1,0.0500000003333333
1062,COc1cc2c(cc1OC)CN(c1nc(N3CCCN(C(=O)N4CC(O)C(O)C4)CC3)nc3cc(OC)c(OC)cc13)CC2,0.03
1063,CC(c1nnc(-c2ccccc2)o1)N1CC(C)(C)C(Oc2ccc(C#N)c(C(F)(F)F)c2)C1=O,0.0181
1064,CC(N=C(O)N1CCc2cnc(Nc3ccnn3C)nc2C1)c1ccc(Cl)c(Cl)c1,0.01
1065,CNC(C)C(O)=NC1CCCC2CC3CCN(CCc4ccc([N+](=O)[O-])cc4)CC3N2C1=O,0.47
1066,CC1CN(c2nc(C(F)(F)F)no2)CCN1c1ncc(OCc2ccc(CS(C)(=O)=O)cc2F)cn1,0.0059999999999998
1067,CN(C)C1C(=O)C(=C(N)O)C(=O)C2(O)C(=O)C3=C(O)c4c(O)ccc(Cl)c4C(O)C3CC12,0.579999985
1068,c1ccc(N=c2[nH]c3c(s2)CCc2n[nH]cc2-3)nc1,0.008
1069,Cc1ccccc1C(=O)Nc1cccc(F)n1,0.3299999999999999
1070,CCOC(=O)c1ccc2c(c1)C(=O)c1nc3ccccc3c(=O)n1-2,0.0159999999999999
1071,CC(CS(C)(=O)=O)Nc1ncc2cc(Oc3ccc(F)cc3F)c(=O)n(C)c2n1,0.04
1072,O=C(O)c1cn(Cc2ccc3ccccc3c2)c2cccc(F)c2c1=O,0.0329999999999999
1073,CN(C)C(=O)COC(=O)Cc1ccc(OC(=O)c2ccc(NC(=N)N)cc2)cc1,0.73
1074,CS(=O)(=O)N=C(O)CN1C(=O)C(NC(=O)c2cc3cc(Cl)sc3[nH]2)Cc2ccccc21,0.9963
1075,O=C1CC(=O)N(CCc2ccccc2)C(=O)N1CCc1ccccc1,0.0999999999999999
1076,Cc1ccc2c(-c3cnc4[nH]cc(C(=O)NC(C)(C)CO)c4n3)nn(CCCN(C)C)c2c1,0.12
1077,O=C(NCc1ccc(F)cc1)c1cnn2c1NC(c1ccc(N3CCOCC3)cc1)CC2C(F)(F)F,0.018
1078,CC(=O)Nc1cc(Nc2cc(Nc3cn(C)cn3)n3ncc(C#N)c3n2)ccc1C,0.2099999999999999
1079,CNC(=O)c1cc(F)ccc1CNC(=O)c1nc(N2CCCCS2(=O)=O)c2cccnc2c1O,0.0799999999999999
1080,CN1CCN2c3c(cccc31)C1CN(CCCC(=O)c3ccc(F)cc3)CCC12,0.0259999999999999
1081,ClC1(Cl)C2(Cl)C3(Cl)C4(Cl)C(Cl)(Cl)C5(Cl)C3(Cl)C1(Cl)C5(Cl)C24Cl,0.01509
1082,COc1ccnc(-c2nnc3n2CC(C)N(C(=O)c2cccc(Cl)c2Cl)C3)c1,0.174
1083,Cc1cc(C2CCN(C(=O)C3CN(C(C)(C)C)CC3c3ccc(F)cc3F)CC2)n(-c2ccc(Cl)c(Cl)c2)n1,0.02
1084,CC(Oc1cc2oc(=O)n(CCC(=O)O)c2cc1Cl)c1ccccn1,0.1190000000000001
1085,CCCc1cc(C(=O)NC(Cc2ccc(-c3cccc(OC(F)(F)F)c3)nc2)C(O)=NC2CCNC2)sc1C,0.01
1086,CC1(C)SC2C(NC(=O)C(Cl)c3ccc(Cl)cc3)C(=O)N2C1C(=O)O,0.0599999996666666
1087,COc1cnc2ccc(=O)n(CC(N)C3CCC(NCc4ccc5c(n4)NC(=O)CO5)CC3)c2c1,0.78
1088,CCOC(=O)C1(c2ccccc2)CCN(CCC(O)c2ccccc2)CC1,0.1999999999999999
1089,CN=C(O)Nc1ncc(SCCCOC)cc1Oc1cccnc1C,0.51
1090,COc1cccc2c1c(NS(=O)(=O)c1ccc(Cl)s1)nn2Cc1cccc(CNC(=O)C(C)(C)N)c1,0.04
1091,CC(O)C1C(=O)N2C(C(=O)O)=C(SC3Cn4cnc[n+]4C3)C(C)C12,0.92
1092,O=C(O)c1cn(Cc2ccc(-n3cccn3)cc2)c2ccsc2c1=O,0.14
1093,CC(C)NC(=N)NC(=N)Nc1ccc(Cl)cc1,0.25
1094,CC1CCC(Oc2ccnc3c(F)cccc23)CN1C(=O)c1ccccc1-n1nccn1,0.0295
1095,CN(c1ccnc(Nc2cc(N3CCOCC3)cc(N3CCOCC3)c2)n1)c1cccc2n[nH]cc12,0.06
1096,COc1ccc(N2CCN(C(=O)C3CCCCC3C(O)=NC3(C#N)CC3)CC2)cc1OC,0.4499999999999999
1097,Cn1cc(-c2cccc(N3CCc4c(sc5c4CCCC5)C3=O)c2CO)cc(Nc2ccncn2)c1=O,0.03
1098,CN(C)CCC1=CN=C2C=CC(CC3COC(=O)N3)=CC12,0.75
1099,Cc1ccc(C(=O)NC2CC2)cc1-c1cc2cnn(-c3ccc(F)cc3F)c2n(C)c1=O,0.0699999999999999
1100,CSc1nc2nc(C)cc(Nc3ccc(S(F)(F)(F)(F)F)cc3)n2n1,0.023
1101,Cc1nccn1CCC(C(N)=O)(c1ccccc1)c1ccccc1,0.12
1102,CCCSP(=O)(OCC)SCCC,0.0966416666666666
1103,FC(F)(F)c1ccc(Nc2ccnc3nc(-c4ncccc4C(F)(F)F)ccc23)nc1,0.0649999999999999
1104,Cc1ccc2c(c1)CCCN2C(=O)SCC(O)=Nc1ccc(S(N)(=O)=O)cc1Cl,0.01
1105,CCN=C(O)Nc1nc2cc(-c3cccnc3)c(=O)n(C(C)C)c2s1,0.2099999999999999
1106,Cc1c(CN2CCN(C)CC2)cc(-c2ccc(Cl)cc2)n1-c1ccc(Cl)cc1,0.0076999999999999
1107,COc1cc(C(=O)Nc2ccc(NC(=O)c3ccccn3)cc2)cc(N2CCC(=O)NC2=O)c1,0.0969999999999999
1108,COC1(NC(=O)CSCC#N)C(=O)N2C(C(=O)O)=C(CSc3nnnn3C)CSC21,0.2552
1109,CC1Cn2c(nnc2-c2cnccn2)C(=O)N1Cc1cccc(C(F)(F)F)c1Cl,0.13
1110,CC(C(=O)OC1C[N+]2(CC(O)=Nc3ccccc3)CCC1CC2)(c1ccccc1)N1CCCCC1,0.0139999999999999
1111,O=C(O)c1cn(Cc2ccc3ccccc3c2)c2c(F)cccc2c1=O,0.004
1112,C=CCOc1ccccc1OCC(O)CNC(C)C,0.2241666666666666
1113,CC1=C(C(N)=O)C(c2ccc(N(C)C)cc2)n2nc(SCc3ccc(C#N)cc3)nc2N1,0.032
1114,Cc1cccc(C(=O)O)c1S(=O)(=O)NC(=O)Nc1nc(OCC(F)(F)F)nc(N(C)C)n1,0.3289999999999999
1115,O=C1Nc2cc(O)c(Cl)cc2C(C#CC2CC2)(C(F)(F)F)O1,0.6191
1116,COC1CN(c2nc(C(=O)N(C)C)c(C(=O)O)s2)CCC1N=C(O)c1[nH]c(C)c(Cl)c1Cl,0.13
1117,CC(Oc1cc(-n2cnc3ccc(OC4CCN(C)CC4)cc32)sc1C(N)=O)c1ccccc1C(F)(F)F,0.052
1118,Cc1ccc(-c2cc(-c3ccc(S(C)(=O)=O)cc3)cnc2N)cn1,0.2559999999999999
1119,COc1ccc(N(Cc2cnccc2C)C2CCN(C(C)CCN=C(O)c3c(C)cc(Cl)nc3C)CC2)cc1,0.0799999999999999
1120,Cc1ncc(NC(=O)c2cccc(C(F)(F)F)c2)cc1-c1cnc(OC2CCOCC2)c(N2CCOCC2)c1,0.02
1121,CCN(CC(O)(CNC(=O)c1cnn(-c2ccc(F)cc2)c1N)C(F)(F)F)C(=O)c1c(F)cccc1F,0.03
1122,CC(C)c1cccc(O)c1,0.14
1123,COCCONC(=O)N(Cc1ccsc1)C1CCN(C(C)CCNC(=O)c2c(C)cc(Cl)nc2C)CC1,0.43
1124,Cc1cc2c(s1)=Nc1ccccc1NC=2N1CCN(C)CC1,0.0699999999999999
1125,Cc1cc(N2CCOCC2)cc2nc(-c3c(NCCn4cc(Cl)cn4)ccnc3O)[nH]c12,0.0104999999999999
1126,CN(C)C1C(=O)C(C(N)=O)=C(O)C2(O)C(=O)C3=C(O)c4c(O)ccc(Cl)c4C(C)(O)C3CC12,0.5079166666666667
1127,O=C(O)CC1CCC(c2ccc(N=C(O)c3n[nH]c(=Nc4ccc(F)c(F)c4)o3)cc2)CC1,0.003
1128,COc1ncc(-c2cc(OC3CCOCC3)c3nc(N)nc(C)c3c2)cc1NS(=O)(=O)c1ccc(F)cc1F,0.0422
1129,Oc1nc(-c2cc(-c3ccon3)n(Cc3ccccc3F)n2)ncc1F,0.0059999999999998
1130,C=CCc1ccc2c(c1)OCO2,0.017895
1131,OCC1CC(O)CCN1CCc1ccc(Nc2nc(-c3ccc(Cl)cc3Cl)cs2)cc1,0.02
1132,N#Cc1ccc2ccc(=O)n(CCN3CCC(NCc4ccc5c(n4)NC(=O)CO5)C(F)C3)c2c1,0.1999999999999999
1133,Nc1ccc(O)c(C(=O)O)c1,0.4705238095238095
1134,CN(c1nccc(O)n1)C1CCN(c2nc3ccccc3n2Cc2ccc(F)cc2)CC1,0.02
1135,COC(=O)c1c(Cl)c(Cl)c(C(=O)OC)c(Cl)c1Cl,0.0166799999999999
1136,COc1cc(-c2cnc3[nH]cc(C(O)=NC(C)C)c3n2)cc(OC)c1OC,0.01
1137,CCOc1nc(F)cc2nc(S(=O)(=O)Nc3c(Cl)cccc3Cl)nn12,0.0061249999999999
1138,O=C(F)C(F)(F)C(F)(F)C(F)(F)C(F)(F)C(F)(F)C(F)(F)C(F)(F)F,0.0019
1139,Nc1nc(S)c2nc[nH]c2n1,0.804
1140,NC(=O)OCC1C(NC(=O)C(=NOCC(=O)O)c2csc(N)n2)C(=O)N1S(=O)(=O)O,0.7207407507407408
1141,CC(NC(=O)C1CCCCN1CCO)c1ccc(Nc2ncc3cc(-c4ccncc4)ccc3n2)cc1,0.034
1142,CS(=O)(=O)c1cc(Cl)c(N=C(O)N2CCN3C(=O)N(C4CC4c4ccccc4)C(=O)C3C2)c(Cl)c1,0.0069999999999999
1143,CCn1cc(C(=O)O)c(=O)c2cc(F)c(N3CCNCC3)nc21,0.7079166691666666
1144,COC(=O)N1CC(C(O)=Nc2ccc(Cl)cn2)C(C(O)=Nc2ccc(-n3ccccc3=O)cc2F)C1,0.0679999999999999
1145,O=C(O)c1cn(Cc2cnc(-c3ccccc3)cn2)c2c(F)cccc2c1=O,0.029
1146,CCCN(CCC)C(=O)Cc1c(-c2ccc(Cl)cc2)nc2ccc(Cl)cn12,0.028
1147,O=S1(=O)CCC(Oc2ccc3c(c2)CCC2(CCN(C4CCC4)CC2)O3)CC1,0.2299999999999999
1148,CS(=O)(=O)N1CCC2(CC1)CC(C(=O)N1CCN(C3CCC3)CC1)C2,0.6699999999999999
1149,Cc1cc(C)c2c(c1)C(N(Cc1cc(C(F)(F)F)cc(C(F)(F)F)c1)c1nnn(C)n1)CCCN2CC1CCC(C(=O)O)CC1,0.001
1150,O=S(=O)(c1cc(Cl)c(F)c(Cl)c1)N1C(CO)CCC1c1ccc(F)cc1,0.0059999999999998
1151,COc1ccc(OCC2c3cc(OC)c(OC)cc3CCN2C(=O)c2cccc(Cl)c2)cc1,0.764
1152,Cc1cn(C2CC(N=[N+]=[N-])C(CO)O2)c(=O)nc1O,0.62
1153,CC(=N)N1CCC(SC2=C(C(=O)O)N3C(=O)C(C(C)O)C3C2)C1,0.96
1154,CC(C)(C)c1cc(-c2cc(-c3ccc(C(=O)O)cc3)ccc2OCCO)ccc1N1CCCC1,0.0009999999999998
1155,CC(O)=Nc1ccc2ccn(-c3cc(NC4CC4)n4ncc(C#N)c4n3)c2c1,0.01
1156,CC(=O)N(C)CC1CC(c2ccc(CN3CCCC3)c(Cl)c2)C1,0.24
1157,O=C(O)c1ccc(O)c(O)c1,0.7905000066666666
1158,CC(Oc1cc(Cl)cc(Cl)c1)C(=O)NC1C(=O)N2C1SC(C)(C)C2C(=O)O,0.0299999996666666
1159,COc1ccc(N(Cc2cnccc2C)C2CCN(C(C)CCNC(=O)c3c(C)cc(F)nc3C)CC2)cc1,0.2099999999999999
1160,CC(C)(C)OC(=O)NCC1CCC(CNC(=O)c2cc(-c3ccccc3)nc3ccccc23)CC1,0.0009999999999998
1161,COCCC(CC1(C(=O)NC2(CO)Cc3ccccc3C2)CCCC1)C(=O)O,0.2279999999999999
1162,C=CC1CC1(NC(=O)C1CC2CN1C(=O)C(C(C)(C)C)NC(=O)OC1CC1CCCCCc1nc3ccc(OC)cc3nc1O2)C(=O)NS(=O)(=O)C1CC1,0.012
1163,COC(=O)c1ccc(-c2ccc(OC3OC(CO)C(O)C(O)C3O)cc2)cc1,0.0699999999999999
1164,CC(C)N=C(O)C1CCC(n2c(N=C(O)c3cc(F)cc(F)c3)nc3ccc(CN4CCC(C(C)(C)O)CC4)cc32)CC1,0.037
1165,O=C1c2ncc(COc3ccccc3)cc2CCN1c1ccc(F)cc1,0.0959999999999999
1166,CNC(=O)c1cc(Oc2ccc3nc(NC4CCCCC4O)sc3c2)ccn1,0.0339999999999999
1167,O=C(O)CCC(=O)c1ccc(-c2ccccc2)cc1,0.0192857142857142
1168,O=C1C(O)=C(C(O)=NCc2ccc(F)cc2)CN1Cc1ccccn1,0.01
1169,O=C(OC1C[N+]2(CCCc3ccncc3)CCC1CC2)C1(c2cccs2)CCCCCC1,0.06
1170,COc1ccc2ncc(=O)n(CCN3CCC(NCc4cc5c(cn4)OCCO5)C(O)C3)c2c1,0.17
1171,CS(=O)(=O)Cc1ccc2ccn(-c3cc(NC4CC4)n4ncc(C#N)c4n3)c2c1,0.018
1172,OCC1OC(Oc2ccc(N3CCc4ccccc43)cc2)C(O)C(O)C1O,0.03
1173,CCN(CC)CCNC(=O)c1cc(Br)c(N)cc1OC,0.6000000066666668
1174,C=CC(=O)Nc1cc(Nc2ncc(Cl)c(-c3c[nH]c4ccccc34)n2)c(OC)cc1N(C)CCN(C)C,0.0359999999999999
1175,Cc1n[nH]c(C)c1N=C(O)OCC(Oc1cccc2sc(C(=N)N)cc12)c1ccccc1,0.05
1176,O=C1Nc2ccc(Cl)cc2C(C#Cc2ccccn2)(C2CC2)N1,1.0
1177,Cc1sc2ncnc(N3CCC(C(=O)Nc4ccc(S(N)(=O)=O)cc4)CC3)c2c1C,0.002
1178,Clc1nc(Cl)nc(Nc2ccccc2Cl)n1,0.0025
1179,CN(C)C(=O)Cn1c(-c2ccoc2)c(C2CCCCC2)c2ccc(C(=O)NS(=O)(=O)CC(=O)O)cc21,0.01
1180,Cn1c(-c2cc(=O)c(O)c[nH]2)nn(S(=O)(=O)NC(=O)N2CC(NC(=O)C(=NOC(C)(C)C(=O)O)c3csc(N)n3)C2=O)c1=O,0.05
1181,Cc1[nH]c(C(O)=NC2CCN(c3ncc(C(=O)O)s3)CC2C)c(Cl)c1Cl,0.023
1182,COc1cc2ccc(Br)cc2cc1C(c1ccccc1)C(O)(CCN(C)C)c1cccc2ccsc12,0.0
1183,Cn1cnc(S(=O)(=O)N2CC3C(C2)C3(CN=C(O)c2c(Cl)cccc2Cl)CC2CC2)c1,0.0799999999999999
1184,COc1cc(-c2cn(C)c(=O)c3cnccc23)c(OC)cc1CN(C)C,0.5800000000000001
1185,O=c1[nH]c2ccc(S(=O)CCN3CCC(Cc4ccc(F)cc4)CC3)cc2o1,0.0385
1186,COc1ccc(CNC(=O)c2cc(-c3cc(Cl)cc(Cl)c3)cnc2-c2cccnc2)cc1OC,0.032
1187,C[N+]1(CC2CC2)CCC23c4c5ccc(O)c4OC2C(=O)CCC3(O)C1C5,0.87
1188,Cc1cc(C2CCN(C(=O)C3CN(C(C)(C)C)CC3c3ccc(F)cc3F)CC2)n(-c2cc(Cl)ccc2Cl)n1,0.1099999999999999
1189,N#Cc1cccc(Cl)c1-c1ccc(N2CCOc3ncnc(N)c3C2=O)cc1,0.2059999999999999
1190,CNC(=O)c1cc2c(Oc3ccc(I)cc3)cncc2s1,0.002
1191,COc1cc(OC)nc(NC(=O)NS(=O)(=O)c2ncccc2C(=O)N(C)C)n1,0.0947
1192,CC(C(=O)OC1C[N+]2(CC(=O)Nc3cccc(F)c3)CCC1CC2)(c1ccccc1)N1CCCCC1,0.004
1193,N#CNC(=NCCCCCCOc1ccc(Cl)cc1)Nc1ccncc1,0.005
1194,CC(C)OCC1(C(=O)c2ccc(N)c(Cl)c2)CCCN1,0.39
1195,N#Cc1ccc(OCCCN2CCC(C(O)(c3ccccn3)c3nccs3)CC2)cc1,0.062
1196,CCCCOC(=O)C(C)Oc1ccc(Oc2ccc(C(F)(F)F)cn2)cc1,0.005
1197,CC(C)C1SC(Nc2ccccc2C(F)(F)F)=NC1=O,0.002
1198,Cc1noc2c1-c1sc(C)c(C)c1C(c1ccc(C#N)cc1)=NC2CC(=N)O,0.0409999999999999
1199,Cn1c(C(C)(C)C)nc(C(O)=NCc2ccc(F)cc2C(O)=NCC(F)(F)F)c(O)c1=O,0.01
1200,c1ccc2c3c([nH]c2c1)CNCC3,0.1
1201,NC(=O)C1=C(O)CC2CC3Cc4cccc(O)c4C(=O)C3=C(O)C2(O)C1=O,0.05
1202,O=C(O)C1(Sc2ccnc3ccccc23)CCC1,0.002
1203,O=C1N=C(Nc2cccc(C(F)(F)F)c2)SC1=Cc1cccnc1,0.0579999999999999
1204,CN(C)C(=S)SSC(=S)N(C)C,3.86e-08
1205,CC12CCC(=O)C=C1CCC1C2C(O)CC2(C=O)C(C(=O)CO)CCC12,0.5021
1206,N=C(N)NCCCCC1NC(=O)CCSSCC(C(N)=O)NC(=O)C2CCCN2C(=O)C(Cc2c[nH]c3ccccc23)NC(=O)C(CC(=O)O)NC(=O)CNC1=O,0.75
1207,CC1CCCN1CCCOc1ccc(-c2cnn(-c3ccccn3)c(=O)c2)cc1,0.56
1208,Cn1ncc(-c2nn(C)c3ncnc(N4CCC4)c23)c1-c1ccc(C(F)(F)F)cc1,0.2299999999999999
1209,CCN=C(O)Nc1nc2cc(-c3cncc(OC)c3)c(=O)n(C(C)C)c2s1,0.0799999999999999
1210,COc1cc2c(cc1OC)CN(CCc1ccc(NC(=O)c3cccc4c(O)c5cccc(OC)c5nc34)cc1)CC2,0.0287499999999998
1211,CC(OC1OCCN(CC2=NC(=O)N=N2)C1c1ccc(F)cc1)c1cc(C(F)(F)F)cc(C(F)(F)F)c1,0.05
1212,CCCC(CCO)Nc1nc(N)nc2c(F)cccc12,0.3999999999999999
1213,Cc1noc(C)c1S(=O)(=O)N=c1c(N2CCN(Cc3ccc(C#N)cc3)CC2)c(O)c1=O,0.029
1214,O=C1C=CC=CC1=C1NC(=C2C=CC=CC2=O)N(c2ccc(C(=O)O)cc2)N1,0.01
1215,CNCCCC12CCC(c3ccccc31)c1ccccc12,0.1126249999999999
1216,O=c1c(C2=Nc3ccccc3S(=O)(=O)N2)c(O)c2cc(F)ccc2n1CCC1CC1,0.0009999999999998
1217,CC(C)NCC(O)COC1=CC=CC2=NC=CC12,0.6
1218,CS(=O)(=O)c1ccc(C(=O)C2C(=O)CCCC2=O)c([N+](=O)[O-])c1,0.35495
1219,CN(C)CCN(C)C1COc2ccccc2-c2c(C3CCCCC3)c3ccc(C(=O)O)cc3n2C1,0.0299999999999999
1220,O=C(O)c1cn(-c2ccc(C(F)(F)F)cc2)c2cc(N3CCNCC3)c(F)cc2c1=O,0.5799999933333333
1221,CC(C(=O)OC1C[N+]2(CC(=O)Nc3cccc(F)c3)CCC1CC2)(c1cccs1)N1CCCCC1,0.008
1222,CC(C)Cc1ccc(C(C)C(=O)NCCCN(C)C)cc1,0.2497333333333333
1223,NS(=O)(=O)c1ccc(OCCCN2CCC(C(O)(c3ccccn3)c3nccs3)CC2)cc1,0.267
1224,N#Cc1ccc2c(c1)CN(S(=O)(=O)c1cccs1)C(Cc1ccccc1)CN2Cc1cnc[nH]1,0.01
1225,Cc1cc2oc(=O)cc(-c3ccccc3)c2c(C)c1-c1ccncc1,0.012
1226,COc1ccnc(Oc2ccc3c(c2)c(=O)ncn3Cc2c(F)cc(F)cc2F)c1C(F)(F)F,0.005
1227,CNC1CN(c2nc(=N)[nH]c3c2CCCc2ccccc2-3)C1,0.52
1228,COc1ccc(C(N)C(=O)NC2C(=O)N3C2SC(C)(C)C3C(=O)O)cc1,0.62
1229,COc1ccc2c(OC3CC4C(O)=NC5(C(=O)O)CC5C=CCCCCCC(N=C(O)OC5CCCC5)C(=O)N4C3)cc(-c3csc(=NC(C)C)[nH]3)nc2c1,0.009
1230,Cc1nc(N)c2nnn(CC3CN(Cc4nccs4)CCO3)c2n1,0.4599999999999999
1231,CC1(C)C(NC(=O)C(=NOC(c2cc(=O)c(O)cn2O)C2CC2)c2csc(N)n2)C(=O)N1OS(=O)(=O)O,0.0039
1232,CC1Oc2cc(cnc2N)-c2c(nn(C)c2C#N)CN(C)C(=O)c2ccc(F)cc21,0.3399999999999999
1233,COc1ccc(N(Cc2cnccc2C)C2CCN(C(C)CCN=C(O)c3c(C)cc(C(=O)NC(C)C)nc3C)CC2)cc1,0.1099999999999999
1234,CCC(C)(C)c1cc(O)c(C(C)(C)CC)cc1O,0.0166
1235,CC(CO)CON=C(O)c1ncc2cncn2c1Nc1ccc(I)cc1F,0.14
1236,CC(O)C1C(=O)N2C(C(=O)O)=C(SCCOC(N)=O)SC12,0.3496666633333333
1237,Cc1ccsc1C(=CCCN1CCCC(C(=O)O)C1)c1sccc1C,0.0394583330833332
1238,CC(CCc1ccccc1)NCC(O)c1ccc(O)c(C(N)=O)c1,0.5
1239,CCOP(=S)(Oc1cnc(C(C)(C)C)nc1)OC(C)C,0.0025
1240,CC1C(N=C(O)C(=NOC(C)(C)C(=O)O)c2csc(=N)[nH]2)C(=O)N1C(O)=NS(=O)(=O)N1CC(N=C(O)C(CC(=O)O)N=C(O)c2cc(=O)c(O)cn2O)CC1=O,0.43
1241,Cn1nc(-c2cnc3[nH]cc(C(O)=NC4(C)CC(N)C4)c3n2)c2ccc(F)cc21,0.0799999999999999
1242,O=C(CC1C(=O)Nc2ccccc2N1S(=O)(=O)c1ccc(Cl)c(Cl)c1)NCCc1ccc(-n2cnnc2)cc1,0.175
1243,CCN(CC)CCCC(C)N=C1c2ccc(Cl)cc2NC2C=CC(OC)=CC12,0.0999999999999999
1244,Cc1ccccc1-c1cc(N2CCN(C)CC2)ncc1N(C)C(=O)C(C)(C)c1cc(C(F)(F)F)cc(C(F)(F)F)c1,0.004
1245,CSC1=NC2=CC(Oc3cccc(Cl)c3Cl)=C(Cl)CC2=N1,0.0329999999999999
1246,CC(C)(O)c1ccc(-c2nc(-c3ccc(F)cc3)oc2Sc2ccc(Cl)cn2)cn1,0.0159999999999999
1247,CC(C)(ON=C(C(=O)NC1C(=O)N(S(=O)(=O)O)C1CNC(=O)OCc1cc(=O)c(O)cn1O)c1csc(N)n1)C(=O)O,0.51
1248,O=C1N(c2ccc(F)cc2)CCc2nc(COc3ccccc3)cn21,0.0969999999999999
1249,COc1ncc(OC)c2c(C(=O)C(=O)N3CCN(C(=O)c4ccccc4)CC3)c[nH]c12,0.05
1250,Cn1c(=O)c(Oc2ccc(F)cc2F)cc2cnc(NC3CCOCC3)nc21,0.0459999999999999
1251,CC1(C(=O)Nc2ccc(O)c(Cl)c2Cl)CCCCC1,0.05705
1252,COC1(NC(=O)C(C(=O)O)c2ccsc2)C(=O)N2C(C(=O)O)C(C)(C)SC21,0.1999999999999999
1253,Nc1ccccc1C(=O)Oc1ccc2ccccc2c1,0.00653
1254,CC12C=CC(=O)C=C1CCC1C2C(O)CC2(C)C1CC1OC(C3CCCCC3)OC12C(=O)CO,0.01
1255,OCc1cc(C(O)CNCCCCCCOCCOCc2c(Cl)cccc2Cl)ccc1O,0.0603333333333332
1256,CC(Oc1cc(-n2cnc3ccc(OC4CCCN(C)CC4)cc32)sc1C(N)=O)c1ccccc1Cl,0.02
1257,CN(C)C1C(=O)C(C(=O)NCN2CCCC2)=C(O)C2(O)C(O)=C3C(=O)c4c(O)cccc4C(C)(O)C3CC12,0.5
1258,CC(c1nc(-c2ccc(C#N)cc2)cs1)C(O)(Cn1cncn1)c1cc(F)ccc1F,0.01
1259,CCc1nc(Cl)c2n1CCN(C(C(=O)NC)c1ccccc1)C2CCc1ccc(C(F)(F)F)cc1,0.01
1260,Cc1nc2sccn2c(=O)c1CCN1CCC(=C(c2ccc(F)cc2)c2ccc(F)cc2)CC1,0.01
1261,COC(=O)c1ccc(-c2cc(Cl)c(OC3OC(CO)C(O)C(O)C3O)c(Cl)c2)cc1,0.02
1262,N#Cc1ccc2ccc(=O)n(CCN3CCC(NCc4cc5c(cn4)OCCO5)CC3)c2c1,0.28
1263,CC1(CS(=O)(=O)N2CCC(Oc3ccc(OC(F)(F)C(F)F)cc3)CC2)N=C(O)N=C1O,0.05
1264,CC(=O)Nc1cc(Nc2cc(NC3COC3)n3ncc(C#N)c3n2)c(F)cc1C,0.26
1265,Cc1nn(C)c2cc(Nc3n[nH]c4cccnc34)ccc12,0.0579999999999999
1266,Cc1ccc(-n2nccn2)c(C(=O)N2CC(C#Cc3ccc(F)cn3)CCC2C)c1,0.009
1267,CCC1OC2(CCC1C)CC1CC(CC=C(C)CC(C)C=CC=C3COC4C(O)C(C)=CC(C(=O)O1)C34O)O2,0.005
1268,CCOC(=O)N1CCN(C(=O)C(CCC(=O)O)NC(=O)c2cc(NC3CCOC3)nc(-c3ccccc3)n2)CC1,0.0849999999999999
1269,CC(=O)N(c1onc(C)c1C)S(=O)(=O)c1ccc(N)cc1,0.15
1270,COP(=S)(OC)Oc1ccc([N+](=O)[O-])cc1,0.0280749999999999
1271,Cc1ccccc1C(=O)Nc1cc(C#Cc2ccccc2)ccn1,0.017
1272,CC(N)(Cc1ccc(O)c(O)c1)C(=O)O,0.8575892857142857
1273,CC(=O)N1C2C=C(CN3C4CCC3CC(N=c3ccc5ccc(C(F)(F)F)cc5[nH]3)C4)CC1CCC2,0.0159999999999999
1274,Nc1ccc(-c2ccc(Cn3cc(C(=O)O)c(=O)c4cccc(F)c43)cc2)cn1,0.047
1275,Cc1cc(Cl)nc(C)c1C(O)=NCCC(C)N1CCC(N(Cc2ccsc2)C(O)=NO)CC1,0.4
1276,OC(=NC1CCCC(N=C(O)c2ccccn2)C1)c1cccc(Cl)c1,0.0649999999999999
1277,Cn1cnc(S(=O)(=O)N2CC3C(C2)C3(CN=C(O)c2ccccc2C(F)(F)F)CC2CC2)c1,0.0699999999999999
1278,Cc1ccc(S(=O)(=O)NC(=O)NN2CC3CCCC3C2)cc1,0.0700000013333332
1279,COP(=O)(OC)OC,0.8835
1280,Cn1cnc(S(=O)(=O)N2CC3C(C2)C3(CNC(=O)c2c(Cl)cccc2Cl)CC2CC2)c1,0.0799999999999999
1281,CC(C)(C)NCC(O)COc1ccccc1C1CCCC1,0.0700000003333333
1282,CC(C)OP(C)(=O)OC(C)C,0.972725
1283,CNC1CCN(c2nc(N)nc3c2oc2ncc(Cl)cc23)C1,0.43
1284,CC(C)=CCCC(C)(OC1OC(CO)C(O)C(O)C1O)C1CCC2(C)C1C(O)CC1C3(C)CCC(O)C(C)(C)C3C(OC3OC(CO)C(O)C(O)C3OC3OCC(O)C(O)C3O)CC12C,0.69
1285,COc1ccc2c(CN3CCOC(COc4ccccc4)C3)c[nH]c2c1,0.037
1286,CN1CCN(CCCN2c3ccccc3Sc3ccccc32)CC1,0.0500000003333333
1287,Cc1oc(=O)oc1COC(=O)N1CCC(N2CCC(=CC3=C(C(=O)O)N4C(=O)C(N=C(O)C(=NO)c5nc(=N)s[nH]5)C4SC3)C2=O)C1,0.84
1288,Cc1onc(-c2c(F)cccc2Cl)c1C(O)=NC1C(=O)N2C1SC(C)(C)C2C(=O)O,0.054
1289,COC1CN(c2nc(-c3csc(=N)[nH]3)c(C(=O)O)s2)CCC1N=C(O)c1[nH]c(C)c(Cl)c1Cl,0.01
1290,CN1CCN(C(O)=Nc2cccc(-c3ccc4c(c3)sc3c(=N)[nH]cnc34)c2)CC1,0.037
1291,O=C1OC2(c3ccc(O)cc3Oc3cc(OC4OC(C(=O)O)C(O)C(O)C4O)ccc32)c2ccccc21,0.34
1292,CCOC(=O)N1CCN(C(=O)C(CCC(=O)O)NC(=O)c2cc(CCCO)nc(-c3ccccc3)n2)CC1,0.128
1293,CN(C)C1C(=O)C(C(N)=O)=C(O)C2(O)C(=O)C3=C(O)c4c(O)ccc(Cl)c4C(O)C3CC12,0.4961111144444444
1294,O=C1CCCCCN1,0.7609999999999999
1295,CC(=O)Nc1ccc2ccn(-c3cc(NCCCN(C)C)n4ncc(C#N)c4n3)c2c1,0.0999999999999999
1296,CC(NS(=O)(=O)C1CC1)C(Oc1ccc2c(cnn2-c2ccc(F)cc2)c1)c1ccc(S(C)(=O)=O)cc1,0.0159999999999999
1297,N=C(O)C1C(c2ccccc2)CCN1C(=O)C(N)Cc1ccccc1,0.6
1298,COc1ccc(CCN(C)CCCN2Cc3cc(OC)c(OC)cc3C2=O)cc1OC,0.12
1299,COc1ccc(C(C)C(=O)NC2C(=O)N3C2SC(C)(C)C3C(=O)O)cc1,0.62
1300,CC(C)CNCc1c(C(O)=NC2CCCC(O)C2)noc1-c1ccc(C(F)(F)F)cc1,0.177
1301,O=C(C(c1ccc(Cl)cc1)c1cccnc1)N1CCN(c2ccc(C(F)(F)F)cc2)CC1,0.025
1302,O=C(C[S+]([O-])C(c1ccccc1)c1ccccc1)NO,0.1999999999999999
1303,Cc1onc(-c2c(F)cccc2Cl)c1C(=O)NC1C(=O)N2C1SC(C)(C)C2C(=O)O,0.0477083336666666
1304,COC(=O)C(c1ccccc1)C1CCCCN1,0.8318981448148149
1305,CC(=O)Nc1ccc(C=NNC(N)=S)cc1,0.0500000003333333
1306,CC(=O)NC1C(N=C(N)N)C=C(C(=O)O)OC1C(O)C(O)CO,0.8841666666666665
1307,COc1ccc(-c2ccc(Cn3cc(C(=O)O)c(=O)c4cccc(F)c43)cc2)cn1,0.007
1308,c1ccc2c(c1)Nc1ccccc1S2,0.0043
1309,CC(=O)NCCNc1nonc1C(=NO)Nc1ccc(F)c(Br)c1,0.044
1310,Cc1ncc(Oc2ccc(Cl)cc2)c2cc(C(N)=O)sc12,0.007
1311,COCC(NC(C)=O)C(=O)NCc1ccccc1,0.85
1312,Clc1cccc(C(Cl)(Cl)Cl)n1,0.00250002905
1313,CCC(C(O)=NC(C=CC(=O)OCc1ccccc1)CC1CCN=C1O)n1cccc(NC(=O)c2cc(C)on2)c1=O,0.92
1314,NC(=O)C1CSSCCC(=O)NC(CCCCN=C(N)N)C(=O)NCC(=O)NC(CC(=O)O)C(=O)NC(Cc2c[nH]c3ccccc23)C(=O)N2CCCC2C(=O)N1,0.75
1315,O=C(Nc1ccc(C(F)(F)F)cc1)NC1CCN(C(=O)C2CC2)CC1,0.049
1316,CC(C)(Oc1ccc(C(=O)c2ccc(Cl)cc2)cc1)C(=O)O,0.01
1317,CN(C)CCOC1(c2ccccc2)CC2CCC1(C)C2(C)C,0.05
1318,COc1ccc(-c2ccc(S(=O)(=O)NC(C(=O)O)C3CCCCC3)cc2)cc1,0.003
1319,O=C(C=Cc1ccc(O)c(O)c1C=Cc1ccc(O)c(O)c1)OC(Cc1ccc(O)c(O)c1)C(=O)O,0.0
1320,CC(C)Oc1cc(-n2nc(C(C)(C)C)oc2=O)c(Cl)cc1Cl,0.00432
1321,CCc1nc2c(C)nc(C)cc2n1-c1ccc(CCNC(=O)NS(=O)(=O)c2ccc(C)cc2)cc1,0.05
1322,COC(=O)c1ccc(-c2ccc(OC3OC(CO)C(O)C(O)C3O)c(Cl)c2)cc1,0.06
1323,Cc1cn(C2CCCN(C(CC(C)(C)C)c3ccc(C(=O)O)c(Oc4cccc(Br)c4)c3)C2)c(=O)[nH]c1=O,0.032
1324,COc1ccc(C23c4ccccc4C(=O)N2CCN3C(=O)c2ccc(F)c(F)c2)cc1,0.037
1325,CN(C)C1C(=O)C(C(N)=O)=C(O)C2(O)C(=O)C3=C(O)c4c(O)cccc4C(C)(O)C3CC12,0.565
1326,CCc1cnc(Oc2ccc(NC(=O)c3ncccc3N)cc2Cl)nc1,0.004
1327,CCC1=C(C)CN(C(=O)NCCc2ccc(S(=O)(=O)NC(=O)NC3CCC(C)CC3)cc2)C1=O,0.0066666666666666
1328,COC(=O)c1ccc(NC(=O)NC23CC4CC(CC(C4)C2)C3)cc1O,0.0309999999999999
1329,CC(C)(CO)NC(=O)c1c[nH]c2ncc(-c3nn(CCCS(C)(=O)=O)c4cc(F)ccc34)nc12,0.0649999999999999
1330,CC(C)Oc1cc(-n2cnc3ccc(NC(C)c4ccc(F)cn4)nc32)n[nH]1,0.06
1331,OC1=NC(c2ccccc2)CC(O)=C1Sc1ccccc1Cl,0.003
1332,COc1cc2c(cc1OC)C13CCN4CC5=CCOC6CC(=O)N2C1C6C5CC43,0.3399999999999999
1333,COC(=O)Nc1ccc2c(c1)NC(=O)CCCCCC(NC(=O)C=Cc1cc(Cl)ccc1-n1cnnn1)c1nc-2c[nH]1,0.0379999999999999
1334,Clc1ccc(CN2CCOC(CCc3ccccc3)C2)cc1,0.012
1335,COc1cccc(OC)c1C(=O)C=Cc1ccco1,0.06
1336,O=C(C1CC2CCC1C2)N1CC(c2nc(-c3cccc(F)c3)no2)C1,0.0069999999999999
1337,Cc1ccccc1C#Cc1ccc(CCC(=O)O)cc1,0.023
1338,CC(C)(Oc1ccccc1)C(=O)NC1C(=O)N2C1SC(C)(C)C2C(=O)O,0.0783333326666666
1339,CC1C(N=C(O)C(=NOC(C)(C)C(=O)O)c2csc(=N)[nH]2)C(=O)N1C(O)=NS(=O)(=O)N1CC(N=C(O)C(CC(=O)O)N=C(O)c2cc(=O)c(O)c[nH]2)CC1=O,0.14
1340,CC(C(=O)OC1C[N+]2(CC(=O)Nc3ccccn3)CCC1CC2)(c1ccccc1)N1CCCCC1,0.1169999999999999
1341,CCCc1cc(I)cc(CNCCCN(C)C)c1O,0.841
1342,Cn1c(-c2ccccc2)cc(-c2ccccc2)[n+]1C,0.851
1343,COc1ccc(S(=O)(=O)N2CCCC2C(=O)Nc2cc(C)cc(C)c2)cc1,0.007
1344,CCC(C)(C)C(=O)OC1CC(C)C=C2C=CC(C)C(CCC(O)CC(O)CC(=O)O)C21,0.05
1345,COc1ccc(Nc2ncc(CN3CCN(S(C)(=O)=O)CC3)cc2-c2nc(C)[nH]c(=N)n2)cn1,0.1729999999999999
1346,N#Cc1cccc(C(O)=NC2CCCC(N=C(O)c3ccccn3)C2)c1,0.157
1347,CCCOCCn1c(=O)c(NCCNCCO)nc2cnc(-c3ccc(OC)nc3)cc21,0.2
1348,COc1cc2nnc(C(=N)O)c(Nc3cc(C)ccc3F)c2cc1N1CCN(C)CC1,0.0709999999999999
1349,CCOc1ccc2cc(-c3nn(C(C)(C)C)c(N)c3C(N)=O)cnc2c1,0.5700000000000001
1350,Cc1c(Cn2c(C)nc(=O)c3sc(N4CCOCC4)nc32)cccc1C(F)(F)F,0.137
1351,O=C(O)c1cn(Cc2ccc(-c3ccc4[nH]ccc4c3)cn2)c2c(F)cccc2c1=O,0.002
1352,CC(C)C(CO)NCc1c(C(=O)NC2CCCC(O)C2)noc1-c1ccc(C(F)(F)F)cc1,0.2559999999999999
1353,CCCCCN=C(N)NNC=C1C=Nc2ccc(OC)cc21,0.02
1354,Cc1nc(C)c(-c2ccc(-c3ccc(CC(=O)O)cc3Cl)c(Cl)c2)nc1C(=N)O,0.003
1355,COC(=O)c1ccccc1S(=O)(=O)NC(=O)Nc1nc(C)nc(OC)n1,0.0859999999999999
1356,CCNC(=O)Nc1ccc(-c2nc3c(c(N4CCOCC4C)n2)C2CCC(C3)N2C)cc1,0.7150000000000001
1357,Cc1cc(CCC[N+]23CCC(CC2)C(OC(=O)C(C)(c2ccccc2)N2CCCCC2)C3)ccn1,0.769
1358,C=CCN1CCCC1CNC(=O)c1cc2n[nH]nc2cc1OC,0.97
1359,COc1ccccc1O,0.569
1360,Cc1cc(-c2cnc(C(C)Nc3nccc(N4C(=O)OCC4C(C)C)n3)nc2)ccc1F,0.02
1361,CNc1ncc2cc(-c3cc(C(=O)Nc4cccc(C(F)(F)F)c4)ccc3C)ccc2n1,0.0379999999999999
1362,CC(NC(=NC#N)Nc1ccncc1)C(C)(C)C,0.6
1363,O=C(C[N+]12CCC(CC1)C(OC(=O)C1(C3=CC=CC3)CCCCCC1)C2)Nc1ccc(Cl)nn1,0.04
1364,CCN(C(=O)Cc1ccc(S(C)(=O)=O)cc1)C1CCN(CCC(c2ccc(S(C)(=O)=O)cc2)c2cc(F)cc(F)c2)CC1,0.18
1365,NC(=O)Nc1sc(-c2ccccc2)cc1C(=O)NC1CCCNC1,0.077
1366,COc1cc(NCc2ccc3[nH+]c(N)nc(N)c3c2C)cc(OC)c1OC,0.05
1367,CCNC(=O)Nc1ccc(-c2nc(N3CCOCC3C)c3c(n2)C(C)(C)OC3)cc1,0.14
1368,CCC1CC1(N=C(O)C1CC(Oc2cc(-c3csc(=NC(C)C)[nH]3)nc3c(Cl)c(OCCN4CCOCC4)ccc23)CN1C(=O)C(N=C(O)OC1CC2CC2C1)C(C)(C)C)C(=O)O,0.026
1369,CC(=O)N1C2C=C(CN3C4CCC3CC(Nc3ccc5cc(C(F)(F)F)ccc5n3)C4)CC1CCC2,0.0159999999999999
1370,C=C(C)C1CCC2=CC(=O)CC(C)C2(C)C1,8.72e-08
1371,Cc1ccc(NC(=O)c2cccc(N3CCOCC3)c2)cc1NC(=O)c1ccc(OCc2cscn2)cc1,0.02
1372,CCN(CC)CCOC(=O)C(Cc1cccc2ccccc12)CC1CCCO1,0.1333333333333332
1373,Cc1csc(C(=O)NC2CCC(NC(=O)c3cc(F)cnc3Oc3cccc(-c4ccc(CN5CC(C)NC(C)C5)cc4CN4CCOCC4)c3)CC2)n1,0.045
1374,N#CC1(c2cccnc2)CCN(Cc2cc(C(=O)O)c(=O)n3ccccc23)CC1,0.361
1375,CC1CC2C3CCC4=CC(=O)C=CC4(C)C3(Cl)C(O)CC2(C)C1(OC(=O)c1ccco1)C(=O)CCl,0.0125
1376,CC(C)Cn1c2ccc(Nc3ncccn3)cc2c2c3c(c4c(c21)CCc1nn(C)cc1-4)C(=O)NC3,0.05
1377,O=C(NCCO)c1cccc(-c2ccc(Cn3cc(C(=O)O)c(=O)c4cccc(F)c43)cc2)c1,0.024
1378,CNCCN1CCCc2cc(N=C(N)c3cccs3)ccc21,0.6
1379,CON=C(C(=O)NC1C(=O)N2C(C(=O)O)=C(C[n+]3ccn4ncccc43)CSC12)c1nsc(N)n1,0.6920000000000001
1380,Cc1ccnc(N=C(O)C[N+]23CCC(CC2)C(OC(=O)C2(C4=CC=CC4)CCCCCC2)C3)c1,0.018
1381,OCCN1CCN(CCCN2c3ccccc3Sc3ccc(C(F)(F)F)cc32)CC1,0.0495555558888889
1382,CC1(C)Cc2c(sc(NC(=O)Nc3ccc(Cl)cc3)c2C(N)=O)C(C)(C)N1,0.035
1383,Cn1cnc(S(=O)(=O)N2CC3C(C2)C3(CN=C(O)c2ccccc2C(F)(F)F)c2ccccn2)c1,0.0759999999999999
1384,COCCNC(=O)c1ccc(Nc2ncc3cc(-c4ccncc4)ccc3n2)cc1,0.017
1385,O=C1CC(=O)NC(=O)N1,0.9135
1386,O=C(Cl)C(F)(F)C(F)(F)C(F)(F)F,0.067
1387,CC(=O)N1C2C=C(CN3CCC(Nc4ccc5ccc(C(F)(F)F)cc5n4)CC3)CC1CCC2,0.027
1388,CC1(C)CCCC1Nc1c(C(N)=O)cnn2cccc12,0.019
1389,CC(C)(C)c1cc(NC(=O)NC23CC4CC(CC(C4)C2)C3)no1,0.002
1390,NC(=O)c1ccccc1,0.8538
1391,N#Cc1cccc(NC(=O)N2CCC3(CC2)C(=O)N(c2cccc(Cl)c2)C3c2ccccn2)c1,0.013
1392,Nc1ncnc2c1C(=O)N(c1ccc(-c3ccc(CC(=O)O)cc3Cl)cc1)CCO2,0.0559999999999999
1393,Cc1nn(C2CCOCC2)c(NS(=O)(=O)c2ccc(C3CC3)cc2)c1C(O)=NC(C)C(C)(C)C,0.0749999999999999
1394,CC(C)CN(Cc1ccc(-c2ccc(S(C)(=O)=O)cc2)cc1)S(=O)(=O)Cc1ccccc1,0.01
1395,C=CCl,0.5054000000000001
1396,CC1COCCN1c1cc(C2(S(C)(=N)=O)CC2)nc(-c2ccnc3[nH]ccc23)n1,0.26
1397,CCNC1CC(N)C(OC2OC(CN)=CCC2N)C(O)C1OC1OCC(C)(O)C(NC)C1O,0.9615051553968254
1398,Cc1cn2cc(NC(=O)c3ccc(N4CCNC(C)C4)cc3F)nc2c(C)n1,0.1859999999999999
1399,NC(=O)c1nn(CC(=O)N2C(C(=O)Nc3cccc(Br)n3)CC3CC32)c2ccccc12,0.0799999999999999
1400,O=C(Nc1cnn2ccc(N3CCCC3c3cc(F)ccc3F)nc12)N1CCC(O)C1,0.3
1401,CN1CC(Cn2nc(-c3cnc4[nH]cc(C(=O)NC(C)(C)C)c4n3)c3cc(OC(F)F)ccc32)C1,0.0109999999999998
1402,CC1(c2cc(F)cc(F)c2)CNC2(CCCC2)C(=O)N1CC(=O)Nc1ccc2c(c1)CC1(C2)C(O)=Nc2ncccc21,0.1059999999999999
1403,COCCCOc1cc(CC(CC(N)C(O)CC(C(=O)NCC(C)(C)C(N)=O)C(C)C)C(C)C)ccc1OC,0.51
1404,CCOC(=O)C(CCc1ccccc1)NC1CSC(c2cccs2)CN(CC(=O)O)C1=O,0.005
1405,Cc1ccc(C(=O)NC2CC2)cc1-n1cnc2ccc(N3CCN(C)CC3)cc2c1=O,0.643
1406,Cc1ccccc1C(=O)Nc1cc(Cl)ccn1,0.134
1407,CNC(C)C(O)=NC1CCCC2CC3CCN(CCc4ccccc4C)CC3N2C1=O,0.48
1408,c1ccc2c(c1)sc1ccccc12,0.0162999999999999
1409,CC1=CC2=CC(C)CC23OC(=C(C)C3=O)CC(C)(C)C=CC1=O,0.26
1410,O=C(O)C=C1CN(C(C(=O)C2CC2)c2ccccc2F)CCC1S,0.02
1411,CN1CCC(S(=O)(=O)c2c(Cl)ccc(NC(=O)Nc3cccc(Cl)c3Cl)c2O)C1,0.0001999999999999
1412,COc1ccc(C2(C#N)CCC(C(=O)O)CC2)cc1OC1CCCC1,0.008
1413,COc1ccc(S(=O)(=O)Nc2cc(Cl)cc(Cl)c2OC)cc1N1CCNCC1,0.01
1414,CCN=C(O)Nc1nc2cc(-c3cc(C)n(CC)c(=O)c3)c(=O)n(C(C)C)c2s1,0.0699999999999999
1415,CNCCc1ccccn1,0.9686666766666666
1416,CCNc1nc(Nc2cc(F)c(C(=O)N3CCOCC3)cc2OC)ncc1C(F)(F)F,0.055
1417,COC(=O)c1cnc2n1CCc1ccccc1C2=C1CCN(CCc2ccc(OCc3ccc4ccccc4n3)cc2)CC1,0.001
1418,CN(C)C1C(=O)C(C(=O)NCNCCCCC(N)C(=O)O)=C(O)C2(O)C(=O)C3=C(O)c4c(O)cccc4C(C)(O)C3CC12,0.55
1419,CCn1nc(-c2cccc3cccnc23)cc1-c1ccc(N)nn1,0.062
1420,O=C(O)C1CC(Oc2cccc(Cl)c2)CN1,0.0699999999999999
1421,CCCc1nc(C)c2c(=O)[nH]c(-c3cc(OCC)ccc3S(=O)(=O)N3CCN(CC)CC3)nn12,0.05
1422,CC1CN(Cc2ccc(CC(=O)N3CCC(Nc4cccc(F)c4)CC3)cc2)CCN1,0.17
1423,O=C1c2oc(-c3ccc(Cl)cc3)cc2Cc2cc(N3CCNCC3)ccc2N1Cc1ccccc1-c1cncnc1,0.0159999999999999
1424,O=C1CCc2ccc(OCCCCN3CCN(c4cccc(Cl)c4Cl)CC3)cc2N1,0.01
1425,CC1(C)C(NC(=O)C(=NOCc2cc(=O)c(O)cn2O)c2csc(N)n2)C(=O)N1OS(=O)(=O)O,0.0047
1426,CCNCc1cc(Nc2ccnc3cc(Cl)ccc23)ccc1O,0.14
1427,NC1=NCC2c3ccccc3Cc3ccccc3N12,0.36
1428,COc1cc(N2C(=O)N(c3ccc(-c4ccc(C(=O)O)cc4C)nc3)C(=O)C23CCN(Cc2ncccc2C)CC3)ncn1,0.013
1429,COc1ccc(CCNCC(O)COc2cccc(C)c2)cc1OC,0.0299999989999999
1430,CC(=O)N1CC(F)CC1c1nc(C(O)=NCc2ccc(F)cc2)c(O)c(=O)n1C,0.2099999999999999
1431,Cc1cnc(NC(O)=C2C(=O)c3ccccc3S(=O)(=O)N2C)s1,0.0044999999999999
1432,NC(=O)Cn1c(=O)cc(CCN2CCN(c3nccc4sccc34)CC2)c2ccc(F)cc21,0.0607
1433,CNC1(C)C2CCC(C2)C1(C)C,0.6
1434,CCC(=O)OC(Cc1ccccc1)(c1ccccc1)C(C)CN(C)C,0.2425132275132275
1435,CC=CCC(C)C(O)C1C(=O)NC(CC)C(=O)N(C)C(SCCN(C)C)C(=O)N(C)C(CC(C)(C)O)C(=O)NC(C(C)C)C(=O)N(C)C(CC(C)C)C(=O)NC(C)C(=O)NC(C)C(=O)N(C)C(CC(C)C)C(=O)N(C)C(CC(C)C)C(=O)N(C)C(C(C)C)C(=O)N1C,0.2299999999999999
1436,COC(=O)C(C)N=C(O)C(C)c1ccc(CC(C)C)cc1,0.64
1437,COC(=O)NC(C(=O)NC(Cc1ccc(-c2ccccn2)cc1)CC(O)C(Cc1ccccc1)NC(=O)C(N1CCN(Cc2ccccc2)C1=O)C(C)(C)C)C(C)(C)C,0.0034
1438,CCCCCCCC1CCC(=O)O1,0.0345
1439,CCC1OC(=O)C(C)C(OC2CC(C)(OC)C(O)C(C)O2)C(C)C(OC2OC(C)CC(N(C)C)C2O)C(C)(O)CC(C)C(N)C(C)C(O)C1(C)O,0.78
1440,Cc1nc(C(=O)N2CCOC3(CCN(Cc4ccc(Cl)cc4)CC3)C2)cs1,0.5700000000000001
1441,Cc1ccc(-c2nc3ccccc3[nH]2)cc1NC(=O)c1ccc(OCc2ccccn2)cc1,0.01
1442,O=C(O)Cn1cncc1[N+](=O)[O-],0.9592
1443,Nc1ncnc2c1ncn2CCOCP(=O)(O)O,0.9604166616666666
1444,COCCN1C(=O)C(NC(=O)c2cc3cc(Cl)sc3[nH]2)Cc2ccccc21,0.5
1445,COC(=O)c1ccc2c(ccn2-c2ccc(OC3OC(CO)C(O)C(O)C3O)c(Cl)c2)c1,0.01
1446,Cc1ccc(-c2cc(CN3CCSCC3)c(C)n2-c2ccc(F)cc2)cc1,0.0009999999999998
1447,Cc1cc2nnc(O)n2c2cc(-c3ccc[nH]3)ccc12,0.97
1448,CC(Oc1ccc(Cl)cc1)C(=O)NC1C(=O)N2C1SC(C)(C)C2C(=O)O,0.079999999
1449,CCc1nc2nc(C)cc(Nc3ccc(Cl)cc3)n2n1,0.139
1450,O=C1Cc2cc(Cn3cc(C(=O)O)c(=O)c4c(F)cccc43)ccc2N1,0.275
1451,CC(O)(Cc1ncc(CC2(C(F)(F)F)CC2)[nH]1)c1ccc(-n2cccn2)cc1,0.032
1452,NCc1cc(Oc2cccc(C(=O)Nc3ccccc3)c2)nc(C(F)(F)F)c1,0.04
1453,COc1ccc2c(c1)c(CN1CCN(C)CC1)cn2S(=O)(=O)c1ccccc1Br,0.02
1454,N#Cc1ccc(C=Cc2nc3ccccc3c(=O)n2-c2cccc(C(=O)O)c2)cc1,0.035
1455,CC(NC(=O)C1CCCCN1)c1ccc(Nc2ncc3cc(-c4ccncc4)ccc3n2)cc1,0.0509999999999999
1456,COc1cccc(-n2cc3nc(-c4cccnc4C)n(CC4CCCN(CC5CCCO5)C4)c(=O)c3n2)c1,0.3
1457,CCN=C(O)Nc1ccc(-c2nc(N3CCOCC3C)c3c(n2)C(C)(CC(C)(C)O)OC3)cc1,0.18
1458,N#Cc1ccc(OCCCN2CCC(C(O)(c3nccs3)C3CCCC3)CC2)cc1,0.1169999999999999
1459,N#Cc1ccc(N2CCN(Cc3cc(C(=O)NC4CCCCC4O)c(=O)n4ccccc34)CC2)cc1,0.0949999999999999
1460,O=C(O)COc1nc(Cl)c(Cl)cc1Cl,0.0220999999999999
1461,CC1CCCN1CCCOc1ccc(C2=NNC(=O)C(C)(C)C2)cc1,0.74
1462,CCN=C(O)Nc1nc2cc(-c3cc(C)n(CCOC)c(=O)c3)c(=O)n(C(C)C)c2s1,0.14
1463,CCCN(CCC)c1c([N+](=O)[O-])cc(S(N)(=O)=O)cc1[N+](=O)[O-],0.0049499999999999
1464,Cc1ncc([N+](=O)[O-])n1CC(C)O,0.95
1465,COc1ccc(CN2CCOC(COc3ccccc3)C2)cc1F,0.0309999999999999
1466,Cc1c(Cc2ccc(=O)n(Cc3cc(F)c(F)cc3F)n2)c2cc(F)ccc2n1CC(=O)O,0.02
1467,CS(=O)(=O)Nc1ccc(OCC(O)CNCCc2ccc(Cl)c(Cl)c2)cc1,0.02
1468,Cc1cc2c(c(Oc3cc(NS(=O)(=O)c4ccc(Cl)cc4)ccc3F)n1)C(=O)N(C(C)C)C2=O,0.01
1469,CCN=C(NS(=O)(=O)c1cccc(Cl)c1)N1CC2(C=N1)CCNCC2,0.3399999999999999
1470,Cc1cc2c(cc1CC(=O)c1sccc1S(=O)(=O)Nc1onc(C)c1Cl)OCO2,0.01
1471,Cc1cnc(NCCc2ccccn2)c(=O)n1CC(=O)NCc1cc(Cl)ccc1OCC(=O)NC1CC1,0.01
1472,Cc1cccc(Cl)c1C(=O)NC(Cc1ccc(NC(=O)c2c(Cl)cncc2Cl)cc1)C(=O)O,0.1
1473,CC(C)(ON=C(C(=O)NC1C(=O)N2C(C(=O)O)=C(C[n+]3ccccc3)CSC12)c1csc(N)n1)C(=O)O,0.83
1474,NC(=O)c1cc2c(Oc3ccc(OC(F)(F)F)cc3)cncc2s1,0.0209999999999999
1475,N#Cc1cccc(-c2ccc(N3CCOc4ncnc(N)c4C3=O)cc2)c1Cl,0.059
1476,CNC1CC2OC(C)(C1OC)[NH+]1c3ccccc3-c3c4c(c5c(c31)[NH+]2c1ccccc1-5)C(=O)NC4O,0.0
1477,Clc1ccc(-c2cc(CN3CCCCC3)nn2-c2ccc(Cl)cc2)cc1,0.0010999999999999
1478,N#Cc1cccc(C(=O)NC2CCCC(NC(=O)c3ccccn3)C2)c1,0.157
1479,COC(=O)C1=C(C)NC(C)=C(C(=O)OC2CCN(Cc3ccccc3)C2)C1c1cccc([N+](=O)[O-])c1,0.05
1480,COC1C=Cc2cc3cc(ccc3cn2)C(C)OC(=O)C2CCCN(N2)C(=O)C(C)NC(=O)C(C(C)C)NC(=O)C1C,0.14
1481,COc1ncc(-c2ccc(Cn3cc(C(=O)O)c(=O)c4ccccc43)c(F)c2)cn1,0.0459999999999999
1482,Cc1cn(C2CCCN(S(=O)(=O)c3ccc(O)c(Oc4cccc(Cl)c4)c3)C2)c(=O)[nH]c1=O,0.01
1483,Oc1ccc(Nc2ccccc2)cc1,0.0582
1484,CC(C)=CC1C(C(=O)OCN2C(=O)C3=C(CCCC3)C2=O)C1(C)C,0.0025
1485,CCN1CCCC1CNC(=O)c1cc(S(=O)(=O)CC)c(N)cc1OC,0.8285714185714285
1486,COc1cc(OC)nc(C2CCCCC2C(=O)[N]Cc2cccc(Cl)c2)n1,0.0459999999999999
1487,O=C(NC1CCCC(O)C1)c1noc(-c2ccc(C(F)(F)F)cc2)c1CO,0.0809999999999999
1488,COc1ncc(C(CCCCCCc2ccc3c(n2)NCCC3)CC(=O)O)cn1,0.03
1489,CN(C)C(=O)Cn1c(-c2ccoc2)c(C2CCCCC2)c2ccc(C(=O)NS(=O)(=O)N(C)C)cc21,0.0109999999999998
1490,NC(=O)C1=C(O)C2(O)C(=O)C3=C(O)c4c(O)cccc4CC3CC2CC1=O,0.0500000003333333
1491,O=P(OC(CCl)CCl)(OC(CCl)CCl)OC(CCl)CCl,0.01079
1492,O=C(NCC(O)CN1CCC(Oc2ccc(Cl)c(Cl)c2)CC1)c1c[nH]nc1C1CC1,0.04
1493,Cn1cnc(S(=O)(=O)N2CC3C(C2)C3(CNC(=O)c2ccccc2C(F)(F)F)CC2CC2)c1,0.0699999999999999
1494,CC(O)c1nc2cnc3[nH]ccc3c2n1C1CCC(CC#N)CC1,0.3
1495,CN(C(=O)CS(=O)(=O)N(C)C)C1CCCn2c1nc(C(O)=NCc1ccc(F)cc1)c(O)c2=O,0.2049999999999999
1496,CC(Oc1c(Cl)cccc1Cl)C(=O)NC1C(=O)N2C1SC(C)(C)C2C(=O)O,0.0399999996666666
1497,NC(=O)c1ccc(Oc2cncc3sc(C(N)=O)cc23)cc1,0.2269999999999999
1498,CN(CC(=O)NO)C(=O)C1CCCCC1C(=O)O,1.0
1499,OC(=Nc1cc(-c2cc3c([nH]2)C2(CCNC2)CN=C3O)ccn1)c1ccc2ccccc2c1,0.002
1500,CC1C(=O)OC2C(O)C34C5CC(C(C)(C)C)C36C(OC(=O)C6O)OC4(C(=O)O5)C12O,0.8
1501,O=C(NO)C1(NS(=O)(=O)c2ccc(Oc3ccc(F)cc3)cc2)CCOCC1,0.145
1502,CCOC(=O)C(C)OC(=O)c1cc(Oc2ccc(C(F)(F)F)cc2Cl)ccc1[N+](=O)[O-],0.0025
1503,Cc1ccc(O)c(C)c1,0.228
1504,COC(=O)c1c(C)nc(C)c(C(=O)OCC(C)C)c1-c1ccccc1[N+](=O)[O-],0.01
1505,CC12CCC3c4ccc(OS(=O)(=O)O)cc4CCC3C1CCC2=O,0.0999999999999999
1506,O=[N+]([O-])c1ccc(C2=NOC(c3ccc(N4CCSCC4)cc3)C2)o1,0.015
1507,FC(F)(F)c1ccc(CNc2ccc(CC3=CN=C4N=CC(Cl)=CC34)cn2)cn1,0.01
1508,CCC(C)C1NC(=O)C(Cc2ccc(O)cc2)NC(=O)C(N)CSSCC(C(=O)N2CCCC2C(=O)NC(CC(C)C)C(=O)NCC(N)=O)NC(=O)C(CC(N)=O)NC(=O)C(CCC(N)=O)NC1=O,0.9995791666666666
1509,CC(C)N1CCC(N(C(=O)Cc2ccccc2)c2ccc(Cl)cc2)CC1,0.1502777802777777
1510,COCCOC(O)=NC1CCC(C(NS(=O)(=O)c2ccc(-c3ccc(OC)cc3)cc2)C(=O)O)CC1,0.0579999999999999
1511,Oc1cccc(-c2c3nc(c(-c4cccc(O)c4)c4ccc([nH]4)c(-c4cccc(O)c4)c4nc(c(-c5cccc(O)c5)c5ccc2[nH]5)CC4)C=C3)c1,0.14
1512,COCC1CN(c2ncc(C(=O)O)s2)CCC1N=C(O)c1[nH]c(C)c(Cl)c1Cl,0.052
1513,Cc1ccc(-c2ccc(=N)[nH]n2)cc1NC(=O)c1ccc(OCc2ccccn2)cc1,0.052
1514,CN=C(O)C(Cc1ccccc1F)CN1CCC2(CC1)OCCc1cc(F)sc12,0.1099999999999999
1515,COc1cc(S(C)=O)ccc1-c1nc2cnccc2[nH]1,0.48
1516,COc1ccc(-c2ccc(S(=O)(=O)NC(C(=O)O)C3CCC(N4CCN=C4O)CC3)cc2)cc1,0.01
1517,O=C(O)C1CC(COc2cccc(F)c2)CN1,0.3199999999999999
1518,N#Cc1ccccc1Oc1ccc(C(=O)NCc2ccncn2)cc1,0.27
1519,Cn1ncc(C(=O)N2CCC(Nc3cc(=O)[nH]c4ccccc34)CC2)c1Cl,0.3
1520,COc1ncnc(Cn2cc(C(=O)NCCO)c3ncc(C)cc32)c1C,0.2199999999999999
1521,CN(C)P(=O)(N(C)C)N(C)C,0.6934999999999999
1522,CC(=O)N1C2C=C(CN3CCC(Nc4ccc5c(C(F)(F)F)cc(C(F)(F)F)nc5n4)CC3)CC1CCC2,0.045
1523,CN1CCN2c3ncccc3Cc3ccccc3C2C1,0.15
1524,Nc1nc(O)c2nc(CNc3ccc(C(=O)NC(CCC(=O)O)C(=O)O)cc3)cnc2n1,0.2449999999999999
1525,CCCCC(C)=CC=C(C)C(=O)c1c(O)cc(C(C)CCC=CNC(=O)OC)oc1=O,0.005
1526,O=S(=O)(c1ccc(CN=C(O)c2cnc3nccn3c2)cc1)c1ccc(N2CCOCC2)nc1,0.0279999999999999
1527,COc1ccc2ncn(-c3cc(OC(C)c4ccccc4Cl)c(C(N)=O)s3)c2c1,0.005
1528,CN(C)c1cc(NC(=O)CNC(C)(C)C)c(O)c2c1CC1CC3C(N(C)C)C(=O)C(=C(N)O)C(=O)C3(O)C(=O)C1=C2O,0.1999999999999999
1529,CC1C(c2ccc(Cl)cc2)SC(=O)N1C(=O)NC1CCCCC1,0.0025
1530,CC(=O)C1CCC2C3CCC4CC(C)(O)CCC4(C)C3CCC12C,0.01
1531,CC(=O)C1(O)Cc2c(O)c3c(c(O)c2C(OC2CC(N4CC4)C(OS(C)(=O)=O)C(C)O2)C1)C(=O)c1ccccc1C3=O,0.006
1532,CN1CC(O)CC1c1nc(C(=O)NCc2ccc(F)cc2)c(O)c(=O)n1C,0.28
1533,CNC1CCc2[nH]c3ccc(C(N)=O)cc3c2C1,0.8500000066666668
1534,Cc1ccc(NCc2ccc3c(n2)NCCC3)c(=O)n1CC(=O)NC(CC(=O)O)c1cccnc1,0.0879999999999999
1535,Cc1nc(O)c2cc(CN(C)c3ccc(C(=O)NC(CCC(=O)O)C(=O)O)s3)ccc2n1,0.0699999999999999
1536,COC(=O)Nc1ccc2c(c1)NC(=O)CC(C)CCCC(NC(=O)C=Cc1cc(Cl)ccc1-n1cnnn1)c1nc-2c[nH]1,0.02
1537,O=C(NCc1ccc(S(=O)(=O)c2cccc(C(F)(F)F)c2)cc1)c1cc2ccncc2o1,0.01
1538,CCc1nc2nc(C)cc(Nc3ccc(C(F)(F)F)cc3)n2n1,0.125
1539,CCOC(O)=Nc1cccc(N=C(O)c2ccccc2Br)c1,0.05
1540,O=C1OC(Cn2ccnn2)CN1c1ccc(-c2ccc(C(O)CN3CCOCC3)nc2)c(F)c1,0.6699999999999999
1541,Cc1cc(NC(O)=C2C(=O)c3ccccc3S(=O)(=O)N2C)no1,0.035
1542,Cc1c(-c2ccc(N3CCCCCC3)cc2)[nH]c2cc(F)cc(F)c2c1=O,0.0059999999999998
1543,CC(OC1OCCN(Cc2n[nH]c(O)n2)C1c1ccc(F)cc1)c1cc(C(F)(F)F)cc(C(F)(F)F)c1,0.05
1544,COc1ccc(-c2oc3c(CC=C(C)C)c(OC4OC(CO)C(O)C(O)C4O)cc(O)c3c(=O)c2OC2OC(C)C(O)C(O)C2OC2OC(C)C(O)C(O)C2O)cc1,0.3399999999999999
1545,CS(=O)(=O)N(CCO)c1c(Cl)c(Cl)cc2nc(O)c(O)nc12,0.13
1546,O=C(O)c1ccc(N=C(O)CSc2nnc(Br)n2-c2ccc(C3CC3)c3ccccc23)c(Cl)c1,0.01
1547,COc1ccc(F)cc1C1CCN(c2ccn3c(CC4CC4)nnc3c2Cl)CC1,0.01
1548,CC(C)(C)N1CCC(c2ccccc2)(c2ccccc2)CC1,0.0399999996666666
1549,Nc1ccc2c(c1)C(=O)c1ccccc1C2=O,0.0305
1550,CSCCNc1nc(SCCC(F)(F)F)nc2c1ncn2C1OC(COP(=O)(O)OP(=O)(O)C(Cl)(Cl)P(=O)(O)O)C(O)C1O,0.0233333333333333
1551,NC1(C(=O)O)CC1,0.9
1552,Cc1ccccc1O,0.38
1553,N=C(N)c1cc2c(OC(COC(=O)Nc3ccccc3CN3CCNCC3)c3ccccc3)cccc2s1,0.05
1554,O=C(c1ccc(O)cc1O)c1ccc(O)cc1O,0.0354
1555,Cc1ccc(C(C)Oc2cc3onc(CCC(=O)O)c3cc2Cl)nn1,0.0709999999999999
1556,NNCCc1ccccc1,0.0799999999999999
1557,OCC(O)C(O)C(O)C(O)CO,1.0
1558,Cc1nc(N)c2ncn(C3OC(CN(C)CC=CCN)C(O)C3O)c2n1,0.588
1559,O=C1C(N=C(O)c2cc3sc(Cl)c(Cl)c3[nH]2)Cc2ccccc2N1CC(CO)CO,0.9977
1560,FC(F)(F)c1ccc(CNc2ccc(Cc3c[nH]c4ncc(Cl)cc34)cn2)cn1,0.01
1561,c1ccc2oc(Oc3ccc(OCCN4CCCCC4)cc3)nc2c1,0.04
1562,c1ccc(C(C(c2ccccc2)N2CCCCC2)N2CCCCC2)cc1,0.0819999999999999
1563,CN1CCN(Cc2ccc3nc(Nc4ccc(C(F)(F)F)cn4)[nH]c3c2)CC1,0.275
1564,CC(=O)OC1C(c2ccoc(=O)c2)C2(C)CCC3C(CCC4CC(O)CCC43C)C23OC13,0.14
1565,Cc1c(C(=O)Nc2ccc(N3CC(C)OC(C)C3)nc2)cccc1-c1ccc(OC(F)(F)F)cc1,0.03
1566,CCS(=O)(=O)NC(=O)c1ccc2c(C3CCCCC3)c(-c3ccoc3)n(CC(=O)N(C)C)c2c1,0.008
1567,Cc1cc(C(=O)NC2CCC(NC(=O)c3cc(F)cnc3Oc3cccc(-c4ccc(CN5CC(C)NC(C)C5)c(O)c4)c3)CC2)nn1C,0.12
1568,Cc1noc2c1-c1sc(C)c(C)c1C(c1ccc(N)nc1)=NC2CC(N)=O,0.0059999999999998
1569,COc1ccc(CN=C(O)c2cnn3c2NC(c2ccc(C)cc2)CC3C(F)(F)F)cn1,0.01
1570,CS(=O)(=O)c1ccc(N2CCN(C(=O)C3CCCCC3C(O)=NC3(C#N)CC3)CC2)cc1,0.5
1571,O=C(OC1C[N+]2(CC(O)=Nc3cccc(C(F)(F)F)n3)CCC1CC2)C1(C2=CC=CC2)CCCCCC1,0.004
1572,CNC(CC(C)C)C(=O)NC1C(=O)NC(CC(N)=O)C(=O)NC2C(=O)NC3C(=O)NC(C(=O)NC(C(=O)O)c4cc(O)cc(O)c4-c4cc3ccc4O)C(O)c3ccc(c(Cl)c3)Oc3cc2cc(c3OC2OC(CO)C(O)C(O)C2OC2CC(C)(N)C(O)C(C)O2)Oc2ccc(cc2Cl)C1O,0.6133333333333334
1573,O=C1CC(c2c[nH]c3ccc(F)cc23)C(=O)N1,0.2859999999999999
1574,COc1cc(Nc2c(C#N)cnc3cc(OCCCN4CCN(C)CC4)c(OC)cc23)c(Cl)cc1Cl,0.075
1575,CCCCCCCCCCCCN1CCCCCC1=O,0.00275
1576,CC(C)(ON=C(C(O)=NC1C(=O)N(S(=O)(=O)O)C1CNC(=O)c1cc(-c2cc(=O)c(O)cn2O)no1)c1csc(=N)[nH]1)C(=O)O,0.4599999999999999
1577,CC(O)=NC1C(NC(=N)N)C=C(C(=O)O)OC1C(O)C(O)CO,0.9
1578,O=C(Nc1ccc(Cl)c(Cl)c1)c1cc(Cl)cc(Cl)c1O,9.31e-09
1579,COC(=O)C(C)Oc1ccc(Oc2ncc(C(F)(F)F)cc2Cl)cc1,0.00819
1580,Cn1cc(N=C(O)c2cnn3cccnc23)c(-c2cccc(Cl)c2)n1,0.0059999999999998
1581,CN(CC=CC#CC(C)(C)C)Cc1cccc2ccccc12,0.01
1582,NCCCCCC(=O)O,0.9200000066666668
1583,CC(=O)N1CCCn2nc(COc3ccccc3F)cc21,0.17
1584,Clc1ccccc1-c1nnc(-c2ccccc2Cl)nn1,0.0025
1585,COc1ccc(F)c(-c2ccc(Cc3ccc(N4CC(C(F)(F)F)CC4CC(=O)O)cc3)c(C)c2)c1,0.0009999999999998
1586,O=C(OC1C[N+]2(CCCOc3ccccc3)CCC1CC2)C1(C2=CC=CC2)CCCCCC1,0.0849999999999999
1587,O=C(OC1C[N+]2(Cc3cc(-c4ccccc4)no3)CCC1CC2)C1(C2=CC=CC2)CCCCCC1,0.01
1588,CC(C)(C)c1ccc(N)cc1,0.155
1589,CC(C)(C)c1cc(O)c(C(C)(C)C)cc1O,1.83e-07
1590,CN(C(=O)C(N)=O)c1nc(C(O)=NCc2ccc(F)cc2)c(O)c2ncccc12,0.018
1591,CN(C(=O)CS(=O)(=O)N(C)C)C1CCCn2c1nc(C(=O)NCc1ccc(F)cc1)c(O)c2=O,0.2049999999999999
1592,CC(Cc1cc2c(c(C(N)=O)c1)N(CCCO)CC2)NCCOc1ccccc1OCC(F)(F)F,0.04
1593,CN1C(=O)CC(=O)NC1=O,1.0
1594,Cc1c(C(=O)O)c(O)cc2c1C(=O)c1c(O)c(C3OC(CO)C(O)C(O)C3O)c(O)c(O)c1C2=O,3.8500000000000014e-08
1595,CCN=C(O)Nc1nc2cc(-c3cccnc3)c(=O)n(C(C)C(=N)O)c2s1,0.25
1596,Cn1c(=O)cc(Nc2cc(C(=O)NC3CC3)ccc2Cl)c2cnn(-c3ccc(F)cc3)c21,0.06
1597,CC1C(N=C(O)C(=NOC(C)(C)C(=O)O)c2csc(=N)[nH]2)C(=O)N1C(O)=NS(=O)(=O)N1N=C(c2cc(O)cc(O)n2)NCC1=O,0.16
1598,CC(C)(C)OC(=O)Nc1cccc(-c2ccc(O)c(C(=O)O)c2)c1,0.008
1599,CC(=O)N(C)CCN(C)c1nc(C(O)=NCc2ccc(F)cc2)c(O)c2ncccc12,0.017
1600,C=CCOC1(C)CC(C)NC(=O)C(C)C(O)C(C)(O)C(CC)OC(=O)C(C)C(OC(=O)CCNCCNc2cc3c(=O)c(C(=O)O)cn(C4CC4)c3cc2Cl)C(C)C1OC1OC(C)CC(N(C)C)C1O,0.51
1601,CCC(OC(C)=O)C(CC(C)N(C)C)(c1ccccc1)c1ccccc1,0.1999999999999999
1602,CN(C)Cc1nc2c(sc3ccc(-c4ccc(O)cc4)cc32)c(=O)[nH]1,0.3199999999999999
1603,O=P(O)(O)C(O)(Cn1ccnc1)P(=O)(O)O,0.7513888788888888
1604,COc1ccc(C(C)=O)c(O)c1,0.12
1605,COc1cc2c(cc1OCC(O)CO)Cc1c(NCc3c(Cl)cccc3Cl)n[nH]c1-2,0.13
1606,O=C(NC1CCCS(=O)(=O)C1)c1ccc(Oc2ccc(C#CC3(O)CN4CCC3CC4)cc2)cc1,0.25
1607,N=C(N)c1cc2c(OC(COC(O)=Nc3ccccc3CN3CCNCC3)c3ccccc3)cccc2s1,0.05
1608,COC1CN(c2nc(-c3ccncn3)c(C(=O)O)s2)CCC1N=C(O)c1[nH]c(C)c(Cl)c1Cl,0.042
1609,N#Cc1ccc(OCCCN2CCC(C(O)(c3cccc(F)c3)c3nccs3)CC2)cc1,0.04
1610,Cn1c(=O)c2c(cc(N3CCCC(C)(N)C3)n2Cc2cc(F)ccc2C#N)n(C)c1=O,0.2766666666666667
1611,CN1CCC2(CC1)CN=C(O)c1cc(-c3ccnc(N=C(O)c4ccc5ccccc5c4)c3)[nH]c12,0.005
1612,O=[N+]([O-])c1ccc2c(c1)C(c1ccccc1Cl)=NCC(O)=N2,0.15
1613,CC(=O)Nc1cccc(-c2ccc(Cn3cc(C(=O)O)c(=O)c4cccc(F)c43)nc2)c1,0.0409999999999999
1614,CNc1cnn(-c2cccc(C(F)(F)F)c2)c(=O)c1Cl,0.184025
1615,COC(=O)C=CC(=O)OC,0.64
1616,O=c1[nH]c2ccc(-c3c(Cl)cccc3OC(F)(F)F)cc2[nH]1,0.3
1617,Cc1noc2c1-c1sc(C)c(C)c1C(c1ccc(C#N)cc1)=NC2CC(N)=O,0.0409999999999999
1618,CCOC1Oc2ccc(OS(C)(=O)=O)cc2C1(C)C,0.1323416666666666
1619,COc1ccc(-c2ccc(S(=O)(=O)NC(C(=O)O)C3CCC(Nc4ccccc4)CC3)cc2)cc1,0.0069999999999999
1620,Cc1ccccc1N=c1[nH]c2ccc(CC(=O)N3CC(F)CC3COC3CCC(C(=O)O)CC3)cc2o1,0.03
1621,CCN1CCN(C(=O)NC(C(=O)NC2C(=O)N3C(C(=O)O)=C(CSc4ncnn4C)CSC23)c2ccc(O)cc2)C(=O)C1=O,0.0824999989999999
1622,CCNC(=O)Nc1ccc(-c2nc(N3CCOCC3C)c3c(n2)C(C)(CCO)OC3)cc1,0.135
1623,COc1nc(N)nc2c1ncn2C1OC(CO)C(O)C1O,0.7925925959259259
1624,Cn1ncc(C(=O)N2CCC(Nc3cc(=O)[nH]c4cc(F)c(F)cc34)CC2)c1Cl,0.4
1625,CSc1cccc(C2(C#N)CCN(Cc3cc(C(=O)O)c(=O)n4ccccc34)CC2)n1,0.012
1626,CC1(C)SC2C(N=C(O)C(N)c3ccccc3)C(=O)N2C1C(=O)O,0.85
1627,O=S(=O)(O)C(F)(F)C(F)(F)OC(F)(F)C(F)(F)F,0.0015
1628,Cc1ccc(Nc2nccc(N(C)c3ccc4c(C)n(C)nc4c3)n2)cc1S(N)(=O)=O,0.0075
1629,Cc1c(CN2CCN(S(C)(=O)=O)CC2)sc2c(N3CCOCC3)nc(-c3cnc(=N)[nH]c3)nc12,0.2299999999999999
1630,CCN(CCO)S(=O)(=O)C(F)(F)C(F)(F)C(F)(F)C(F)(F)C(F)(F)C(F)(F)C(F)(F)C(F)(F)F,0.0797
1631,N#CC1(COc2nc(C3CC3)c(C(=O)NC3C4CC5CC3CC(O)(C5)C4)s2)CC1,0.16
1632,CC(c1ccc(F)cc1)N1C(=O)OC(Cc2ccccc2)(c2nc3c(NS(C)(=O)=O)cccc3[nH]2)C1=O,0.0579999999999999
1633,COc1cc(N2C(=O)N(c3ccc(-c4ccc(C(=O)O)cc4)cc3)C(=O)C23CCN(Cc2ncccc2C)CC3)ncn1,0.0059999999999998
1634,CCC(CC)N=c1[nH]c(C)c(-c2ccc(OC(F)(F)F)cc2OC)nc1OC,0.008
1635,COC(=O)NC(C(=O)NC(Cc1ccc(-c2ccccn2)cc1)CC(O)C(Cc1ccccc1)NC(=O)C(N1CCN(Cc2cccc(C(C)(C)O)n2)C1=O)C(C)(C)C)C(C)(C)C,0.018
1636,Fc1ccc(C2CCNCC2COc2ccc3c(c2)OCO3)cc1,0.0602678568928571
1637,CCC1(O)C(=O)OCc2c1cc1n(c2=O)Cc2cc3c(CN(C)C)c(O)ccc3nc2-1,0.725550925925926
1638,CC(C)(CO)c1cc2cc(NC(=O)C3(c4ccc5c(c4)OC(F)(F)O5)CC3)c(F)cc2n1CC(O)CO,0.01
1639,C#CCOC1CN(c2ncc(C(=O)O)s2)CCC1N=C(O)c1[nH]c(C)c(Cl)c1Cl,0.03
1640,CCCCCCC(C)OC(=O)COc1nc(F)c(Cl)c(N)c1Cl,0.0025
1641,O=C(O)C(F)(F)C(F)(F)C(=O)O,0.7302
1642,ClC1C(Cl)C(Cl)C(Cl)C(Cl)C1Cl,0.0494999999999999
1643,CCOC(=O)N1CCN(C(=O)C(CCC(=O)O)NC(=O)c2cc(NCCO)nc(-c3ccccc3)n2)CC1,0.135
1644,COc1cc(Nc2nn(C3COCCC3C#N)cc2C(N)=O)ccc1Cl,0.0329999999999999
1645,CC(N)C(O)c1ccccc1,0.01
1646,CCCCNC(=O)OCC#CI,0.7190000000000001
1647,COc1ccc(N(Cc2cnccc2C)C2CCN(C(C)CCN=C(O)c3c(C)cc(C#N)nc3C)CC2)cc1,0.02
1648,CN1CCSCC1c1nc(C(=O)NCc2ccc(F)cc2)c(O)c(=O)n1C,0.17
1649,Clc1ccc(CN2CCOC(CSc3ccccc3)C2)cc1,0.008
1650,O=C1c2ccc(OCc3cccc(F)c3)nc2CCN1c1ccc(F)cn1,0.01
1651,Cn1c(=O)sc2ccc(-c3ccc(CC(C#N)NC(=O)C4CNCCCO4)cc3)cc21,0.0699999999999999
1652,CN(C(=O)CO)c1c(I)c(C(=O)NCC(O)CO)c(I)c(C(=O)NCC(O)CO)c1I,1.0
1653,COc1nn2cc(-c3ccc(C(F)(F)F)cc3)nc2s1,0.0059999999999998
1654,Fc1cc(-c2cc[nH]c(=Nc3ccc(-n4cnc(N5CCOCC5)n4)cc3)n2)cc(N2CCOCC2)c1,0.0799999999999999
1655,COc1cc2ccc(Br)cc2cc1C(c1ccccc1)C(O)(CCN(C)C)c1cccc2ccoc12,0.0
1656,Nc1ccc(S(=O)(=O)Nc2cnc3ccccc3n2)cc1,0.0037
1657,C=CC(=O)NC1CCN(c2ccc(C(N)=O)c(Nc3ccc(N4CC(C)OC(C)C4)cc3)n2)C1,0.03
1658,CC(C)(C)NC(=O)c1c[nH]c2ncc(-c3nn(CCC(O)CO)c4cc(F)ccc34)nc12,0.012
1659,CN(C(=O)CC(=O)N(C)c1c(I)c(C(=O)NC(CO)C(O)CO)c(I)c(C(=O)NC(CO)C(O)CO)c1I)c1c(I)c(C(=O)NC(CO)C(O)CO)c(I)c(C(=O)NC(CO)C(O)CO)c1I,1.0
1660,CN=C(O)c1nn(C)c2c1CCc1cnc(NC3CCN(C(=O)C4CCN(S(C)(=O)=O)CC4)CC3)nc1-2,0.31
1661,FCC(F)(F)F,0.8572
1662,O=C(CN1C(=O)C2(CCCC2)NCC1c1cc(F)cc(F)c1)Nc1ccc2c(c1)CC1(C2)C(O)=Nc2ncccc21,0.094
1663,CCOc1cc2nnc(C(=N)O)c(Nc3ccc(F)cc3F)c2cc1N1CCN(C)CC1,0.039
1664,COP(=S)(OC)SCn1nnc2ccccc2c1=O,0.213925
1665,Cc1ccc2c(c1)c(-c1ccnc3cc(Cl)ccc13)c(C)n2CC(=O)O,0.002
1666,CCCCN(CCCC)SN(C)C(=O)Oc1cccc2c1OC(C)(C)C2,0.0
1667,NC1CONC1=O,0.8000000033333334
1668,CNC(C)C(O)=NC1CCCC2CC3CCN(C(=O)C(OCC#CC#CCOC(C(=O)N4CCC5CC6CCCC(N=C(O)C(C)NC)C(=O)N6C5C4)c4ccccc4)c4ccccc4)CC3N2C1=O,0.0755
1669,O=C(O)COc1ccc(Cl)cc1C#Cc1cccc(S(=O)(=O)CCO)c1,0.047
1670,CC(CN1C(C)Cc2c([nH]c3ccccc23)C1c1ccc(Cl)cc1)C(=O)O,0.015
1671,COc1cc(Nc2ncc(F)c(Nc3ccc4c(n3)N(COP(=O)(O)O)C(=O)C(C)(C)O4)n2)cc(OC)c1OC,0.016
1672,CNS(=O)(=O)CCc1ccc2[nH]cc(C3CCN(C)CC3)c2c1,0.7187916616666667
1673,CC1CCCC(=O)CCCC=Cc2cc(O)cc(O)c2C(=O)O1,0.0
1674,N=C(O)Nc1cc(-c2cccc(F)c2)sc1C(=O)NC1CCCNC1,0.26
1675,CC1CCCN1CCCOc1ccc(C2=NN=C(O)C3CC23)cc1,0.47
1676,CC(C)CN1CCC([S+](O)c2ccc(CNC(=O)c3cc4ccncc4o3)cc2)CC1,0.1999999999999999
1677,CC(=O)OCC1=C(C(=O)O)N2C(=O)C(NC(=O)CSc3ccncc3)C2SC1,0.4678571428571428
1678,CC(NC(=O)c1ccc(C#Cc2cccc(F)c2)cn1)C(C)(C)O,0.973
1679,CCC1OC(=O)C(C)C(OC(=O)CCNCCNc2cc3c(=O)c(C(=O)O)cn(C4CC4)c3cc2Cl)C(C)C(OC2OC(C)CC(N(C)C)C2O)C(C)(OCC=Cc2cnc3ccccc3c2)CC(C)NC(=O)C(C)C(O)C1(C)O,0.4
1680,CCCC(=NOCC)C1=C(O)CC(CC(C)SCC)CC1=O,0.054925
1681,c1ccc2[nH]c(-c3cscn3)nc2c1,0.1380499999999999
1682,COc1ccc2ncc(=O)n(CCN3CCC(NCc4cc5c(cn4)OCCO5)C(F)C3)c2c1,0.0899999999999999
1683,Nc1ncnc2c1C(=O)N(c1ccc(-c3cccc(Cl)c3Cl)cc1)CCO2,0.012
1684,CCN1CCCC1CN=C(O)c1cc(S(N)(=O)=O)ccc1OC,0.6599999999999999
1685,CCNC(=O)OC1CCN(c2nncc3cc(OC)c(OC)cc23)CC1,0.0799999999999999
1686,CCOc1nc2nc(C)cc(Nc3ccc(S(F)(F)(F)(F)F)cc3)n2n1,0.023
1687,COc1cccc(Nc2c(C(N)=O)cnc3c(C)cc(S(=O)(=O)c4cccc(C(=O)N(C)C)c4)cc23)c1,0.015
1688,Cc1nc(C)c(-c2ccc3c(c2)CCC32CCC(CC(=O)O)CC2)nc1C(N)=O,0.013
1689,CC(Cc1ccc(C(C)C(=O)NS(C)(=O)=O)cc1)C(=O)O,0.29946667
1690,O=S1(=O)CCCN1c1cccc(N=C(O)c2ccccc2Br)c1,0.0899999999999999
1691,CC(C(=O)OC1C[N+]2(CCCOc3ccccc3)CCC1CC2)(c1ccccc1)N1CCCCC1,0.0559999999999999
1692,CC(C)(C)C(=O)N1CCC(CN2CCC(N=C(O)Nc3cc(C(F)(F)F)cc(C(F)(F)F)c3)CC2)CC1,0.01
1693,CS(=O)(=O)c1ccc(C(CC2CCC(=O)C2)C(=O)Nc2cnccn2)cc1Cl,0.49
1694,CS(=O)(=O)c1ccc(C(=O)C2C(=O)CCCC2=O)c(Cl)c1COCC(F)(F)F,0.0919
1695,CCCCOC(=O)CC(CC(=O)OCCCC)(OC(C)=O)C(=O)OCCCC,0.00942
1696,COc1ccc(N(Cc2cccc(C#N)n2)C2CCN(C(C)CCN=C(O)c3c(C)cc(C#N)nc3C)CC2)cc1,0.0899999999999999
1697,CN(CCOc1ccc(NS(C)(=O)=O)cc1)CCc1ccc(NS(C)(=O)=O)cc1,0.3680740774074074
1698,Clc1ccc2c(c1)CCc1cccnc1C2=C1CCNCC1,0.1585166666666666
1699,CC(C)N1CCCC1CN=C(O)c1cn(C2CCCC2)c(=O)c2c1c1ccccc1n2C,0.1459999999999999
1700,COCCOc1cnc2ccn(C(C)c3nnc4ccc(-c5cc(C)no5)cn34)c(=O)c2c1,0.3379999999999999
1701,O=C(c1ccc(F)cc1)C1CC[NH+](CCN2C(=O)[NH2+]c3ccccc3C2=O)CC1,0.05
1702,Cc1cc(C)nc(Nc2ccccc2)n1,0.016925
1703,Cc1ccc(S(=O)(=O)N(C)C)cc1C#Cc1cc(Cl)ccc1OCC(=O)O,0.004
1704,COC1CN(c2nc(C(O)=NCCN3CCCC3=O)c(C(=O)O)s2)CCC1N=C(O)c1[nH]c(C)c(Cl)c1Cl,0.0759999999999999
1705,COc1ccccc1NS(=O)(=O)c1ccc(N=C(O)c2ccccn2)cc1OC,0.003
1706,O=C(Nc1ccccc1-c1ccccc1)N1CCN2C(=O)N(C3CC3c3ccccc3)C(=O)C2C1,0.044
1707,Cc1ccc(C(O)=NC2CC2)cc1-n1cnc2ccc(N3CCN(C)CC3)cc2c1=O,0.643
1708,CCC1OC(=O)C(C)C(OC2CC(C)(OC)C(O)C(C)O2)C(C)C(OC2OC(C)CC(N(C)C)C2O)C(C)(O)CC(C)CN(C)C(C)C(O)C1(C)O,0.7214999900000001
1709,COc1c(F)ccc(F)c1C1CCN(c2ccn3c(CC4CC4)nnc3c2C(F)(F)F)CC1,0.01
1710,CC1c2ncn(-c3ccc(F)cc3)c2CCN1C(=O)c1cccc(C(F)(F)F)c1Cl,0.04
1711,CN(C)C(C)(C)c1nc(O)c(O)c(C(=O)NCc2ccc(F)cc2)n1,0.1129999999999999
1712,Nc1c(C(=O)NCC(O)(CN(CCO)C(=O)c2c(Cl)cccc2Cl)C(F)(F)F)cnn1-c1ccc(F)cc1,0.0699999999999999
1713,CCCC1(CCc2ccccc2)CC(O)=C(C(CC)c2cccc(NS(=O)(=O)c3ccc(C(F)(F)F)cn3)c2)C(=O)O1,0.0009999999999998
1714,COc1noc2c(F)c3c(cc12)CC1(C(=O)NC(=O)NC1=O)C1C(C)OC(C)CN31,0.0899999999999999
1715,OC(COc1cccc(Cl)c1)=NC1CCN(Cc2ccn(-c3ccc(OC(F)(F)F)cc3)c2)CC1,0.032
1716,Cc1ccc2c(c1)c(-c1ccnc3c(F)cccc13)c(C)n2CC(=O)O,0.009
1717,CCOc1cc(C(O)=NC(Cc2ccc(-c3cccc(OC(F)(F)F)c3)nc2)C(O)=NC2CCNC2)ccc1C,0.01
1718,COc1ccc(Cc2cc(C34OCC(CO)(O3)C(O)C(O)C4O)ccc2C)cc1,0.0020999999999999
1719,CN1CCN=C(c2ccccc2)c2ccccc21,0.0109999999999998
1720,CN=C(O)C12CC1C(n1cnc3c(NC)nc(C#Cc4ccco4)nc31)C(O)C2O,0.242
1721,CCCc1nc(C)c2c(=O)[nH]c(-c3cc(S(=O)(=O)N4CCN(CC)CC4)ccc3OCC)nn12,0.05
1722,COC1CN(CCCOc2ccc(F)cc2)CCC1NC(=O)c1cc(Cl)c(N)cc1O,0.625
1723,O=C(Nc1ccc(Cl)c(Cl)c1)N1CCN(CC2CCCN(C3CC3)C2)CC1,0.05
1724,CCS(=O)(=O)Nc1cccc(N=C(O)c2ccccc2Br)c1,0.0699999999999999
1725,CCN1C(=O)c2ccccc2S1(=N)=O,0.83
1726,CC1CN(c2noc(C(F)(F)F)n2)CCN1c1ncc(OCc2ccncc2C#N)cn1,0.0069999999999999
1727,O=C(O)C1C2CCC(O2)C1C(=O)O,0.867
1728,N=C1CCCN1Cc1[nH]c(=O)[nH]c(=O)c1Cl,0.92
1729,CCCc1nc2nc(C)c(NS(=O)(=O)c3ccc(C4CCCCC4)cc3)c(O)n2n1,0.6665000000000001
1730,NC(=O)Nc1cc(-c2cccc(F)c2)sc1C(=O)NC1CCCNC1,0.26
1731,CC(CN1c2ccccc2Sc2ccccc21)N(C)C,0.0883333333333333
1732,O=C(N1CCCC1)N1CCc2nc(C#Cc3ccccc3)sc2C1,0.024
1733,CC(=O)Nc1cc(Nc2cc(NC3CC3)n3ncc(C#N)c3n2)ncc1C,0.12
1734,O=C(C[N+]12CCC(CC1)C(OC(=O)C1(C3=CC=CC3)CCCCCC1)C2)Nc1ccccc1,0.0059999999999998
1735,CON=C(C(=O)NC1C(=O)N2C(C(=O)O)=C(CSc3sc(CC(=O)O)nc3C)CSC12)c1csc(N)n1,0.1883333333333332
1736,Cc1cccc(C2(C#N)CCN(Cc3cc4c(c5ccccc35)CN(C3CCCCC3O)C4=O)CC2)n1,0.01
1737,Cc1ccc(N=C(O)c2cccc(C(F)(F)F)c2)cc1C(O)=Nc1cnc(Nc2ccc(N3CCN(C)CC3)cc2)nc1,0.0329999999999999
1738,C#Cc1cnc2nc(O)n(C(CC)CC)c2n1,0.019
1739,O=C(c1cc(Cc2n[nH]c(=O)c3ccccc23)ccc1F)N1CCN(C(=O)C2CC2)CC1,0.18
1740,CCOc1cc(C(C)(C)C)ccc1C1COC(c2c(F)cccc2F)=N1,0.0025
1741,N#Cc1ccc(-c2ccc(OC3OC(CO)C(O)C(O)C3O)c(Cl)c2)cc1,0.1099999999999999
1742,CCOC(=O)C1(c2ccccc2)CCC=CC1N(C)C,0.2099999999999999
1743,CCCC(=O)Nc1cccc(NC(=O)c2ccccc2Br)c1,0.03
1744,NC1(c2ccccc2Cl)CCCCC1=O,0.48
1745,Cc1cc([N+](=O)[O-])cc([N+](=O)[O-])c1O,0.0026185
1746,CC(=O)N(Cc1ccsc1)C1CCN(C(C)CCNC(=O)c2c(C)cc(Cl)nc2C)CC1,0.55
1747,COc1ccc2ncc(F)c(CCN3CCC(NCc4cc5c(cn4)OCCO5)CC3)c2n1,0.17
1748,O=c1c(Cc2c(O)oc3ccccc3c2=O)c(O)oc2ccccc12,0.01
1749,COCCOc1cc(F)c2c(Nc3ccc(NC(=O)Cn4cc(C(C)C)nn4)cc3)ncnc2c1,0.035
1750,CNC(=C[N+](=O)[O-])NCCSCc1csc(CN(C)C)n1,0.6637083906578947
1751,O=C(Cc1ccccc1)NC1CCN(CCCN2C(=O)COc3ccccc32)CC1,0.28
1752,CCOC(O)=C1C(COCCN)=NC(C)=C(C(=O)OC)C1c1ccccc1Cl,0.0449999994999999
1753,COCC(C)Oc1cc(Oc2cc(F)cc(F)c2)cc(C(O)=Nc2ccc(C(=O)O)cn2)c1,0.0054999999999999
1754,COc1ccc(N2CCN(C(=O)C3CCCCC3C(O)=NC3(C#N)CC3)C(C)C2)cc1OC,0.39
1755,C=CC(O)=Nc1cc(Nc2ncc(Cl)c(-c3cn(C)c4ccccc34)n2)c(OC)cc1N(C)CCN(C)C,0.023
1756,Fc1ccc(CCC2CN(Cc3c[nH]c4cc(F)ccc34)CCC2(F)F)cc1,0.004
1757,O=C1c2ccc(Cl)cc2-n2c1nc1ccccc1c2=O,0.01
1758,CCC(=O)NCC1CC1c1cccc2c1CCO2,0.0999999999999999
1759,CCN(CC)C(=O)c1cccc(C)c1,0.355975
1760,COc1ccc(C#N)cc1Oc1ncnc(N2CCC(Oc3ncc(F)c(=N)[nH]3)CC2)c1F,0.55
1761,CC1CC(C)C(=O)C(C(O)CC2CC(=O)NC(=O)C2)C1,0.629
1762,CCN1CCCC1CNC(=O)c1cc(S(N)(=O)=O)ccc1OC,0.7780952380952382
1763,CC(N)(CCc1ccc(-c2nc3ccc(C4(c5ccccc5)CC4)nc3s2)c(F)c1)C(=O)O,0.037
1764,Oc1cc(Cl)ccc1Oc1ccc(Cl)cc1Cl,0.00464
1765,CCCc1ccc(NS(=O)(=O)Cc2ccccc2)c(=O)n1CC(=O)NCc1ccc(N)nc1C,0.12
1766,CCN(CC)CCN=C(O)c1cc(Cl)c(N)cc1OC,0.7
1767,CC1CN(c2cc3c(cc2F)c(=O)c(C(=O)O)cn3-c2ccc(F)cc2F)CCN1,0.74
1768,Cc1c(NS(C)(=O)=O)cccc1N(Cc1ccc(Oc2ccc(F)c(OCC(=O)O)c2)cc1)Cc1ccc(F)cc1F,0.0009999999999999
1769,CC1C(NC(=O)Nc2ccc(F)c(F)c2F)CC2CC1C2(C)C,0.008
1770,N=C(O)c1cccc2cn(-c3ccc(C4CCCNC4)cc3)nc12,0.16
1771,CCCS(=O)(=O)NC1CC(N(C)c2ncnc3[nH]ccc23)C1,0.36
1772,O=c1cc(-c2ccccc2)oc2cc(O)cc(O)c12,0.00263
1773,Cc1ccc(N=C(O)c2cc(F)cc(C(F)(F)F)c2)cc1C(O)=Nc1cnc(Nc2ccc(N3CCN(C)CC3)cc2)nc1,0.0359999999999999
1774,CN(C)c1cc(CNCC(C)(C)C)c(O)c2c1CC1CC3C(N(C)C)C(O)=C(C(N)=O)C(=O)C3(O)C(O)=C1C2=O,0.8
1775,Cc1cccc(C=NNc2cc(N3CCOCC3)nc(OCCc3ccccn3)n2)c1,0.283
1776,COc1cnc2c(C(=O)NCCO)cn(Cc3ncnc(N(C)C)c3C)c2c1,0.3
1777,CC(C)Oc1cc2[nH]cc(C(=N)O)c(=Nc3cccc(Cl)c3F)c2cc1N1CCN(C)CC1,0.049
1778,Cc1nn(C)cc1S(=O)(=O)NC(=O)c1ccc(-n2ccc(OCC(C)(C)C(F)(F)F)n2)nc1N1CC(C)CC1(C)C,0.01
1779,COc1cc(OC)nc(NC(=O)NS(=O)(=O)c2cc(NC=O)ccc2C(=O)N(C)C)n1,0.0649749999999999
1780,CNCc1c(N=C(O)OCC(Oc2cccc3sc(C(=N)N)cc23)c2ccccc2)c(C)nn1C,0.05
1781,Cc1cc(Cc2ccc(N)c(C)c2)ccc1N,0.2256999999999999
1782,CC(C(=O)OC1C[N+]2(CCCc3ccncc3)CCC1CC2)(c1cccs1)N1CCCCC1,0.179
1783,O=C(CCCN1CC=C(n2c(=O)[nH]c3ccccc32)CC1)c1ccc(F)cc1,0.05
1784,CC1(C)SC2C(NC=O)C(=O)N2C1C(=O)O,0.8199999966666667
1785,O=C(O)c1cn(-c2ccc(O)cc2)c2cc(N3CCNCC3)c(F)cc2c1=O,0.6499999933333332
1786,CC(=O)N1CCN(c2ccc(CN(C3CCC3)S(=O)(=O)Cc3ccccc3)cc2)CC1,0.06
1787,COc1ccc(C2Sc3cc(Cl)ccc3N(CCN(C)C)C(=O)C2OC(C)=O)cc1,0.1
1788,CC1c2ncn(-c3ncc(F)cn3)c2CCN1C(=O)c1cccc(C(F)(F)F)c1Cl,0.0479999999999999
1789,CC(N=c1ccc2ncn(-c3cc(C4CC4)[nH]n3)c2[nH]1)c1ncc(F)cn1,0.16
1790,Cc1noc(NS(=O)(=O)c2ccc(N)cc2)c1C,0.0827499994999999
1791,CC1NC(=O)C(C(C)C)OC(=O)C2(C=Cc3ccc4ccc(nc4c3)C(C)NC(=O)C3CCCN(N3)C1=O)COCCOC2,0.52
1792,CON=C(C(=O)NC1C(=O)N2C(C(=O)O)=C(C[n+]3cccc4c3CCC4)CSC12)c1csc(N)n1,0.8975
1793,ClC1=C(Cl)C(Cl)(Cl)C(Cl)=C1Cl,4.52e-07
1794,Cn1c(CNc2ccc(C(=N)N)cc2)nc2cc(C(=O)N(CCC(=O)O)c3ccccn3)ccc21,0.6104333333333334
1795,CC(C(=O)OC1C[N+]2(CC(O)=Nc3ccncn3)CCC1CC2)(c1ccccc1)N1CCCCC1,0.13
1796,Cc1ccc(Nc2c(F)cccc2Cl)c(CC(=O)O)c1,0.02
1797,OC(=NC1C2CC3CC1CC(O)(C3)C2)c1cnc(NC2CCOC2)nc1C1CCCC1,0.38
1798,O=C(Cn1cnc([N+](=O)[O-])n1)Nc1nc(-c2ccc(F)c(F)c2)cs1,0.002
1799,C=CCc1ccc(OC)c(OC)c1,0.1415999999999999
1800,CCOC(=O)N1CCN(C(=O)C(CCC(=O)O)NC(=O)c2cc(C3CC3)nc(-c3ccccc3)n2)CC1,0.003
1801,Cc1[nH]c(=N)ccc1CN=C(O)Cn1c(C)cc(S(=O)(=O)C2CCCCC2)c(N)c1=O,0.62
1802,CCC(C)C(=O)N1CCC(NC(=O)Nc2ccc(C(F)(F)F)cc2)CC1,0.037
1803,CCN=C(O)Nc1ccc(-c2nc(N3CCOCC3C)c3c(n2)C(C)(CCN(C)C)OC3)cc1,0.41
1804,Cc1nc2cnc3[nH]ccc3c2n1C1CCCC(O)C1,0.6
1805,CC1CCC(C(=O)Nc2nc(-c3ccsc3)c(CC(=O)N3CCN(C)CC3)s2)CC1,0.0699999999999999
1806,CON(C)C(=O)Nc1ccc(Cl)c(Cl)c1,0.105025
1807,Oc1cccc(F)c1,0.7421
1808,CC(=O)N1CCCc2ccc(N=C(O)c3ccccc3Br)cc21,0.01
1809,COc1cnc(-n2cnc(C)n2)c2c1c(C(=O)C(=O)N1CCN(C(=O)c3ccccc3)CC1)cn2COP(=O)(O)O,0.1159999999999999
1810,CN1CCN(c2c(F)cc3c(=O)c(C(=O)O)cn(CCF)c3c2F)CC1,0.7250611161111111
1811,CCCC1COC(Cn2cncn2)(c2ccc(Cl)cc2Cl)O1,0.0508
1812,O=S(=O)(O)CCS,0.81
1813,O=P(OCC(Br)CBr)(OCC(Br)CBr)OCC(Br)CBr,0.00703
1814,Cc1cc(C2CC2)nc(Nc2ccccc2)n1,0.0035
1815,CNCCCN1c2ccccc2CCc2ccccc21,0.1700166691583333
1816,c1ccc2[nH]ncc2c1,0.5945
1817,COc1ccc2ccccc2c1C(=O)NC1C(=O)N2C1SC(C)(C)C2C(=O)O,0.1999999999999999
1818,COCCOc1cnc2ccn(C(C)c3nnc4c(F)cc(-c5cc(C)no5)cn34)c(=O)c2c1,0.409
1819,CC(COc1ccccc1)NC(C)C(O)c1ccc(O)cc1,0.99875
1820,COc1ccc(COc2ccc(Cc3cnc(N)nc3N)cc2OC)cc1,0.02
1821,NC(O)=C1C(=O)CC2CC3Cc4cccc(O)c4C(O)=C3C(=O)C2(O)C1=O,0.05
1822,Cc1ccc(C(=O)N2CCC(Cc3ccccc3-c3ccccc3)(C(=O)N(C)C)CC2)s1,0.509
1823,COC(=O)N1CCN(C2CCN(c3cc(C)c4nc(-c5c(NCCn6cc(Cl)cn6)cc[nH]c5=O)[nH]c4c3)CC2)CC1,0.0329999999999999
1824,CC(C)NCC(O)c1cc(O)cc(O)c1,0.9
1825,CC(C)C(O)(C(=O)N1CCC(C2CCN(c3ccc(C(=O)N(C)C)c(Cl)c3)CC2)CC1)C(F)(F)F,0.007
1826,N=C(O)Nc1sc(-c2ccccc2)cc1C(O)=NC1CCCNC1,0.077
1827,OCC1OC(c2ccc(Cl)c(Cc3ccc(OC4CCOC4)cc3)c2)C(O)C(O)C1O,0.139
1828,NC(N)=NN=Cc1c(Cl)cccc1Cl,0.0999999999999999
1829,COC(C)(C)C,0.7661
1830,NCc1cc(Oc2cccc(C(=O)N3CC(O)C(F)C3)c2)nc(C(F)(F)F)c1,0.3199999999999999
1831,CC(C)(NCCCc1cc(-c2cccc(C(F)(F)F)c2)nc(C#N)n1)C(N)=O,0.25
1832,O=C(Nc1nccs1)NC12CC3CC(CC(C3)C1)C2,0.009
1833,N#Cc1cnc(Nc2cc(CN3CCN(C(=O)CO)CC3)ccn2)s1,0.262
1834,N#Cc1cc(Cl)cc(Oc2cc(OCc3n[nH]c4nc(N)ccc34)ccc2Cl)c1,0.035
1835,Cc1c(Cc2ccc(=O)n(Cc3ccc(C(F)(F)F)cc3)n2)c2cc(F)ccc2n1CC(=O)O,0.02
1836,Cc1cc(C)c(CNC(=O)c2c(C)n(C(C)C(=O)N3CCCC3)c3ccccc23)c(O)n1,0.13
1837,CC(C(=O)OC1C[N+]2(CC(=O)Nc3ccccc3)CCC1CC2)(c1cccs1)N1CCCCC1,0.025
1838,N#Cc1ccc(NCC(F)(F)c2ccccn2)c(F)c1CC(=O)NCc1ccc(N)nc1,0.15
1839,NCCc1ccc(O)c(O)c1,0.8933333266666666
1840,Cc1ccc2c(-c3cnc4[nH]cc(C(O)=NC5(C)CCNC5)c4n3)nn(C)c2c1,0.04
1841,CCC(=O)N1CCC(NC(=O)Nc2ccc(OC(F)(F)F)cc2)CC1,0.2099999999999999
1842,CC(C)Cn1c(=O)n(C)c(=O)c2c(C(=O)N3CCC(O)C3)c(Oc3cccc4ccccc34)sc21,0.01
1843,O=C(O)COc1ccc(Cl)cc1C#Cc1cccnc1,0.0289999999999999
1844,CC(CCc1ccccc1)NCC(O)c1ccc(O)c(C(=N)O)c1,0.5
1845,Cc1ccc(C(C(=O)NC(C)C)N2C(=O)C(C3Cc4ccccc4C3)NC(=O)C2CC(C)C)o1,0.04
1846,O=C(O)c1cn(Cc2ccc(-c3ccccc3)nn2)c2c(F)cccc2c1=O,0.0159999999999999
1847,COc1nc(-c2nc(Nc3cc(C(F)(F)F)ccc3F)n(C)n2)ccc1-n1cnc(C)c1,0.02
1848,CNC1C(O)C(OC2C(N)CC(N)C(OC3OC(CN)=CCC3N)C2O)OCC1(C)O,0.1500000033333333
1849,CCCS(=O)(=O)c1ccc(Cl)c(C#Cc2cc(Cl)ccc2OCC(=O)O)c1,0.003
1850,O=P(O)(O)C(O)(Cc1cccnc1)P(=O)(O)O,0.7599999975
1851,O=S(=O)(NCCO)c1ccc(-c2ccnc3[nH]c(C4CC4)cc23)cc1,0.284
1852,CN(C)C(=O)Nc1ccc(Cl)cc1,0.4550999999999999
1853,CC(CCc1ccc(-c2ccccc2)cc1)(C(=O)NO)S(C)(=O)=O,0.0215
1854,COc1ccc(-c2cc(CN3CCOCC3)c(C)n2-c2ccc(C(C)C)cc2)cc1,0.0009999999999998
1855,N=C(O)c1cnc(NC2CCCCC2N)[nH]c1=Nc1cccc(-n2nccn2)c1,0.0139999999999999
1856,O=C(C1CCC(F)(F)CC1)N1CC(c2nc(-c3cccc(Cl)c3)no2)C1,0.013
1857,NC(=O)c1cc(C(N)=O)cc(-c2c[nH]c(SCCc3c[nH]cn3)n2)c1,0.3320000000000001
1858,O=C(O)c1cc(CN2CCC(n3cnc4ccccc43)CC2)c2ccccn2c1=O,0.2099999999999999
1859,CC1(c2ccc(OC(F)(F)F)cc2)CC(O)(c2ccccn2)CO1,0.03
1860,COc1cncc(-c2cccc(-c3cn4ccc(OC)c(C(N)=O)c4n3)c2)c1,0.02
1861,c1cc(-c2ccc3ncnc(Nc4ncco4)c3c2)cc(N2CCOCC2)c1,0.01
1862,O=C(O)CC1CCc2c1[nH]c1ccc(OCc3ccc(C4CCCC4)c(C(F)(F)F)c3)cc21,0.022
1863,Cc1cc(OC(F)(F)F)ccc1-c1c(Oc2ccc(C=CC(=O)O)cc2)c2ccc(O)cc2oc1=O,0.0012
1864,CC1CCCN1CCCOc1ccc(C(=O)CN2CCOCC2)cc1,0.8
1865,Nc1nc(O)c2ncn(COCCO)c2n1,0.82999999
1866,N#Cc1ccnc(N2C(=O)CCC2C(=O)N(c2cncc(F)c2)C(C(=O)NC2CC(F)(F)C2)c2ccccc2Cl)c1,0.06
1867,CC1OC(OC2CC(O)(C(C)O)Cc3c(O)c4c(c(O)c32)C(=O)c2ccccc2C4=O)CC(N)C1O,0.0599999996666666
1868,CCOc1cc2[nH]cc(C(=N)O)c(=Nc3ccc(F)cc3F)c2cc1N1CCN(C2CC2)CC1,0.0139999999999999
1869,S=c1[nH]cnc2[nH]cnc12,0.85
1870,COc1ccc2c3c1OC1C(=O)CCC4(O)C(C2)N(C)CCC314,0.5499642882142857
1871,O=C(O)c1cn(Cc2ccc(-n3cccn3)cc2)c2ncccc2c1=O,0.0609999999999999
1872,NCC1OC(OC2C(CO)OC(OC3C(O)C(N)CC(N)C3OC3OC(CN)C(O)C(O)C3N)C2O)C(N)C(O)C1O,0.8000000033333334
1873,COC1(OC)CN(c2ncc(C(=O)O)s2)CCC1N=C(O)c1[nH]c(C)c(Cl)c1Cl,0.018
1874,O=C(O)C(F)(F)C(F)(F)C(F)(F)OC(F)(C(F)(F)F)C(F)(F)F,0.0020999999999999
1875,CC1CN(c2c(F)c(N)c3c(=O)c(C(=O)O)cn(C4CC4)c3c2F)CC(C)N1,0.5669111136111111
1876,COc1cc(F)c2ccc(=NC3CCN(CC4=CC5CCCC(C4)N5C(C)=O)CC3)[nH]c2c1,0.037
1877,COCC(=O)N(c1c(C)cccc1C)C(C)C(=O)OC,0.7307999999999999
1878,Cn1nc(-c2cnc3[nH]cc(C(=O)NC(C)(C)C)c3n2)c2ccc(F)cc21,0.0013999999999999
1879,N#Cc1nn(-c2c(Cl)cc(C(F)(F)F)cc2Cl)c(N)c1S(=O)C(F)(F)F,0.0025
1880,O=C1CN=C(c2ccccc2)c2cc(O)ccc2N1,0.4529999999999999
1881,CNC(C)C(O)=NC1CCCC2CC3CCN(CCc4ccc(Cl)c(Cl)c4)CC3N2C1=O,0.0649999999999999
1882,Cc1cc(-n2ccnc2)cc2nc(-c3c(NCC(O)c4cccc(Cl)c4)ccnc3O)[nH]c12,0.01
1883,c1ccc(-c2ccccc2)cc1,0.0155849999999999
1884,CC(C(=O)O)c1ccc2c(c1)N=C1C=CC(Cl)=CC12,0.01
1885,ClC=C(Cl)Cl,0.295
1886,COc1ccc(F)cc1C1CCN(c2ccn3c(CC(F)(F)F)nnc3c2Cl)CC1,0.01
1887,CC1NC(=O)C(C(C)C)OC(=O)C2(C=Cc3ccc4ccc(nc4c3)C(C)NC(=O)C3CCCN(N3)C1=O)COCOC2,0.41
1888,COc1ccc2cc(-c3cc(-c4cc(Cl)cc(Cl)c4)nn3C(C)c3ccc(C(=O)NCCC(=O)O)cc3)ccc2c1,0.01
1889,Brc1cc(Br)cc(-c2c[nH]c(SCCc3c[nH]cn3)n2)c1,0.0562999999999999
1890,CCC(CC)COC(=O)C(C)NP(=O)(OCC1OC(C#N)(c2ccc3c(N)ncnn23)C(O)C1O)Oc1ccccc1,0.0949999999999999
1891,CC(C)Cn1c(=O)n(C)c(=O)c2c(C(=O)N3CCC(O)C3)c(Cc3ccnc4ccccc34)sc21,0.36
1892,COc1ccc2ncc(=O)n(CCN3CCC(NCc4ccc5c(n4)N=C(O)CO5)CC3)c2c1,0.26
1893,Cn1cnc(S(=O)(=O)N2CC3C(C2)C3(CN=C(O)c2ccccc2Cl)CC2CC2)c1,0.03
1894,CN1CCCC(CN(C)C(=O)Cn2c(-c3ccccc3)c(C3CCCCC3)c3ccc(-c4noc(=O)[nH]4)cc32)C1,0.0209999999999999
1895,Cc1cc(C2CCN(C(=O)C3CC(C)(N(C)C)CC3c3ccc(F)cc3F)CC2)n(-c2cc(Cl)ccc2Cl)n1,0.087
1896,Cc1cc2ccc1C(C)COC(=O)Nc1ccc(C3(C(=O)O)CCOCC3)c(c1)CN(C)C(=O)C2Nc1ccc2c(N)ncc(F)c2c1,0.0579999999999999
1897,CC(C)Oc1ccc(NC(=O)c2cc(N(C)Cc3ccc(F)cc3)ncn2)cc1,0.0004
1898,CC1(C)OC2C3=C4C(CCCC42O1)C(C(C)(C)O)C=CC=C3CO,0.0455999999999999
1899,COc1cc2c(cc1F)ncc(=O)n2CC(N)C1CCC(NCc2ncc3c(n2)NC(=O)CO3)CC1,0.56
1900,CCN(CC)C(=O)c1ccc(C2=CC3(CCNCC3)Oc3cccc(O)c32)cc1,0.419
1901,O=C(O)CC(N=C(O)Cn1c(C2CC2)ccc(NCc2ccc3c(n2)NCCC3)c1=O)c1cccc(F)c1,0.0059999999999998
1902,COC(=O)C1=C(CN2CCOCC2C(=O)O)NC(c2nccs2)=NC1c1ccc(F)cc1Cl,0.057
1903,CS(=O)(=O)Cc1ccc(-c2ccc(N3CCOc4ncnc(N)c4C3=O)cc2)c(Cl)c1,0.212
1904,COc1cnc(Nc2ncnc3ccc(-c4cccc(N5CCOCC5)c4)cc23)cn1,0.017
1905,CCCNC(C)C(O)=Nc1ccccc1C,0.7150000000000001
1906,C[N+](C)(C)CC(O)CC(=O)O,0.99935625
1907,CCN1CCCC1CNC(=O)c1ccc2c(c1)NC(=O)C(=Cc1ccccc1F)S2,0.01815
1908,O=C(OC1C[N+]2(CCc3ccccc3)CCC1CC2)C1(C2=CC=CC2)CCCCCC1,0.0069999999999999
1909,CCNC(=NS(=O)(=O)c1cccc(Cl)c1)N1CC2(C=N1)CCNCC2,0.3399999999999999
1910,CC1(c2cc(NC(=O)c3ccc(Cl)cn3)ccc2F)COCC(N)=N1,0.3399999999999999
1911,COC1CN(c2nc(-c3ncccn3)c(C(=O)O)s2)CCC1N=C(O)c1[nH]c(C)c(Cl)c1Cl,0.0959999999999999
1912,Cc1ccnc(NC(=O)C[N+]23CCC(CC2)C(OC(=O)C2(C4=CC=CC4)CCCCCC2)C3)c1,0.018
1913,Cc1noc(C)c1S(=O)(=O)Nc1c(N2CCC(NCc3ccc(C(F)(F)F)cc3)CC2)c(=O)c1=O,0.0659999999999999
1914,Cc1ccc(C(=CCN2CCCC2)c2ccccn2)cc1,0.0999999999999999
1915,CC(C)n1nc(-c2cnc(N)nc2-c2ccccc2)ccc1=O,0.2279999999999999
1916,CC(C)NCC(O)COc1cccc2ccccc12,0.1155848214285714
1917,FC(F)OC(F)(F)C(F)Cl,0.03
1918,OCCN1CCN(CCCN2c3ccccc3C=Cc3ccccc32)CC1,0.0999999999999999
1919,c1ccc(-c2cnc(SCCc3c[nH]cn3)[nH]2)cc1,0.16
1920,CCC(O)OCCCOC,0.8901
1921,COc1ccc2c(C)nc(=O)n(CCN3CCC(NCc4cc5c(cn4)OCCO5)CC3)c2c1,0.4
1922,Cc1cnc(N)nc1OCC(C)(C)CO,0.4599999999999999
1923,N#Cc1cnn2c(NC3CC3)cc(-n3ccc4ccc(CO)cc43)nc12,0.019
1924,O=C(O)c1ccccc1C(c1ccc(O)cc1)c1ccc(O)cc1,0.00918
1925,CC1=C(C(N)=O)C(c2ccc(C(C)C)cc2)n2nc(SCc3ccccc3)nc2N1,0.013
1926,CN(C)CCCN(C)CCCN(C)C,0.0383
1927,COc1ccc(-c2ccc(S(=O)(=O)NC(C(=O)O)C3CCCC(N(C)S(C)(=O)=O)C3)cc2)cc1,0.0059999999999998
1928,Cc1cc(N=C(O)C[N+]23CCC(CC2)C(OC(=O)C2(C4=CC=CC4)CCCCCC2)C3)ncn1,0.1999999999999999
1929,CNC(=O)C12CC1C(n1cnc3c(NC)nc(C#Cc4ccco4)nc31)C(O)C2O,0.242
1930,CS(=O)(=O)NCCNc1nonc1C(=NO)Nc1ccc(F)c(Br)c1,0.024
1931,CC(=O)Nc1cc(Nc2cc(NC3CC3)n3ncc(C#N)c3n2)ccc1N(C)CCN1CC(F)(F)C1,0.02
1932,N=c1ccn(C2CSC(CO)O2)c(O)n1,0.77
1933,CN(C)C(=O)C(C#N)=C(Nc1cccc2c(Cl)c[nH]c12)NC1CCCCN(CC(=O)N2CCCC2)C1=O,0.16
1934,O=C(OC1C[N+]2(CCCc3ccncc3)CCC1CC2)C1(C2=CC=CC2)CCCCCC1,0.12
1935,CCOCCC(=O)NC1C(=O)N2C1SC(C)(C)C2C(=O)O,0.75
1936,OC1=NC(c2ccccc2)(c2ccccc2)C(O)=N1,0.0999999999999999
1937,CCCCCN(C)CCC(O)(P(=O)(O)O)P(=O)(O)O,0.1490000033333333
1938,Cc1ccc(NC(=O)c2ccc(CN3CCN(C)CC3)cc2)cc1Nc1nc(-c2cccnc2)cs1,0.03
1939,CCCCCC,0.1931
1940,CCOC(=O)C1=C(CN2CCOCC2)NC(c2nccs2)=NC1c1ccc(F)cc1Br,0.0009999999999998
1941,COc1cccc(OC)c1C(=O)NC1C(=O)N2C1SC(C)(C)C2C(=O)O,0.5172486705820106
1942,CNC1C(OC2C(OC3C(O)C(O)C(N=C(N)N)C(O)C3N=C(N)N)OC(C)C2(O)C=O)OC(CO)C(O)C1O,0.6272222222222222
1943,CNC(=O)c1ccc(-c2cc3cccc(-c4nn(C5CCOCC5)c5c4CN(C(C)=O)CC5)c3cn2)cn1,0.05
1944,OCCN1CC(O)C(O)C(O)C1CO,0.9638928596428572
1945,CC1(C)C(C(=O)O)N2C(=O)CC2S1(=O)=O,0.62
1946,CCN(C)C(=O)C1CC(c2ccc(CN3CCCC3)c(F)c2)C1,0.5700000000000001
1947,Cc1cccc(Cl)c1NC(=O)c1cnc(Nc2cccc(NCCCn3ccnc3)n2)s1,0.01
1948,O=C(NCc1cc(Cl)ccc1-n1cnnn1)C1CC=NN1C(=O)C(O)c1ccc(F)cc1,0.3399999999999999
1949,CC12CCCCCC(Cc3ccc(O)cc31)C2N,0.082
1950,O=C(O)c1cn(Cc2ccc3c(c2)CCC3O)c2cccc(F)c2c1=O,0.324
1951,O=C(NC(=O)c1c(F)cccc1F)Nc1ccc(OC(F)(F)C(F)OC(F)(F)F)c(Cl)c1,0.0025
1952,CCS(=O)(=O)c1ccc(CC(=O)Nc2cc(-c3cc(C#N)cnc3OCC(F)(F)F)cs2)cc1,0.0006
1953,COc1cccc2c1c(NS(=O)(=O)c1ccc(Cl)s1)nn2Cc1cccc(CNC(=O)C2COCCN2C)c1,0.014
1954,COP(=O)(c1cc(C)cc(C=CC#N)c1)c1c(C(=N)O)[nH]c2ccc(Cl)cc12,0.002
1955,CC1CN2c3c(cc4c(C5CC5)noc4c3F)CC3(C(=O)NC(=O)NC3=O)C2C(C)O1,0.052
1956,CN1CCN(CC(NC(=O)CC2CNC(=O)c3cc(-c4cccc(Cl)c4)cn32)C2CCCCC2)CC1,0.03
1957,Cc1nc(-c2ccc(OCC(C)C)c(C#N)c2)sc1C(=O)O,0.008
1958,COc1ccc(-c2cc(=O)[nH]c(=S)n2CCN)c(OC)c1,0.7
1959,CCON=C(C(=O)NC1C(=O)N2C(C(=O)O)=C(Sc3nc(-c4cc[n+](C)cc4)cs3)CSC12)c1nsc(NP(=O)(O)O)n1,0.8
1960,O=C(O)c1ccc(-c2nc(C(=O)c3c(Cl)cccc3C(F)(F)F)n3ccccc23)cc1O,0.005
1961,CS(=O)(=O)c1ccc2nc(N3CCN(C(=O)C4CCCCC4C(O)=NC4(C#N)CC4)CC3)sc2c1,0.42
1962,O=C(O)c1ccccc1[N+](=O)[O-],0.2439
1963,Cn1cnc(S(=O)(=O)N2CC3C(C2)C3(CN=C(O)c2ccc(Cl)c(Cl)c2)CC2CC2)c1,0.02
1964,CC(=O)N1CCN(CCOc2ccc(C3(O)CCN(c4ccc5nnc(C(F)(F)F)n5n4)CC3)cc2)CC1,0.17
1965,Cn1c(Cn2ccc(C(F)(F)F)c(Oc3cc(Cl)cc(C#N)c3)c2=O)n[nH]c1=O,0.24
1966,N=c1nc(N2CCNCC2)c2c([nH]1)-c1ccccc1CC2,0.5900000000000001
1967,Cn1cnc2ccc(-c3cc(F)c(Cn4cnc5cnccc5c4=O)c(F)c3)cc21,0.06
1968,N#Cc1cc(Cl)cc(Oc2c(Cl)ccn(Cc3[nH]nc4ncccc34)c2=O)c1,0.0329999999999999
1969,COc1c(N2CC(C)CC(N)C2)ccc2c(=O)c(C(=O)O)cn(C3CC3)c12,0.84
1970,O=c1[nH]c2ccccc2n1CCN1CCN(c2cccc(C(F)(F)F)c2)CC1,0.02
1971,C=CC(=O)Nc1cc(Nc2ncc(Cl)c(-c3cnn4ccccc34)n2)c(OC)cc1N1CCC(N(C)C)C1,0.027
1972,O=C(O)c1ccc2nc(-c3cc(Cl)cc(Cl)c3)oc2c1,0.01
1973,CC(N)=[N+]1CCC(SC2=C(C(=O)[O-])N3C(=O)C(C(C)O)C3C2)C1,0.94
1974,CC1Cn2c(nnc2-c2ncccn2)C(=O)N1Cc1cccc(C(F)(F)F)c1Cl,0.2099999999999999
1975,CC(C)CC1C(=O)NC(C2Cc3ccccc3C2)C(=O)N1C(C(=O)NC(C)C)c1ccc(Br)s1,0.01
1976,CC1=C(CC(=O)O)c2cc(F)ccc2C1=Cc1ccc(S(C)=O)cc1,0.0684358974358974
1977,FC(F)(F)c1ccc(Oc2ccc(-c3noc(-c4ccc5[nH]ccc5c4)n3)cc2)cc1,0.018
1978,CN1CCCCC1c1nc(O)c(O)c(C(=O)NCc2ccc(F)cc2)n1,0.0526666666666666
1979,CCC(CC)OC1C=C(C(=O)O)CC(NC(C)=N)C1NC(C)=O,0.963
1980,Cc1c(-c2ccc(N3CCCC(C)C3)cc2)[nH]c2cc(F)cc(F)c2c1=O,0.006
1981,N#CC1(NC(=O)C2CCCCC2C(=O)N2CCN(c3nc4ccccc4s3)CC2)CC1,0.17
1982,CCCCCC(O)CCC1C(O)CC2Cc3c(cccc3OCC(=O)O)CC21,0.0899999999999999
1983,COc1ccc(S(=O)(=O)N2CCSC2C(=O)OC(Cc2c(Cl)c[n+]([O-])cc2Cl)c2ccc(OC(F)F)c(OCC3CC3)c2)cc1C(=O)N(C)C,0.0017
1984,Cc1cnc(NCCc2ccccn2)c(=O)n1CC(O)=NCc1cccc(Cl)c1,0.06
1985,CC(O)CN1CCN(CCOC(c2ccccc2)c2ccc(Cl)cc2)CC1,0.0999999999999999
1986,CCN(CC)C(=O)SCc1ccc(Cl)cc1,0.0025000094
1987,CC(O)(c1ccc(C(=O)N(C2CCC(CC3(C(N)=O)CC3)CC2)C2CC2)cc1)C(F)(F)F,0.12
1988,CNC(=O)c1ccc(-c2cnc3ncc(Cc4ccc5ncccc5c4)n3n2)cc1F,0.04
1989,COCC1CCCN1C(=O)c1cc(C)cc(C(O)=NC(Cc2cc(F)cc(F)c2)C(O)C2CC(Oc3ccccc3)CN2)c1,0.04
1990,COC1C(OC(N)=O)C(O)C(Oc2ccc3c(=O)c(NC(=O)c4ccc(O)c(CC=C(C)C)c4)c(O)oc3c2C)OC1(C)C,0.05
1991,CC(C)(C)CN1CCC(c2ccccc2Oc2ncccc2NC(=O)Nc2ccc(OC(F)(F)F)cc2)CC1,0.0009999999999998
1992,CC(c1ccc(F)cc1)N1C(=O)OC(Cc2ccccc2)(c2nc3cc(C(F)(F)F)ccc3[nH]2)C1=O,0.002
1993,N#Cc1ccccc1N1CCN(C(=O)COCc2ccccc2)CC1,0.06
1994,O=C(O)CCc1cc(F)c(OCc2c(C(F)(F)F)ccn2-c2ccc(Cl)cc2)c(F)c1,0.0008
1995,CC(=O)Nc1cc(Nc2cc(NC3CC3)n3ncc(C#N)c3n2)ccc1C1CC1,0.02
1996,Cn1nnnc1-c1cccc(N=C(O)NC2CCCCC2CN2CCCC(Cc3ccc(F)cc3)C2)c1,0.0799999999999999
1997,Cc1cc2n[nH]c(=O)n2c2cc(-c3ccc[nH]3)ccc12,0.03
1998,O=C(NCC(Cc1ccccc1)N1CCC(O)(C(F)(F)F)CC1)C1(c2ccc(Cl)cc2)CCCC1,0.0010999999999999
1999,Clc1ccc(CN2CCOC(COc3ccccc3)C2)cc1Cl,0.002
2000,O=c1[nH]c2c(O)ccc(C(O)CNC3CCCC3OCc3ccccc3)c2s1,0.039
2001,CCCCCC1C(=O)NC(=O)NC1=O,0.5
2002,CC=C1NC(=O)C2CSSCCC=CC(CC(=O)NC(C(C)C)C(=O)N2)OC(=O)C(C(C)C)NC1=O,0.0699999999999999
2003,CN(C)C(=O)Cn1c(-c2ccccc2)c(C2CCCCC2)c2ccc(C(=O)NS(=O)(=O)N(C)C)cc21,0.008
2004,CC(C(=O)OC1C[N+]2(CCC3CCCCC3)CCC1CC2)(c1cccs1)N1CCCCC1,0.1069999999999999
2005,CC#CCOc1ccc(C(=O)NC(C(=O)NO)C(C)(C)N)cc1,0.1929999999999999
2006,CN=C(NC#N)NCCSCc1[nH]c[nH+]c1C,0.81
2007,Clc1ccc2c(N3CCN(CCCN4CCN(c5ccnc6cc(Cl)ccc56)CC4)CC3)ccnc2c1,0.01
2008,O=C(CCN1CCc2ccccc2C1)Nc1cc(-c2ccco2)c2oc(-c3ccco3)nc2c1,0.0009999999999998
2009,Cc1ccc(N=C(O)c2cccc(N(C)C)c2)cc1NC(=O)c1ccc(OC(C)C)cc1,0.01
2010,CC(=O)OCC(COC(C)=O)OC(C)=O,5.77e-05
2011,CC(O)(CO)CNc1cc(Nc2cccc(-c3ccc(C(F)(F)F)cc3F)c2)nn2c(C(N)=O)cnc12,0.01
2012,Cc1cc(C(=O)O)ccc1-c1ccc(N2C(=O)N(c3cnccn3)C3(CCN(Cc4ncccc4C)CC3)C2=O)cc1,0.0459999999999999
2013,CCc1cc(Sc2noc(CCC(=O)O)n2)nc(C2CCCCC2C(=O)[N]Cc2ccc(Cl)c(Cl)c2)n1,0.02
2014,COc1ccc(C#Cc2ccc(C(=O)N3CCCC(CO)C3)cc2)cc1,0.02
2015,Cc1ccc(N)cc1Cl,0.145
2016,CCN(CC)CCOC(=O)c1ccc(N)cc1,0.9499999999999998
2017,Cc1nc(C2CCN(C(=O)C3CC(C)(N)CC3c3ccc(F)cc3F)CC2)n(-c2cc(Cl)ccc2Cl)n1,0.245
2018,Cc1nc(O)c(C#N)cc1-c1ccncc1,0.2193750024999999
2019,CCn1c(=O)c2c(nc(C=Cc3ccc(OC)c(OC)c3)n2C)n(CC)c1=O,0.02
2020,FC(F)(F)Br,0.7261
2021,O=C(Nc1cccc(OC(F)F)c1)c1ccccn1,0.04
2022,COc1c(C)nc2ccccc2c1C(=O)NC1C(=O)N2C1SC(C)(C)C2C(=O)O,0.3805
2023,O=C(O)C(S)C(S)C(=O)O,0.05
2024,COc1cc(OC)nc(C2CCCCC2C(=O)[N]Cc2ccc(Cl)c(Cl)c2)n1,0.003
2025,CN(C)C(c1ccccc1)c1nc(O)c(O)c(C(O)=NCc2ccc(F)cc2)n1,0.5045000000000001
2026,CCC(C)C1OC2(C=CC1C)CC1CC(CC=C(C)C(OC3CC(OC)C(OC4CC(OC)C(NC)C(C)O4)C(C)O3)C(C)C=CC=C3COC4C(O)C(C)=CC(C(=O)O1)C34O)O2,0.0006999999999999
2027,CC(C)c1cc(C(C)(C)C)cc(-c2ccc(F)cc2)c1CO,0.0999999999999999
2028,CC1CCCN1CCc1cc2cc(-c3ccc(C#N)cc3)ccc2o1,0.045
2029,CC(O)C1C(=O)N2C(C(=O)O)=C(SC3CC(C(=O)N4CCC(NC(=O)CNC(=N)N)C4)N(C)C3)C(C)C12,0.91
2030,O=C(Nc1cc(-c2cc3c([nH]2)C2(CCNC2)CNC3=O)ccn1)c1cccc(OC(F)(F)F)c1,0.017
2031,O=C(NCc1ccc(S(=O)(=O)c2ccc(N3CCOCC3)nc2)cc1)c1ccc2nccn2c1,0.012
2032,COCCOc1ccc(-c2ccc(COc3ncccc3C(N)=O)nc2)c(C)c1,0.042
2033,CCCC(C)N(c1cc(Cl)ccc1CO)S(=O)(=O)c1ccc(Cl)cc1,0.01
2034,CN=C(O)c1ccc2c(c1)OCCc1cc(C(=O)N(C)c3ccc(C(=O)N(C)C)cc3Cl)sc1-2,0.03
2035,CON=C(C(=O)NC1C(=O)N2C(C(=O)O)=CCSC12)c1csc(N)n1,0.7140666766666667
2036,Nc1cccc(-c2ccc(Cn3cc(C(=O)O)c(=O)c4sccc43)nc2)c1,0.1169999999999999
2037,COc1cc2c(cc1OC)CC(=O)N(CCCN(C)CC1Cc3cc(OC)c(OC)cc31)CC2,0.29
2038,CC(C)S(=O)(=O)NCC1CCC(N=C(O)CN2CCc3cc(Cl)ccc32)CC1,0.009
2039,Cn1c(=O)c2c(ncn2CC(O)CO)n(C)c1=O,0.3066666666666666
2040,COc1ccc(-c2ccc(S(=O)(=O)NC(C(=O)O)C3CCCC(Nc4ccccc4)C3)cc2)cc1,0.002
2041,CCC(=O)N(c1ccccc1)C1(COC)CCN(CCc2cccs2)CC1,0.0805832494999999
2042,O=C(O)COc1ccc(Cl)cc1C#Cc1cccc(Cl)c1,0.003
2043,N#Cc1ccc(-c2ccc(C3=NOC(c4ccccc4-c4cncnc4)N3c3ccc(N4CCNCC4)cc3)o2)cc1,0.035
2044,COc1cnc2c(C(O)=NCCO)cn(Cc3ncnc(N(C)C)c3C)c2c1,0.3
2045,CC(C)(Oc1ccc(-c2cnc(N)c(-c3ccc(Cl)cc3)c2)cc1)C(=O)O,0.0695
2046,COc1c(N2CC3CCCNC3C2)c(F)cc2c(=O)c(C(=O)O)cn(C3CC3)c12,0.5459285739285714
2047,CCCCCCCCO,0.647
2048,OC(c1ccccn1)C1(c2ccc(Cl)c(Cl)c2)CCC1,0.007
2049,O=C(O)C1CC(Oc2ccc3c(c2)OCC3)CN1,0.1099999999999999
2050,Cc1ccc(O)c(C(O)=Nc2ncc(Cl)s2)c1,0.01
2051,Cc1cn(C2CC([N-][N+]#N)C(CO)O2)c(=O)[nH]c1=O,0.70000001
2052,Cc1nc(C2CCN(C(=O)C3CNCC3c3ccc(F)cc3F)CC2)n(-c2ccc(Cl)cc2)n1,0.12
2053,Oc1nsc2ccccc12,0.0
2054,COc1ccc(NC(=O)C(C)N=c2nc(O)c3cnn(C4CCCC4)c3[nH]2)cc1,0.057
2055,CNc1nc2ccccc2n1-c1nc(N2CCOCC2C)cc(C2(S(C)(=N)=O)CC2)n1,0.0429999999999999
2056,CC(C)CCCCCCc1ccc(O)cc1,1.41e-07
2057,CCCC1CC(C(O)=NC(C(C)Cl)C2OC(SC)C(O)C(O)C2O)N(C)C1,0.06
2058,COC1CC(c2nc(C(O)=NCc3ccc(F)cc3)c(O)c(=O)n2C)N(C)C1,0.25
2059,CCCNC(=O)c1cn2ncnc(Nc3cc(C(=O)NC4CC4)ccc3C)c2c1C,0.185
2060,CN(C)Cc1nccn1-c1ccc(N=C(O)c2cc(C(F)(F)F)nn2-c2ccc3o[nH]c(=N)c3c2)c(F)c1,0.0949999999999999
2061,CC(C)(C)NCC(O)c1ccc(O)c(CO)c1,0.9080803646428572
2062,Oc1ccccc1-c1ccccc1,0.0410249999999998
2063,OCc1cc(C(O)CNCCCCCCOCCCCc2ccccc2)ccc1O,0.0399999996666666
2064,Cc1ccc2nc(N3CCS(=O)(=O)c4ccccc4C3)cc(NCCN)c2c1,0.0779999999999999
2065,CCCC(CC)C(CCC)C(=O)NC1C(=O)N2C1SC(C)(C)C2C(=O)O,0.0695
2066,N#Cc1csc(NC(=O)C2c3ccccc3Oc3ccccc32)n1,0.027
2067,Clc1ccc(CN2CCOC(COc3cccc(Cl)n3)C2)cc1,0.004
2068,CC(=O)Nc1cc(-c2[nH]c3cccnc3c2-c2cccc(C(F)F)n2)ccn1,0.0899999999999999
2069,O=[N+]([O-])c1ccc(C(O)C(CO)N=C(O)C(Cl)Cl)cc1,0.4375
2070,CN(C)CCCOc1nn(Cc2ccccc2)c2ccccc12,0.8716666600000001
2071,OCC1NCC(O)C(O)C1O,0.99995
2072,NC(=O)NC1CCC(CCN2CCN(c3cccc(Cl)c3Cl)CC2)CC1,0.06
2073,Cc1ccc(-c2ncc(CN3CCOCC3)s2)cc1NC(=O)c1ccc(OCc2ccccn2)cc1,0.0329999999999999
2074,CC(C)(C)Cc1cnc(CC(C)(O)c2ccc(-c3ccc(F)cn3)cc2)[nH]1,0.004
2075,CC(C)c1cc(C(=O)N2Cc3ccc(N4CCNCC4)cc3C2)c(O)cc1O,0.36
2076,CC(=O)OCC(=O)NCCCOc1cccc(CN2CCCCC2)c1,0.948749995
2077,COc1ccc(S(=O)(=O)N2CCSC2C(=O)OC(Cc2c(Cl)c[n+]([O-])cc2Cl)c2ccc(OC(F)F)c(OCC3CC3)c2)cc1OC,0.004
2078,CC1C(NC(=O)C(=NOC(C)(C)C(=O)O)c2nsc(N)n2)C(=O)N1C(=O)NS(=O)(=O)n1nc(-c2cc(=O)c(O)c[nH]2)n(CCCS(C)(=O)=O)c1=O,0.27
2079,Cc1ccccc1N=C(O)Nc1ccc(CC(=O)N2CC(F)CC2COc2ccc(C(=O)O)cc2)cc1Cl,0.02
2080,Cc1c(Cc2ccc(=O)n(Cc3ccc(F)cc3F)n2)c2cc(F)ccc2n1CC(=O)O,0.02
2081,N#Cc1cc(F)c(C(=O)Nc2ccnc(NC(=O)C3CC3F)c2)c(Cl)c1,0.134
2082,CCNS(=O)(=O)c1ccc(C)c(C#Cc2cc(Cl)ccc2OCC(=O)O)c1,0.005
2083,CN1CCN(c2ccc(NC(=O)c3cc(N(C)Cc4ccc(C(F)(F)F)cc4)ncn3)cc2)CC1,0.0013999999999999
2084,CCCCCCCN(CC)CCCC(O)c1ccc(NS(C)(=O)=O)cc1,0.5990476257142857
2085,CC(O)c1nc2cnc3[nH]ccc3c2n1C1CCC(NCC(F)(F)F)CC1,0.35
2086,CCN=C(O)Nc1nc2cc(-c3cccnc3)c(=O)n(CC3CCCCC3)c2s1,0.02
2087,N#Cc1cc(Cl)c(C(=O)Nc2ccnc(NC(=O)C3CC3)c2)c(Cl)c1,0.022
2088,CCNC1=NS(=O)(=O)c2ccccc21,0.56
2089,N=C(O)NO,0.999975
2090,COc1ccc(-c2nnc(C(=O)N3CC(Oc4ccc(CN5CC6(COC6)C5)cc4)C3)o2)cc1,0.26
2091,Cc1nc(C)c(-c2ccc(-c3ccc(C(C)C(=O)O)cc3Cl)c(F)c2)nc1C(=N)O,0.0069999999999999
2092,COc1cc2c(Nc3ccc(Br)cc3F)ncnc2cc1OCC1CCN(C)CC1,0.1199999999999999
2093,CON(C)Cc1ccc(O)c2c1CC1CC3C(N(C)C)C(O)=C(C(N)=O)C(=O)C3(O)C(O)=C1C2=O,0.314
2094,CN(C)C(=O)C(=O)NC(C)(C)c1nc(C(=O)NCc2ccc(F)cc2)c(O)c(=O)n1C,0.28
2095,NC(N)=NC(=O)c1nc(Cl)c(N)nc1N,0.6
2096,COc1ccccc1,0.6202000000000001
2097,COc1ccc2ncc(=O)n(CC(N)C3(F)CCC(NCc4ccc5c(n4)N=C(O)CO5)CC3)c2c1,0.6799999999999999
2098,CC(NC(=O)CO)C(Oc1ccc2c(cnn2-c2ccc(F)cc2)c1)c1ccc(S(C)(=O)=O)cc1,0.04
2099,CN(C)CCS(=O)(=O)N=C(O)c1ccc2c(C3CCCCC3)c(-c3ccccc3)n(CC(=O)N(C)C)c2c1,0.981
2100,CC(c1ccc(F)cc1)N1C(=O)OC(Cc2ccccc2)(c2nc3cc(Cl)ccc3[nH]2)C1=O,0.002
2101,CCN=C(O)Nc1nc2cc(-c3cccnc3)c(=O)n(CC(F)F)c2s1,0.2099999999999999
2102,CCC=CCC=CCC=CCC=CCC=CCCCC(=O)O,0.01
2103,COCCOc1cnc2ccn(C(C)c3nnc4c(F)cc(-c5cnn(C)c5)cn34)c(=O)c2c1,0.419
2104,COCC(C)N(C(=O)CCl)c1c(C)csc1C,0.2319499999999999
2105,Cc1ccc2c(c1)c(-c1cc(C)nc3ccccc13)c(C)n2CC(=O)O,0.004
2106,Cn1c(=O)c2c(ncn2CCCNCC(O)c2cc(O)cc(O)c2)n(C)c1=O,0.5
2107,O=C1CC(c2c(Cl)cccc2Cl)CC(O)=C1Sc1ccccc1Cl,0.005
2108,CC(C)c1ccc(S(C)(=O)=O)cc1C#Cc1cc(Cl)ccc1OCC(=O)O,0.003
2109,CC(C)c1cc(N2CCC(N)C2)nc(N)n1,0.81
2110,Cc1c(Cl)c(C)[n+]([O-])c(Cl)c1-c1noc(-c2cc(O)c(O)c([N+](=O)[O-])c2)n1,0.01
2111,CC(Oc1cccc2ncnc(Nc3ccc4c(cnn4Cc4nccs4)c3)c12)C(=O)N1CCOCC1,0.78
2112,NCC1(C(=O)O)CCCCC1,0.9808333433333332
2113,CCc1cc(C(C)=NOCc2ccc(C3CCCCC3)c(C(F)(F)F)c2)ccc1CN1CC(C(=O)O)C1,0.0009999999999999
2114,CN1CCC23CCCCC2C1Cc1ccc(O)cc13,0.5976190542857144
2115,CCn1c(=O)c(-c2cc(NC(=O)Nc3ccccc3)c(F)cc2Br)cc2cnc(NC)cc21,0.002
2116,CCN=C(O)Nc1cc(-c2nc(C(F)(F)F)cs2)c(-c2cncc(-c3nc(=O)o[nH]3)c2)cn1,0.0109999999999998
2117,Cc1ccc(-n2[nH]c(C)c(N=Nc3cccc(-c4cccc(C(=O)O)c4)c3O)c2=O)cc1C,0.01
2118,OC1=NC(c2ccccc2)CC(O)=C1Oc1ccccc1Cl,0.022
2119,Cc1ccc(CCC[N+]23CCC(CC2)C(OC(=O)C2(C4=CC=CC4)CCCCCC2)C3)cn1,0.05
2120,CC(NCc1c(C(=O)NC2CCCC(O)C2)noc1-c1ccc(C(F)(F)F)cc1)C(F)(F)F,0.0479999999999999
2121,CC(=O)N1C2C=C(c3cnc(NCc4ccc5c(c4)OCC5)c(C(=O)NCC4COc5ccccc5O4)c3)CC1CC2,0.01
2122,COc1ccc(-c2csc(NC(=O)C3CCCCN3S(=O)(=O)c3ccc(C)cc3)n2)cc1,0.0059999999999998
2123,CN(C)C(=O)Cn1c(-c2ccccc2)c(C2CCCCC2)c2ccc(-c3noc(=O)[nH]3)cc21,0.0009999999999998
2124,N#Cc1ccc(OCCCN2CCC(C(O)(c3ccccc3)C3CCCC3)CC2)cc1,0.004
2125,COC12CCC3(CC1C(C)(O)C(C)(C)C)C1Cc4ccc(O)c5c4C3(CCN1CC1CC1)C2O5,0.0399999996666666
2126,COc1cc2nnc(C(=N)O)c(Nc3cccc(Cl)c3F)c2cc1N1CCN(C)CC1,0.0779999999999999
2127,Cc1cnc(Nc2ccc(OCCN3CCCC3)cc2)nc1Nc1cccc(S(=O)(=O)NC(C)(C)C)c1,0.0799999999999999
2128,NC1CCc2c(Br)ccc(-c3ccccc3)c2CC1=O,0.01
2129,NC(C(=O)N1CCCC1C(O)=NCc1cc(Cl)ccc1OCC(O)=NC1CC1)C1CCCCC1,0.12
2130,Cc1ccc(NC(=O)CN2C(Cc3ccccc3)CC3(C)NC(=O)CCCC23)cc1F,0.7290000000000001
2131,CON=C(C(=O)OC)c1ccccc1CON=C(C)c1cccc(C(F)(F)F)c1,0.0072
2132,CCNC1CC(C)S(=O)(=O)c2sc(S(N)(=O)=O)cc21,0.6962499966666668
2133,CC(c1ccc(F)cc1)N(Cc1cccc(C(=O)O)c1)C(=O)c1cnc2ccccc2c1,0.012
2134,Cn1nc(-c2ccc(F)cc2)cc1C1(c2ccccn2)CCN(CCc2ccccc2)CC1,0.01
2135,O=C(c1cccn2cncc12)N1CCC(F)(F)C(Oc2ccc3ccccc3n2)C1,0.1099999999999999
2136,c1ccc2cc3ccccc3cc2c1,0.0252
2137,CCCOC(=O)c1ccc(C(=O)OCCC)nc1,0.865
2138,Cc1oc(-c2ccccc2)nc1CCOc1cccc2c1ccn2CCC(=O)O,0.00409
2139,COC(=O)CCCC(=O)OC,0.6989000000000001
2140,CN(C)CCN(C)N1C=C(c2ccccc2)C2C=CC=CC21,0.0399999994999999
2141,COc1c(N2CC(C)(N)C3(CC3)C2)c(F)cc2c(=O)c(C(=O)O)cn(C3CC3F)c12,0.653
2142,COc1ccc(N(Cc2cnccc2C)C2CCN(C(C)CCNC(=O)c3c(C)cc(Cl)nc3C)CC2)cc1,0.0799999999999999
2143,O=C(O)CCNC(=O)c1ccc(NN=C2C=CC(=O)C(C(=O)O)=C2)cc1,0.01
2144,Nc1ncnc2[nH]cnc12,0.8541
2145,Cc1ccnc(C2(C#N)CCN(Cc3cc4c(c5ccccc35)CN(C3CCCCC3O)C4=O)CC2)c1,0.0059999999999998
2146,CC1CCCN1CCCOc1ccc(C2=NNC(=O)C3CC23)cc1,0.47
2147,CN1CCN(c2nc(C(O)=NCc3ccc(F)cc3)c(O)c3ncccc23)CC1,0.0209999999999999
2148,Cc1cc(=O)n(CC(N)C2CCC(NCc3ncc4c(n3)NC(=O)CO4)CC2)c2cc(F)ccc12,0.6599999999999999
2149,Cc1ccc(Nc2cc(NC3CCCCC3N)nnc2C(N)=O)nc1C,0.154
2150,CC(CCn1ccc(-c2ccccc2)cc1=O)(C(=O)NO)S(C)(=O)=O,0.14
2151,CC1C(N=C(O)C(=NOC(C)(C)C(=O)O)c2csc(=N)[nH]2)C(=O)N1C(O)=NS(=O)(=O)N1CC(NC(O)=NCc2cc(=O)c(O)cn2O)CC1=O,0.26
2152,CNCCN(C)Cc1c[nH]nc1-c1ccc(OC2CC(OCCC3CCOCC3)C2)cc1,0.52
2153,Cn1c2c(c(=O)n(C)c1=O)C(C(F)(F)F)(C(F)(F)F)NC(c1ccc(Cl)cc1)=N2,0.007
2154,Oc1ncc(F)c(O)n1,0.7988888822222223
2155,COc1ccc(-n2nc(C#N)c3c2C(=O)N(c2ccc(C4(CN5CCCC5)CC4)cc2)CC3)cc1,0.3199999999999999
2156,N#CCc1ccccc1C#Cc1ccc(CCC(=O)O)cc1,0.0009999999999998
2157,CN=C(O)C(c1ccccc1)N1CCn2c(C3CC3)nc(Cl)c2C1CCc1ccc(C(F)(F)F)cc1,0.01
2158,CCCCC(O)(Cn1cncn1)c1ccc(Cl)cc1Cl,0.0409999999999999
2159,Cc1ccc(C2CC(C(F)(F)F)n3ncc(C(=O)NCc4ccc(F)cc4)c3N2)nc1,0.039
2160,O=C(NCc1ccc(S(=O)(=O)c2ccc(N3CCOCC3)nc2)cc1)c1cc2ccncc2o1,0.005
2161,CCC1CC(N(Cc2cc(C(F)(F)F)cc(C(F)(F)F)c2)c2ncc(-c3cnn(C)c3)cn2)CC(CC)N1C(=O)OC1CCC(C(=O)O)CC1,0.0059999999999998
2162,C1Cc2c3c(c4c(c2C1)CCC4)CCC3,0.73
2163,CCOC(=O)Nc1cccc(NC(=O)c2ccccc2Br)c1,0.05
2164,Nc1cccc(-c2ccc(O)c(C(=O)O)c2)c1,0.018
2165,CCC(C)C(=O)N1CCC(NC(=O)Nc2ccc(OC(F)(F)F)cc2)CC1,0.0759999999999999
2166,CC(C)C(=O)N1CCC(NC(=O)Nc2ccc(C(F)(F)F)cc2)CC1,0.15
2167,O=c1ccc2ncc(F)c3c2n1CC3(O)CN1CCC(NCc2cc3c(cn2)OCCO3)CC1,0.77835
2168,CCS(=O)(=O)Nc1cccc(NC(=O)c2ccccc2Br)c1,0.0699999999999999
2169,Oc1cccc2cccnc12,0.1184
2170,CC(=O)Oc1cc(C(C)C)c(OCCN(C)C)cc1C,0.7400000033333333
2171,CN1CC(O)CC1c1nc(C(O)=NCc2ccc(F)cc2)c(O)c(=O)n1C,0.28
2172,CC(C)c1[nH+]c(N(C)S(C)(=O)=O)nc(-c2ccc(F)cc2)c1C=CC(O)CC(O)CC(=O)[O-],0.12
2173,N=C(O)CN1C(=O)C(NC(=O)c2cc3cc(Cl)sc3[nH]2)Cc2ccccc21,0.9962
2174,OC1=Nc2ccc(Cl)cc2C(C#CC2CC2)(C(F)(F)F)O1,0.0023999999999999
2175,CCN(CC)CCNC(=O)c1cc(S(C)(=O)=O)ccc1OC,0.9995708333333332
2176,Cc1nn(C)c(Oc2ccccc2)c1C=NOCc1ccc(C(=O)OC(C)(C)C)cc1,0.0046
2177,CC(=O)N1C2C=C(CN3CCC(NC(=O)Nc4cc(F)cc(C(F)(F)F)c4)CC3)CC1CCC2,0.013
2178,CN1CCN(c2ccc3[nH]cc(C(=N)O)c(=Nc4ccc(Cl)c(Cl)c4)c3c2)CC1,0.0579999999999999
2179,Cc1c(Cc2ccc(=O)n(Cc3ccc(C(C)(C)O)cc3)n2)c2cc(F)ccc2n1CC(=O)O,0.02
2180,CCOc1cc2[nH]cc(C(=N)O)c(=Nc3ccc(Cl)c(Cl)c3)c2cc1N1CCN(C)CC1,0.008
2181,C=CC(=O)Nc1cccc(Oc2nc(Nc3ccc(N4CCN(C)CC4)c(F)c3)nc3[nH]ccc23)c1,0.0087
2182,COCC(ON=C(C(=O)NC1C(=O)N(OS(=O)(=O)O)C1(C)C)c1csc(N)n1)c1cc(=O)c(O)cn1O,0.0067
2183,COc1cc(NC(C(=O)c2c[nH]c3ccccc23)c2ccccc2)cc(OCCO)c1,0.01
2184,O=C(O)c1cc2c(Oc3ccc(Cl)cc3)cncc2s1,0.002
2185,O=C(OC1CC2CC3CC(C1)N2CC3=O)c1c[nH]c2ccccc12,0.2955555605555555
2186,Cn1cncc1C(N)(c1ccc(Cl)cc1)c1ccc2c(c1)c(-c1cccc(Cl)c1)cc(=O)n2C,0.0063999999999999
2187,COC(=O)N1CC2(CC2)CC(C(O)=NO)C1C(=O)N1C=CC(c2ccccc2)CC1,0.3
2188,COc1ccc(N(Cc2cccc(C#N)n2)C2CCN(C(C)CCN=C(O)c3c(C)cc(F)nc3C)CC2)cc1,0.2099999999999999
2189,CCC(N=C(O)N1CCc2cnc(NC(C)CO)nc2C1)c1ccc(F)c(F)c1,0.2259999999999999
2190,COc1ccc(CCN(C)CCCC2(c3ccc(OC)c(OC)c3)S(=O)(=O)CCCS2(=O)=O)cc1OC,0.33
2191,ClC(Cl)c1ccccc1,1.03e-07
2192,COCCC(CC1(C(=O)NCCCc2ccc(F)cc2)CCCC1)C(=O)O,0.1240000000000001
2193,CNC(=O)Cc1ccccc1CNC(=O)c1nc(N2CCCCS2(=O)=O)c2cccnc2c1O,0.0799999999999999
2194,CCN=C(O)Nc1nc2cc(-c3ccc4ncnn4c3)c(=O)n(C(C)C)c2s1,0.1999999999999999
2195,O=C(O)CCc1cc(F)c(OCc2c(-c3ccc(Cl)cc3F)nsc2C(F)(F)F)c(F)c1,0.0012999999999999
2196,CNC(=O)c1nnc2ccc(-c3ccc(OCCCN(C)C)nc3)cc2c1NC(C)C1CCOCC1,0.04
2197,Cc1nc2c[nH]c3nccc-3c2n1C1CCCC(O)C1,0.6
2198,CC(c1nc(O)c(O)c(C(O)=NCc2ccc(F)cc2)n1)N(C)C,0.0749999999999999
2199,Nc1nc(OC2CCCC2)nc2c1ncn2C1OC(CO)C(O)C1O,0.6599999999999999
2200,C=CC1(C)CC(OC(=O)CSC2CCC(N)CC2O)C2(C)C(C)CCC3(CCC(=O)C32)C(C)C1O,0.111
2201,CCN1CC(C)(C)OC(=O)C1CC(=O)NCc1cccc(-c2ccccc2)c1,0.003
2202,COc1cc2c(c3oc(=O)c4c(c13)CCC4=O)C1C=COC1O2,0.4579999999999999
2203,CCCOCC(=Nc1ccc(Cl)cc1C(F)(F)F)n1ccnc1,0.0064949999999999
2204,C=CC(O)=Nc1ccc(S(=O)(=O)N2CCN(C(=O)C3CC3)CC2)cn1,0.5
2205,Cc1cc2c(s1)Nc1ccccc1N=C2N1CCN(C)CC1,0.0943333333333333
2206,CON=C(C(O)=NC1C(=O)N2C(C(=O)O)=C(COC(=N)O)CSC12)c1ccco1,0.5
2207,Nc1ncnc2c1C(=O)N(c1ccc(-c3ccc(Cn4cccnc4=O)cc3Cl)cc1)CCO2,0.2249999999999999
2208,CC(NCc1c(C(O)=NC2CCCC(O)C2)noc1-c1ccc(C(F)(F)F)cc1)C(F)(F)F,0.0479999999999999
2209,COc1ccc2c(c1)C13CCCCC1C(C2)N(C)CC3,0.4048333333333332
2210,COCCOc1cc2oc(=O)n(CCC(=O)O)c2cc1Cl,0.2929999999999999
2211,CC(CO)Nc1cc(NS(=O)(=O)N2CCOCC2)nc(SCc2cccc(Cl)c2F)n1,0.015
2212,COc1ccc(Nc2ncc(CN3CCN(S(C)(=O)=O)CC3)cc2-c2nc(C)nc(N)n2)cn1,0.1729999999999999
2213,CC(c1nc(O)c(O)c(C(=O)NCc2ccc(F)cc2)n1)N(C)C,0.0749999999999999
2214,O=C(C[N+]12CCC(CC1)C(OC(=O)C1(C3=CC=CC3)CCCCCC1)C2)Nc1cccc(C(F)(F)F)n1,0.004
2215,COc1cc(NC(=O)c2ccccn2)ccc1Cl,0.022
2216,NC(=NCCCCCCN=C(N)N=C(N)Nc1ccc(Cl)cc1)N=C(N)Nc1ccc(Cl)cc1,0.13
2217,O=c1ccc2ccc(F)c3c2n1CC3CN1CCC(NCc2cc3c(nn2)OCCO3)CC1,0.5754999999999999
2218,Cc1cc(Cl)nc(C)c1C(O)=NCCC(C)N1CCC(N(Cc2ccsc2)C(=O)CC#N)CC1,0.54
2219,O=C(C[N+]12CCC(CC1)C(OC(=O)C1(C3=CC=CC3)CCCCCC1)C2)Nc1cccnn1,0.0999999999999999
2220,CN(C)CCC=C1c2ccccc2COc2ccccc21,0.1907999999999999
2221,Cc1cc(Nc2ncnc3ccc(-c4cccc(N5CCOCC5)c4)cc23)on1,0.0059999999999998
2222,N#CC1(c2ccccn2)CCN(Cc2cc(C(=O)O)c(=O)n3ccccc23)CC1,0.2909999999999999
2223,CN1CC(=O)N2C(CC3=C(N=C4C=CC=CC43)C2c2ccc3c(c2)OCO3)C1=O,0.06
2224,Cn1cc(-c2cc3c(N4CCN(c5ncc(C(C)(N)c6ccc(F)cc6)cn5)CC4)ncnn3c2)cn1,0.012
2225,CN(C)CCNC(=O)C1c2ccccc2CC1NC(=O)c1cc2ccccc2[nH]1,0.88
2226,CCCS(=O)(=O)c1ccc(C)c(C#Cc2cc(Cl)ccc2OCC(=O)O)c1,0.004
2227,Fc1cccc(COc2ccc(Nc3ncnc4ccc(-c5ccnc(N6CCOCC6)n5)cc34)cc2Cl)c1,0.002
2228,CC(C(=O)OC1C[N+]2(CCCc3cncnc3)CCC1CC2)(c1ccccc1)N1CCCCC1,0.776
2229,CC(=O)c1sc(NC(O)=NC2CCCCC2CN2CCCC(Cc3ccc(F)cc3)C2)nc1C,0.0309999999999999
2230,O=C(O)CC(N=C(O)Cn1c(C2CC2)cnc(NCc2ccc3c(n2)NCCC3)c1=O)c1ccc2c(c1)OCO2,0.025
2231,CC1(O)CC(c2nc(-c3ccc4ccc(-c5ccccc5)nc4c3F)c3c(N)ncnn23)C1,0.027
2232,O=C(O)CCn1c(=O)oc2cc(OCC3CCC3)c(Cl)cc21,0.019
2233,CNC(C)C(O)=NC1CCCC2CC3CCN(C(O)=Nc4ccccc4)CC3N2C1=O,0.62
2234,CC1CN(c2cc(=O)c3cc(C(=O)N(C)C)cc(C(C)Nc4cc(F)cc(F)c4)c3o2)CCO1,0.14
2235,CC(C(=O)OC1C[N+]2(CC(O)=Nc3cccc(F)c3)CCC1CC2)(c1ccccc1)N1CCCCC1,0.004
2236,CC1(C(O)=Nc2ccc(F)nc2)CCCN1c1nc(=Nc2cc(C3CC3)[nH]n2)c2cccn2[nH]1,0.0409999999999999
2237,O=C(O)CN1C(=O)C2(N=C(O)N(Cc3cc(Cl)ccc3F)C2=O)c2cc(Cl)ccc21,0.023
2238,Cc1ccc(NC(=O)c2cccc(N3CCOCC3)c2)cc1NC(=O)c1ccc(OCc2ccccn2)cc1,0.0359999999999999
2239,CC(Cc1ccc(O)cc1)NCC(O)c1cc(O)cc(O)c1,0.54399999
2240,CC(=O)Nc1cccc(Nc2cc(NC3CC3)n3ncc(C#N)c3n2)c1,0.05
2241,N=c1nc2ccc(-c3cncc(S(=O)(=O)Nc4cccc5ccccc45)c3)cn2[nH]1,0.01
2242,O=C1CN=C(c2ccc(Cl)cc2)c2cc([N+](=O)[O-])ccc2N1,0.0479999999999999
2243,Cc1nc(C)c(-c2ccc(C3CCC(CC(N)=O)CC3)cc2)nc1C(N)=O,0.13
2244,Cc1ccc(NC(=O)NC2CCCCCC2)cc1Cl,0.003
2245,CNCCCc1cncc(CCc2cc(C)cc(N)n2)c1,0.8
2246,Cc1ccncc1CN(c1ccc(OCC(=N)O)cc1)C1CCN(C(C)CCN=C(O)c2c(C)cc(C#N)nc2C)CC1,0.1099999999999999
2247,CCCCCCCCC[CH-][N+](C)(C)CCCCCCCCCC,0.0
2248,O=[N+]([O-])c1ccc2c(c1)CCN2c1ccc(OC2OC(CO)C(O)C(O)C2O)c(Cl)c1,0.01
2249,COC(=O)c1ccc(NS(C)(=O)=O)cc1S(=O)(=O)NC(=O)Nc1nc(OC)cc(OC)n1,0.005
2250,O=C(CN1C(=O)C(NC(=O)c2cc3cc(Cl)sc3[nH]2)Cc2ccccc21)NO,0.0004
2251,CN(C)C1C(=O)C(C(N)=O)=C(O)C2(O)C(O)=C3C(=O)c4c(O)ccc(Cl)c4C(C)(O)C3CC12,0.5066666616666666
2252,CCc1c(CCN2CC(C(=O)O)C2)cccc1-c1nsc(-c2ccc(OC(C)C)c(C(F)(F)F)c2)n1,0.0024999999999999
2253,CCc1c(CCCC(=O)O)cncc1-c1nsc(-c2ccc(OC(C)C)c(C(F)(F)F)c2)n1,0.0012
2254,Cc1cc(-c2ccc3c(c2)CCC3N2CCC(N(C)C(=O)NC(C)c3ccc(C#CC4CC4)c(Cl)c3Cl)CC2)ncn1,0.0001000000000001
2255,CC(=O)N(CC(O)CN(C(C)=O)c1c(I)c(C(=O)NCC(O)CO)c(I)c(C(=O)NCC(O)CO)c1I)c1c(I)c(C(=O)NCC(O)CO)c(I)c(C(=O)NCC(O)CO)c1I,1.0
2256,N#Cc1ccc(Nc2nn(C3COCCC3C#N)cc2C(N)=O)cc1,0.2099999999999999
2257,CC(C)(C)c1ccc(O)cc1,0.1051999999999999
2258,Cn1ccc(-c2ccc(Cc3cc(C(=O)NC4CCOCC4O)nc4c3ccn4C)cc2)n1,0.02
2259,O=C(O)CCCCC1CCSS1,0.01
2260,Cc1nc(N(C)C)nc(OC(=O)N(C)C)c1C,0.1630749999999999
2261,CCS(=O)(=O)c1ccc(CC(=O)Nc2cc(-c3cccnc3OCc3ccccc3)cs2)cc1,0.0002999999999999
2262,Cc1onc(C(=O)N2C3CCC2CC(Nc2cc(=O)n(C)c4nccnc24)C3)c1C,0.05
2263,COc1cc(-c2cnc3[nH]cc(-c4ccc(N)nc4)c3c2)cc(OC)c1OC,0.012
2264,CCC(CC)CC1(O)CCN(C(=O)Nc2cc(Oc3ccncc3)cc(Oc3ccc(F)cc3)c2)CC1,0.002
2265,C1=Cc2cccc3cccc1c23,0.0111799999999999
2266,CC12CC1(C)C(=O)N(c1cc(Cl)cc(Cl)c1)C2=O,0.0499
2267,Cc1ccc(C(F)(F)CNc2ccc(C#N)c(CC(=O)NCCONC(=N)N)c2F)nc1,0.024
2268,Nc1ccn(CC(CO)OCP(=O)(O)O)c(=O)n1,0.9765476257142858
2269,O=C1c2cc(COc3ccccc3)nn2CCC1c1ccc(F)cc1,0.008
2270,Cc1cc(C(=O)O)ccc1-c1ccc(N2C(=O)N(c3cnccn3)C3(CCN(Cc4ncccc4C)CC3)C2=O)cn1,0.0999999999999999
2271,COC1CN(c2nc(C(O)=NCCN3CCOCC3)c(C(=O)O)s2)CCC1N=C(O)c1[nH]c(C)c(Cl)c1Cl,0.054
2272,Cc1noc(C)c1S(=O)(=O)N=c1c(N2CCN(CCc3ccccc3)CC2)c(O)c1=O,0.049
2273,CC1OC(OC2C(CO)OC(OC(C(O)CO)C(O)C(O)C=O)C(O)C2O)C(O)C(O)C1NC1C=C(CO)C(O)C(O)C1O,0.85
2274,CN1CC(C(=O)NC2(C)OC3(O)C4CCCN4C(=O)C(Cc4ccccc4)N3C2=O)C=C2c3cccc4[nH]cc(c34)CC21,0.0399999989999999
2275,O=C(NC1CC1)c1ccc(-c2ccc(Cn3cc(C(=O)O)c(=O)c4cccc(F)c43)cc2)cc1,0.019
2276,CC(CO)CONC(=O)c1ncc2cncn2c1Nc1ccc(I)cc1F,0.14
2277,Nc1ncnc2c1C(=O)N(c1ccc(-c3ccc(CC(=O)N4CCNC(=O)C4)cc3Cl)cc1)CCO2,0.302
2278,OCC1OC(n2c[nH+]c3c2NC=NCC3O)CC1O,0.97
2279,CN(C)S(=O)(=O)c1cncc(C#Cc2cc(Cl)ccc2OCC(=O)O)c1,0.0329999999999999
2280,CCCOC(C(=O)OC1CCN(C)CC1)(c1ccccc1)c1ccccc1,0.0937499999999999
2281,Cc1nc2sc(C(O)=NC3CC3)c(N)c2c(C)c1Cl,0.0109999999999998
2282,O=C1Nc2ccc(F)c(F)c2C(CC(F)F)(c2ccc(F)cc2)N1CC(F)(F)F,0.015
2283,CN(Cc1ccc(C(F)(F)F)nc1)c1cc(C(=O)Nc2nncs2)ncn1,0.0031999999999999
2284,CCCCCN(CCCOC)C(=O)C(CCC(=O)O)NC(=O)c1ccc(Cl)c(Cl)c1,0.0217749999999999
2285,CC(CS(C)(=O)=O)N=c1[nH][nH]c2nc(Oc3ccc(F)cc3F)ncc12,0.187
2286,CCNC(=O)c1cc2c(-c3cc(OCCN(CC)CC)c(Cl)cc3Cl)nc(N)nc2s1,0.0379999999999999
2287,CN(Cc1ccc(-c2ccc(N3CCOc4ncnc(N)c4C3=O)cc2)c(Cl)c1)C(=O)CCCN,0.42
2288,CC(C)(C)c1cc(NC(=O)NC2C3CC4CC(C3)CC2C4)no1,0.0479999999999999
2289,COc1ccc(NC(=O)c2ccc(C(=N)N(C)C)cc2)c(C(=O)Nc2ccc(Cl)cn2)c1,0.4
2290,COc1ccccc1Oc1c(NS(=O)(=O)c2ccc(C)cn2)nc(-c2ccnc(-c3nnn[nH]3)c2)nc1OCCO,0.02
2291,CS(=O)(=O)c1cc(Cl)c(NC(=O)N2CCN3C(=O)N(C4CC4c4ccccc4)C(=O)C3C2)c(Cl)c1,0.007
2292,COC(=O)CCc1ccc(OCC(O)CNC(C)C)cc1,0.5047222172222222
2293,COc1cc2nnc(C(=N)O)c(Nc3ccc(C)cc3F)c2cc1N1CCN(C)CC1,0.0629999999999999
2294,CSc1ccc(-c2ccccc2C2CCC(F)(F)CC2C(=O)NCC#N)cc1,0.15
2295,CCc1ccc(CCOc2ccc(CC3SC(=O)NC3=O)cc2)nc1,0.01
2296,N#CC1(NC(=O)C2CCCCC2C(=O)N2CCN(c3nc4cnccc4s3)CC2)CC1,0.35
2297,COC(=O)N1CC2(CC2)CC(C(=O)NO)C1C(=O)N1CC=C(c2ccccc2)C1,0.6599999999999999
2298,CC(C)(C)N=C(O)c1c[nH]c2ncc(-c3nn(CCC(O)CO)c4ccc(OC(F)F)cc34)nc12,0.0069999999999999
2299,CC(NC(CCc1ccccc1)C(=O)O)C(=O)N1CCCC1C(=O)O,0.5611666716666667
2300,CC1CN2c3c(cc4c(C(C)(C)C)noc4c3F)CC3(C(O)=NC(=O)N=C3O)C2C(C)O1,0.042
2301,COc1ccc(CNC(=O)c2cc(-c3cncc(C)c3)ncc2-c2nccs2)nc1OC,0.04
2302,CC(Oc1ccc2c(c1)OCCn1cc(-c3ncnn3C(C)C)nc1-2)C(N)=O,0.61
2303,CC1CCCCOC(CN(C)S(=O)(=O)c2ccc(F)cc2)C(C)CN(C(C)CN(C)C)C(=O)c2cc(NC(=O)Nc3ccccc3)ccc2O1,0.01
2304,N=C(N)NC(=O)c1cnn(-c2cccc3ncccc23)c1C1CC1,0.5
2305,CN1CCN(c2cc(-c3ccccc3)[nH]c(=N)n2)CC1,0.51
2306,CC(C)(c1cc(Br)c(O)c(Br)c1)c1cc(Br)c(O)c(Br)c1,0.00107
2307,CC(=O)Nc1c(I)c(NC(C)=O)c(I)c(C(=O)O)c1I,0.9825527844444444
2308,O=C(O)c1cc(Oc2ccc(C(F)(F)F)cc2Cl)ccc1[N+](=O)[O-],0.00805
2309,CCN=C(O)Nc1nc2cc(-c3cccnc3)c(=O)n(CC)c2s1,0.1099999999999999
2310,Cc1ccn2nc(S(=O)(=O)Nc3c(F)cccc3F)nc2n1,0.017075
2311,CC(C)(C)c1[nH]cnc1C=c1[nH]c(=O)c(=Cc2ccccc2)[nH]c1=O,0.0194999999999999
2312,COC(=O)N1CC2(CC2)CC(C(=O)NO)C1C(=O)N1C=CC(c2ccccc2)CC1,0.7
2313,CCc1c2c(nc3ccc(OC(=O)N4CCC(N5CCCCC5)CC4)cc13)-c1cc3c(c(=O)n1C2)COC(=O)C3(O)CC,0.4728571461904762
2314,COc1cccc(N2CCN(C3=Nc4c(F)cccc4C(CC(=O)O)N3c3cc(C(F)(F)F)ccc3OC)CC2)c1,0.01
2315,NC(=O)c1cccc2cn(-c3ccc(C4CCCNC4)cc3)nc12,0.1675
2316,Cc1ccc(N(CC2=NCCN2)c2cccc(O)c2)cc1,0.4600000033333333
2317,Cc1cc(C)c(NS(=O)(=O)c2ccc(N=C(O)c3ccco3)cc2)c(C)c1,0.022
2318,N#Cc1cc(Cl)cc(Oc2cc(OCc3[nH][nH]c4nc(=N)ccc3-4)ccc2Cl)c1,0.035
2319,O=C1COCCN1c1ccc(COC2COc3nc([N+](=O)[O-])cn3C2)cn1,0.7210000000000001
2320,CCCCCCCCCCCC(=O)OC,0.0363849999999999
2321,O=C(Nc1cccc(N2CCCCC2=O)c1)c1ccccc1Br,0.18
2322,O=C(O)c1cn(Cc2ccc(-c3ccccc3)cn2)c2c(F)cccc2c1=O,0.0159999999999999
2323,Cc1nccnc1-c1ccc(CC(=O)NC(C)c2ccc(OCC(F)(F)F)cn2)cc1,0.032
2324,COc1nc(C)nc(NC(=O)NS(=O)(=O)c2ccccc2CCC(F)(F)F)n1,0.0025
2325,OC(=NC1C2CCN(CC2)C1Cc1cccnc1)c1cc2ccccc2o1,0.4
2326,O=C(O)c1cn(Cc2ccc(-n3ccc4ncccc43)cc2)c2cccc(F)c2c1=O,0.039
2327,Cc1cc2ncc(-c3ccc4cc(CCN5CCCC5C)ccc4n3)c(C)n2n1,0.3749999999999999
2328,CCc1cc(-c2nc(O)c(C(N)=O)c(O)n2)nc(C2CCCCC2C(=O)[N]Cc2ccc(Cl)c(Cl)c2)n1,0.042
2329,CN(C)Cc1nccn1-c1ccc(N2CCC(NS(=O)(=O)c3ncc(-c4ccc(Cl)s4)s3)C2=O)c(F)c1,0.0209999999999999
2330,Cc1cc2oc(=O)cc(-c3cccc(N)c3)c2c(C)c1-c1ccc(CN2CCOCC2)cc1,0.013
2331,CC(Oc1cc(-n2cnc3ccc(OCCCN(C)C)cc32)sc1C(N)=O)c1ccccc1Cl,0.0259999999999999
2332,Cc1cc(C2CCN(C(=O)C3CN(C(C)(C)C)CC3c3ccc(F)cc3F)CC2)n(-c2ccc(C)c(Cl)c2)n1,0.05
2333,NC(=O)c1cnc2c(NC3CC3F)cc(Nc3cccc(-c4ccc(C(F)(F)F)cc4F)c3)nn12,0.004
2334,C=CC(=O)Nc1ccc(S(=O)(=O)N2CCN(C(=O)C3CC3)CC2)cc1,0.1099999999999999
2335,O=C(O)CCn1c(=O)oc2cc(OCC3CC3)c(Cl)cc21,0.04
2336,CN(Cc1cnc2nc(=N)[nH]c(N)c2n1)c1ccc(C(=O)NC(CCC(=O)O)C(=O)O)cc1,0.5
2337,CNC(C)C(O)=NC1CCCC2CC3CCN(C(=O)Cc4ccccc4)CC3N2C1=O,0.6599999999999999
2338,O=C(NC1Cc2ccccc2N(CC(O)=NO)C1=O)c1cc2cc(Cl)sc2[nH]1,0.9996
2339,CC(C)CC(NC(=O)CNC(=O)c1cc(Cl)ccc1Cl)B(O)O,0.01
2340,CN(C)CCCN1c2ccccc2CCc2ccccc21,0.1508449999999999
2341,COc1ccccc1-c1cc(NC(=O)c2cccc(N3CCNC3=O)c2)[nH]n1,0.4
2342,CC(CN1CCOCC1)Nc1ccc2cc(-n3cnc4cnc5cnc(-c6ccncc6)cc5c43)ccc2n1,0.03
2343,CCC1C(=O)NC(=O)NC1=O,0.95
2344,Cc1ccc2c(-c3ccccc3)nc(=O)n(C(C)C)c2c1,0.02
2345,COCCNC(C)c1ccc(Nc2ncc3cc(-c4ccncc4)ccc3n2)cc1,0.094
2346,C[N+](C)([O-])CCC=C1c2ccccc2CCc2ccccc21,0.1533333333333333
2347,COCCOc1cnc2ccn(C(C)c3nnc4ccc(-c5cnn(C)c5)cn34)c(=O)c2c1,0.498
2348,Cc1onc(-c2c(Cl)cccc2Cl)c1C(O)=NC1C(=O)N2C1SC(C)(C)C2C(=O)O,0.0329999999999999
2349,Cc1cc(Cl)nc(C)c1C(=O)NCCC(C)N1CCC(N(Cc2ccsc2)C(=O)NO)CC1,0.4
2350,C#CCC(C(O)=NC(C=CC(=O)OCc1ccccc1)CC1CCN=C1O)n1cccc(NC(=O)c2cc(C)on2)c1=O,0.87
2351,Cn1c(Nc2c(F)cccc2Cl)nc2cc(C(=O)Nc3ccc(C(F)(F)F)cn3)c3c(c21)CC(C)(C)O3,0.0015
2352,O=C(O)c1cn(C2CC2)c2cc(N3CCNCC3)c(F)cc2c1=O,0.6931083358333334
2353,CN=C(O)c1ccc(F)c2c(C(=O)C(=O)N3CCN(C(=O)c4ccccc4)CC3)c[nH]c12,0.0109999999999998
2354,c1cc(-c2ccc3ncnc(Nc4cnccn4)c3c2)cc(N2CCOCC2)c1,0.032
2355,O=C(c1n[nH]c2ncccc12)N1CCc2nc(COc3ccccc3)oc2C1,0.04
2356,CC(Oc1c(N)ncc2c(C3=CCN(C(N)=O)CC3)coc12)c1c(Cl)ccc(F)c1Cl,0.019
2357,CC(CO)Nc1nc(SCc2cccc(F)c2F)[nH]c2nc(=O)c(C#N)cc1-2,0.017
2358,Cc1c2oc3c(C)ccc(C(=O)NC4C(=O)NC(C(C)C)C(=O)N5CCCC5C(=O)N(C)CC(=O)N(C)C(C(C)C)C(=O)OC4C)c3nc-2c(C(=O)NC2C(=O)NC(C(C)C)C(=O)N3CCCC3C(=O)N(C)CC(=O)N(C)C(C(C)C)C(=O)OC2C)c(N)c1=O,0.95
2359,O=S(=O)(CC(O)C(O)C(O)=NC1CCCc2cc(CN3CCCCC3)ccc21)c1ccc2ccccc2c1,0.0245999999999999
2360,O=S(=O)(CC(O)C(O)C(O)=NC1CCCc2cc(CN3CCCCC3)ccc21)c1cccc(C(F)(F)F)c1,0.2820999999999999
2361,Clc1ccc2nsnc2c1NC1=NCCN1,0.6999999975
2362,CC(CO)Nc1nc(SCc2cccc(F)c2F)nc2nc(O)sc12,0.0029
2363,CC1CCOC2Cn3cc(C(=O)NCc4ccc(F)cc4F)c(=O)c(O)c3C(=O)N12,0.0099999999999999
2364,CC1(C)CN(Cc2nnc(-c3ccccc3)o2)C(=O)C1Oc1ccc(C#N)c(C(F)(F)F)c1,0.0126999999999999
2365,CCCC1(C(=O)c2ccc(Cl)c(Cl)c2)CCCN1,0.14
2366,Cc1nnc(O)cc1-c1ccc(OC2CCN(C3CCC3)CC2)cc1,0.42
2367,Cc1c(C(=O)Nc2ccccn2)ccc(F)c1F,0.361
2368,O=[N+]([O-])c1cn2c(n1)OCC(OCc1ccc(-c3ccc(OC(F)(F)F)cc3)nc1)C2,0.035
2369,O=C1c2c(O)c(=O)ccn2N(C2c3ccccc3SCc3c2ccc(F)c3F)C2COCCN12,0.0659999999999999
2370,Cc1[nH]c(C(O)=NC2CCN(c3ncc(C(=O)O)s3)CC23OCC2(CC2)CO3)c(Cl)c1Cl,0.012
2371,Clc1ccc2c(CN3CCOC(COc4ccccc4)C3)c[nH]c2c1,0.0059999999999998
2372,c1ccc(CC2=NCCN2)cc1,0.7699999933333334
2373,CC(=O)NC(C)c1ccc(Nc2ncc3cc(-c4ccncc4)ccc3n2)cc1,0.055
2374,COCC(COC)(COC)N=C(O)c1nc(N2CCC(N=C(O)c3[nH]c(C)c(Cl)c3Cl)C(OC)C2)sc1C(=O)O,0.047
2375,O=C(CCCc1c[nH]nn1)NC1CCN(C(=O)OCc2cc(Cl)cc(Cl)c2)CC1,0.0259999999999999
2376,Cn1ncc2cc(Nc3n[nH]c4cccnc34)ccc21,0.118
2377,COc1ccc2ncc(=O)n(CC(N)C3CCC(NCc4ccc5c(n4)NC(=O)CO5)CC3)c2c1,0.7
2378,CNC(=O)c1cccc(-c2ccc3c(N4CCOCC4C)nc(N4CCOCC4C)nc3n2)c1,0.05
2379,CN(C)CCNC(=O)c1cnc(N)c2cc(-c3ccc(S(=O)(=O)NC(C)(C)C)cc3)sc12,0.064
2380,O=C(O)c1cn(Cc2ccc(-c3cccs3)cn2)c2c(F)cccc2c1=O,0.019
2381,CNC(=O)C(Cc1ccccc1F)CN1CCC2(CC1)OCCc1cc(F)sc12,0.1099999999999999
2382,CC(C)OC(=O)N1CCC(Oc2ncnc3c2cnn3-c2ccc(S(C)(=O)=O)cc2F)CC1,0.01
2383,CC(Nc1cccc(Cl)c1F)c1cc(C(=O)NCCN(C)C)cn2c(=O)cc(N3CCOCC3)nc12,0.0329999999999999
2384,Cc1ccncc1CN(c1ccccc1)C1CCN(C(C)CCNC(=O)c2c(C)cc(C#N)nc2C)CC1,0.06
2385,CN(C)CCN1CCn2c(c(C3CCCCC3)c3ccc(C(=O)O)cc32)-c2ccccc2C1,0.03
2386,Cc1cc(Nc2ncc(Cl)c(=Nc3ccccc3S(=O)(=O)C(C)C)[nH]2)c(OC(C)C)cc1C1CCNCC1,0.03
2387,COc1ccc(N(Cc2cnccc2C)C2CCN(C(C)CCNC(=O)c3c(C)cc(C#N)nc3C)CC2)cc1,0.02
2388,C=CC(=O)Nc1cccc(S(=O)(=O)N2CCN(C(=O)OCc3ccccc3)CC2)c1,0.02
2389,CN1CCN(C2=c3ccccc3=Nc3ccc(Cl)cc3N2)CC1,0.0408333333333333
2390,Cc1ccc2c(c1)CCCN2C(=O)SCC(=O)Nc1ccc(S(N)(=O)=O)cc1Cl,0.01
2391,Cc1c(C2(c3cc(Br)c(O)c(Br)c3C)OS(=O)(=O)c3ccccc32)cc(Br)c(O)c1Br,0.00183
2392,COc1ccc2nnc(=O)n(CCN3CCC(NCc4ccc5c(n4)NC(=O)CO5)CC3)c2c1,0.4399999999999999
2393,CCC1(C2=CCCCCC2)C(=O)NC(=O)NC1=O,0.62
2394,CC(Oc1cc2oc(=O)n(CCC(=O)O)c2cc1Cl)c1ccc(Cl)cn1,0.01
2395,CC1Cn2c(nnc2-c2cc(F)ccn2)CN1C(=O)c1cccc(Cl)c1Cl,0.254
2396,COc1ccc(N(Cc2cccc(C#N)n2)C2CCN(C(C)CCNC(=O)c3c(C)cc(C#N)nc3C)CC2)cc1,0.0899999999999999
2397,CC(C)CN1C(C)Cc2c([nH]c3ccccc23)C1c1ccc(C=CC(=O)O)cc1,0.0051000000000001
2398,Cc1cnc2c(C(=O)NCCO)cn(Cc3ncnc(OC(F)F)c3C)c2c1,0.3
2399,N#CC1CC1c1c(Cl)ccc2nc(Cn3nc(C(F)(F)F)cc3Cl)cc(=O)n12,0.0559999999999999
2400,CC(=O)NCC1CN(c2cc(F)c(N3CC[Si](C)(C)CC3)c(F)c2)C(=O)O1,0.004
2401,CC1CCN(C(=O)CC#N)CC1N(C)c1[nH]cnc2nccc1-2,0.6
2402,CC(C)(Oc1ccc(Cl)cc1)C(=O)O,0.02
2403,COc1cc2c3cc1Oc1cc(ccc1O)CC1c4c(cc(OC)c(O)c4Oc4ccc(cc4)CC3N(C)CC2)CC[N+]1(C)C,0.57375
2404,O=C(c1ccc(Cl)cc1NS(=O)(=O)c1cccc2nsnc12)N1CCCCC1,0.005
2405,CCc1ccc(-c2noc(C(F)(F)F)c2COc2c(F)cc(CCC(=O)O)cc2F)cc1,0.0006
2406,CC(C)(ON=C(C(=O)NC1C(=O)N(S(=O)(=O)O)C1COC(=O)c1cc(-c2cc(=O)c(O)cn2O)no1)c1csc(N)n1)C(=O)O,0.3199999999999999
2407,CCN(CC)c1nc(C)cc(OP(=S)(OC)OC)n1,0.0092
2408,c1ccc(N=c2[nH]c3c(s2)CCCc2n[nH]cc2-3)nc1,0.0059999999999998
2409,CC1Cn2c(nnc2-c2cccnc2)C(=O)N1Cc1cccc(C(F)(F)F)c1Cl,0.2199999999999999
2410,NC(=O)n1cc(NC(=O)N2C(C(=O)Nc3cccc(Br)n3)CC3CC32)c2ccccc21,0.0359999999999999
2411,Cc1ccc(-c2cn(C)c(C)n2)cc1NC(=O)c1ccc(OCc2ccccn2)cc1,0.0559999999999999
2412,COC(=O)C1C(O)CCC2CN3CCc4c([nH]c5ccccc45)C3CC21,0.2
2413,CCCCCCC(C=O)=Cc1ccccc1,0.0098024999999999
2414,N#Cc1ccc(NC(=O)NC2C3CC4CC(C3)CC2C4)cc1,0.01
2415,CN(C)c1ccc(O)c2c1CC1CC3C(N(C)C)C(=O)C(=C(N)O)C(=O)C3(O)C(=O)C1=C2O,0.24
2416,COc1cccc(-n2cc(C(=O)O)c(=O)c3cc(F)c(N4CCNCC4)cc32)c1,0.6499999933333332
2417,CC1CCCCC1C(=O)N1CC(c2nc(-c3cccc(F)c3)no2)C1,0.034
2418,O=C(NCC1CCCCN1)c1cc(OCC(F)(F)F)ccc1OCC(F)(F)F,0.523154761904762
2419,CC12CCC(=O)C=C1CCC1C2CCC2(C)C(C(=O)CO)CCC12,0.1043
2420,NC1C2CN(c3nc4c(cc3F)c(=O)c(C(=O)O)cn4-c3ccc(F)cc3F)CC12,0.2052083333333332
2421,Cc1cc(N=Nc2ccccc2C)ccc1N,0.0069599999999999
2422,COc1cc(C=O)ccc1O,0.322
2423,CNC(=O)c1ccc(N2C(=S)N(c3cnc(C#N)c(C(F)(F)F)c3)C(=O)C23CCC3)cc1F,0.04
2424,COCc1cnc(N2CCC(C3CC3CCOc3cc(F)c(CC(=O)N4CCC4)c(F)c3)CC2)nc1,0.0379999999999999
2425,N=c1nc(N2CCC(N)C2)c2c([nH]1)-c1ccccc1CCC2,0.52
2426,O=S(=O)(c1ccc(Cl)cc1)c1ccc(Cl)cc1,0.0
2427,c1ccoc1,0.5726
2428,O=C(c1ccc(F)cc1)C1CCN(CCn2c(O)nc3ccccc3c2=O)CC1,0.055
2429,OC1(Cc2ccc(Cl)cc2)c2ccccc2C2=NCCN21,0.0999999999999999
2430,CN1CCC(c2c(O)cc(O)c3c(=O)cc(C=Cc4c(Cl)cccc4Cl)oc23)C(O)C1,0.0329999999999999
2431,Nc1ccc(-c2cnc3[nH]cc(-c4ccc5[nH]ccc5c4)c3c2)cn1,0.0159999999999999
2432,CNc1cc(-c2cccc(Cl)c2Cl)nc(N)n1,0.0799999999999999
2433,CNC(C)C(O)=NC1CCCC2CC3CCN(Cc4ccccc4)CC3N2C1=O,0.52
2434,Cc1c(-c2cc(Nc3ccncn3)c(=O)n(C)c2)cccc1N1CCc2c(sc3c2CCCC3)C1=O,0.01
2435,CCOP(=S)(OCC)SCSC(C)(C)C,0.0306
2436,COC1CN(c2nc(-c3cncc(OCCN(C)C)n3)c(C(=O)O)s2)CCC1N=C(O)c1[nH]c(C)c(Cl)c1Cl,0.037
2437,Cc1c(O)c(=O)ccn1C,0.785
2438,O=P(OCCCl)(OCCCl)OCCCl,0.4185
2439,OCC1CC(O)CCN1CCc1ccc(Nc2nc(-c3ccc(C(F)(F)F)cc3)cs2)cc1,0.04
2440,COc1ccc2c(c1)c(-c1ccnc3cc(Cl)ccc13)c(C)n2CC(=O)O,0.003
2441,Cc1ccc(=O)n(-c2ccccc2)c1,0.44
2442,CN(C)C(=O)Oc1cc(OC(=O)N(C)C)cc(C(O)CNC(C)(C)C)c1,0.5500000033333333
2443,CCN=C(O)Nc1nc2cc(-c3ccn(CC)c(=O)c3)c(=O)n(C(C)C)c2s1,0.42
2444,Cc1ccc(N)cc1O,0.604
2445,Cc1ccoc1C(=O)Nc1ccc(N2C(=O)c3cccc(F)c3C2=O)c(Cl)c1,0.0509999999999999
2446,Cc1noc(C)c1S(=O)(=O)Nc1c(N2CCN(CCc3ccccc3)CC2)c(=O)c1=O,0.049
2447,O=C(O)c1cn(Cc2ccc(-c3ccccc3)cc2)c2c(c1=O)CCC2,0.015
2448,CC1COCCN1c1nc(-c2ccc(NC(=O)NCCO)cc2)nc2c1COC2(C)C,0.28
2449,CCCCCCNC(=O)C1C(=O)N(O)C(=O)c2ccccc21,0.0009999999999998
2450,Oc1ccc(Nc2ncc(-c3ccncc3-c3ccccc3Cl)s2)cc1,0.0
2451,Cn1c(=O)c(Oc2ccc(F)cc2F)cc2cnc(NC(CCO)CCO)nc21,0.1459999999999999
2452,Cc1[nH]ncc1-c1cc(C(F)(F)F)ccc1Oc1ccc(S(=O)(=O)Nc2ncns2)cc1C#N,0.0015
2453,COc1nc(-c2nn(C)c(=Nc3cc(C(F)(F)F)ccc3F)[nH]2)ccc1-n1cnc(C)c1,0.02
2454,Cc1cccc(N2CNC(=O)C23CCN(CC(C)NC(=O)c2ccc(Br)cc2)CC3)c1,0.01
2455,C#CCN1C(=O)COc2cc(F)c(N3C(=O)C4=C(CCCC4)C3=O)cc21,0.0280249999999999
2456,CCc1cc2c(cc1CC)CC(NCC(O)c1ccc(O)c3[nH]c(=O)ccc13)C2,0.050375
2457,Clc1ccc(C(c2ccc(Cl)cc2)C(Cl)Cl)cc1,0.031125
2458,CC(=O)CCCCCC(NC(=O)C1CCN(C)CC1)c1ncc(-c2ccc3ccccc3c2)[nH]1,0.04
2459,O=C(C[N+]12CCC(CC1)C(OC(=O)C1(C3=CC=CC3)CCCCCC1)C2)Nc1cncc(Cl)n1,0.015
2460,Cc1ccc(S(=O)(=O)NC(O)=NN2CCCCCC2)cc1,0.06
2461,CCCCCC(O)C=CC1C(O)CC(=O)C1CCCCCCC(=O)O,0.19
2462,CC1(c2nc3cccc(C(N)=O)c3[nH]2)CCCN1,0.5900000000000001
2463,O=C(O)C1CCC(OC2CCN(c3ccc(-c4nc5cc(C(F)(F)F)ccc5[nH]4)cn3)CC2)CC1,0.0779999999999999
2464,CN1C(=O)NC2C3NC(=O)c4ccc(Br)n4C3CC21O,0.761
2465,Cc1cccc(C)c1N=C(O)C(C)N,0.87
2466,CC(Cc1ccccc1)N(C)Cc1ccccc1,0.13
2467,Cc1ccccc1N=C(O)Nc1ccc(CC(=O)N2CCOCC2C(=O)N2CCC(CC(=O)O)CC2)cc1,0.1999999999999999
2468,CN=C(O)N(Cc1ccsc1)C1CCN(C(C)CCN=C(O)c2c(C)cc(Cl)nc2C)CC1,0.4599999999999999
2469,CC1(C)CC(c2ccc(OC3CCN(C4CCC4)CC3)cc2)=NNC1=O,0.5
2470,COCc1nc(N2CCC(N=C(O)c3[nH]c(C)c(Cl)c3Cl)C(OC)C2)sc1C(=O)O,0.034
2471,COc1ccc(-c2cn(CCC(C)(C(=O)NO)S(C)(=O)=O)nn2)c(F)c1,0.0849999999999999
2472,O=c1n(Cc2ccc(C(F)(F)F)nc2)nc2c(-c3ccncc3)c(-c3ccc(Cl)cc3)cnn12,0.0799999999999999
2473,COc1cccc(CNC(=O)c2cc(-c3nnn(CC4COC(CO)CO4)n3)cc(C)n2)c1,0.14
2474,COC(=O)N(C(=O)N1COC2(C(=O)OC)C(=N1)Cc1cc(Cl)ccc12)c1ccc(OC(F)(F)F)cc1,0.005
2475,CCOc1cc(Nc2nc3c(cc2F)ncn3C(CO)c2ccc(F)cn2)n[nH]1,0.1099999999999999
2476,COC1CN(c2nc(-c3ncc[nH]3)c(C(=O)O)s2)CCC1N=C(O)c1[nH]c(C)c(Cl)c1Cl,0.01
2477,O=C(NC1Cc2ccccc2N=C1O)c1cc2cc(Cl)sc2[nH]1,0.9986
2478,C=C1COC2(CN(c3ncc(C(=O)O)s3)CCC2N=C(O)c2[nH]c(C)c(Cl)c2Cl)OC1,0.0059999999999998
2479,Cn1c(=O)c(-c2c(Cl)cccc2Cl)cc2cnc(N3CCN(c4ccc(F)cc4)CC3)nc21,0.0109999999999998
2480,CC(=O)CCC1C(=O)NC(C(C)C)C(=O)NC(Cc2cccc(O)c2)C(=O)N2CCCC(N2)C(=O)OC(C(C)=CC=CC(=O)N2CCCCO2)CC=CC=CC(O)C(C)C1O,0.28
2481,C#CCOCC(C(=O)N1CCC2CC3CCCC(N=C(O)C(C)NC)C(=O)N3C2C1)c1ccccc1,0.155
2482,CNC1C(O)C(OC2C(NC(=O)C(O)CN)CC(N)C(OC3OC(CN)C(O)C(O)C3O)C2O)OCC1(C)O,0.9499999966666666
2483,O=C(NC1CC1)c1cc2c(Oc3ccc(Cl)cc3)cncc2s1,0.008
2484,COc1cc(C(c2cc3cc(Br)ccc3cc2OC)C(O)(CCN(C)C)c2cccc3ccoc23)cc(OC(C)C)n1,0.0
2485,c1ccc2ncccc2c1,0.2036
2486,CC(C)C1(C)SC(=NC2CC3CCC2C3)N=C1O,0.15
2487,C1COC(NC(C2CC2)C2CC2)=N1,0.9
2488,COc1cc(-c2cc(OC)c(-n3c(=O)ccc4cc(S(=O)(=O)Nc5ncccn5)ccc43)cc2F)ccc1Cl,0.009
2489,CN(C(=O)Cc1ccc(-n2cnnn2)cc1)C1CCN(Cc2ccc(C(F)(F)F)cc2)CC1,0.0759999999999999
2490,CC1=C(CCC(=O)O)c2cc3nc(cc4[nH]c(cc5[nH]c(cc1n2)c(C)c5C(C)O)c(C)c4C(C)OC(C)c1c(C)c2cc4nc(cc5nc(cc6[nH]c(cc1[nH]2)c(C)c6C(C)O)C(C)=C5CCC(=O)O)C(CCC(=O)O)=C4C)C(C)=C3CCC(=O)O,0.0999999999999999
2491,CCC(Cc1c(I)cc(I)c(N)c1I)C(=O)O,0.2099999966666666
2492,O=C(O)CC(c1cccnc1)N1CCN(CCCc2ccc3c(n2)NCCC3)C1=O,0.39
2493,Cc1cc(C#N)nc(C)c1C(=O)NCCC(C)N1CCC(N(Cc2ccsc2)C(=O)CC2CCOCC2)CC1,0.15
2494,Cc1noc2c(F)c3c(cc12)CC1(C(=O)NC(=O)NC1=O)C1C(C)OC(C)CN31,0.0629999999999999
2495,CN1CCCC1c1nc(O)c(O)c(C(=O)NCc2ccc(F)cc2)n1,0.03
2496,CN1CCN(c2ccc3[nH]cc(C(=N)O)c(=Nc4cccc(Cl)c4Cl)c3c2)CC1,0.0459999999999999
2497,CCCC1CC(C(O)=NC(C(C)O)C2OC(SC)C(O)C(O)C2O)N(C)C1,0.28
2498,CCOc1cc2[nH]cc(C(=N)O)c(=Nc3cccc(Cl)c3Cl)c2cc1N1CCN(C)CC1,0.02
2499,CC(Nc1ccc(F)c(F)c1)c1cc(C(=O)N(C)C)cn2c(=O)cc(N3CCOCC3)nc12,0.14
2500,O=C(Nc1cc(C(F)(F)F)cc(C(F)(F)F)c1)NC1CCN(CCC2CCS(=O)(=O)C2)CC1,0.03
2501,Cc1ccc(Nc2cc(=NC3CCCCC3N)[nH]nc2C(N)=O)nc1C,0.154
2502,CC(C)N1CC(C(O)=Nc2ccc(Cl)cn2)C(C(O)=Nc2ccc(-n3ccccc3=O)cc2F)C1,0.0059999999999998
2503,CCCCC(C#N)(Cn1cncn1)c1ccc(Cl)cc1,0.084075
2504,Cc1c(C#Cc2cnc(N)nc2)cccc1C(=O)Nc1ccc(CN2CCN(C)CC2)c(C(F)(F)F)c1,0.0159999999999999
2505,COc1ccc(N(Cc2cccnc2)C2CCN(C(C)CCNC(=O)c3c(C)cc(F)nc3C)CC2)cc1,0.14
2506,CCOc1nc2cccc(C(=O)OCc3oc(=O)oc3C)c2n1Cc1ccc(-c2ccccc2-c2noc(=O)[nH]2)cc1,0.01
2507,COc1cnc2c(NCc3nnc4ccc(-c5cc(C)ns5)nn34)ccnc2c1,0.025
2508,Cc1nn(-c2ccc(F)cc2)c(NS(=O)(=O)c2ccc(C#N)cc2)c1C(=O)NC(C)C(C)(C)C,0.0799999999999999
2509,Cc1c(CN2CCN(S(C)(=O)=O)CC2)sc2c(N3CCOCC3)nc(-c3cnc(N)nc3)nc12,0.2299999999999999
2510,Cc1cccc(C)c1OCC(C)N,0.3931388888888888
2511,NC(Cn1c(=O)cnc2ccc(F)cc21)C1CCC(NCc2ccc3c(n2)N=C(O)CO3)CC1,0.7
2512,N#CC1(c2ccncn2)CCN(Cc2cc3c(c4ccccc24)CN(C2CCCCC2O)C3=O)CC1,0.0899999999999999
2513,CCCc1cc(C(=O)NC(Cc2ccc(-c3cccc(C(F)(F)F)c3)nc2)C(O)=NCCN(C)C)sc1C,0.01
2514,CCOC(=O)c1ccccc1C(=O)OCC,0.2926499999999999
2515,CC(C)(C(=O)NCC(F)(F)C(F)(F)F)C(=O)NC1C(=O)Nc2ccccc2-c2ccccc21,0.02
2516,O=C(NC1CCCC(NC(=O)c2cccc(Cl)c2)C1)c1cccc(F)c1,0.039
2517,CS(=O)(=O)c1ccc(C(=O)Nc2ccc(Cl)c(-c3ccccn3)c2)c(Cl)c1,0.01
2518,CCOC(=O)C1=C(CN2CCOCC2C(=O)O)NC(c2nccs2)=NC1c1cccc(F)c1Cl,0.02
2519,CN1C(=O)C(NC(=O)c2cc3cc(Cl)sc3[nH]2)Cc2ccccc21,0.5
2520,CN1CCOC(c2ccccc2)c2ccccc2C1,0.2700000025
2521,O=S(=O)(Nc1nncs1)c1cc(Cl)c(Oc2ccc(C(F)(F)F)cc2-c2ccnnc2)cc1F,0.0015999999999999
2522,OCc1ncc2n1-c1ccc(Cl)cc1C(c1ccccc1F)=NC2,0.1
2523,Cc1ccn(-c2ccc(Cn3cc(C(=O)O)c(=O)c4cccnc43)cc2)n1,0.012
2524,N#Cc1ccccc1,0.7714
2525,COc1cc(N2CCN(CC(C)O)CC2)ccc1Nc1ncc2ccc(-c3ccccc3N(C)S(C)(=O)=O)n2n1,0.17
2526,COc1cc2nnc(C(=N)O)c(Nc3cccc(Cl)c3Cl)c2cc1OC,0.012
2527,Cc1cc(-n2nc(C3CCN(C(=O)C4CN(C(C)(C)C)CC4c4ccc(F)cc4F)CC3)nc2C)ccc1Cl,0.1099999999999999
2528,C=CC(=O)Nc1cc(Nc2ncc(C#N)c(-c3cn(C)c4ccccc34)n2)c(OC)cc1N(C)CCN(C)C,0.089
2529,CC(C)C1SC(=Nc2ccccc2C(F)(F)F)N=C1O,0.002
2530,CC(=O)Nc1cc(Nc2cc(NC3CC3)n3ncc(C#N)c3n2)ccc1C,0.0899999999999999
2531,COc1ccc2c(c1)C=C1Cn3c-2c(C2CCCCC2)c2ccc(cc23)C(=O)NS(=O)(=O)N(C)CCOCCN(C)C1=O,0.003
2532,COC(=O)C1C2CC3C4=C(CCN3CC2CC(OC(=O)c2cc(OC)c(OC)c(OC)c2)C1OC)C1C=CC(OC)=CC1=N4,0.38
2533,CCC(C)Nc1c([N+](=O)[O-])cc(C(C)(C)C)cc1[N+](=O)[O-],0.0025
2534,CNC(=O)Oc1cccc(N=CN(C)C)c1,0.885
2535,CC(NC(=O)C1CCCCN1C)c1ccc(Nc2ncc3cc(-c4ccncc4)ccc3n2)cc1,0.0379999999999999
2536,COc1ccc(N2CCN(C(=O)C3CCCCC3C(O)=NC3(C#N)CC3)C(C)C2)nc1OC,0.24
2537,COc1ccccc1OCCNCC(O)c1ccc(C)c(S(N)(=O)=O)c1,0.02
2538,N=C(c1ccc(C(=O)Nc2ccccc2C(O)=Nc2ccc(Cl)cn2)cc1)N1CCCCC1,0.1099999999999999
2539,Cc1ccc2ccccc2c1C(=O)NC1C(=O)N2C1SC(C)(C)C2C(=O)O,0.1798333366666666
2540,Cc1cccc(C(CCC(N)C(=O)O)(c2ccccc2)c2ccccc2)c1,0.0017475
2541,CC(=O)NC(CSSCC(N)C(=O)O)C(=O)NC(C)C(=O)NC(CCCNC(=N)N)C(=O)NC(CCCNC(=N)N)C(=O)NC(CCCNC(=N)N)C(=O)NC(C)C(=O)NC(CCCNC(=N)N)C(N)=O,0.53
2542,Nc1c(C(=O)NCC(O)(CN(CCF)C(=O)c2c(F)cccc2F)C(F)(F)F)cnn1-c1ccc(F)cc1,0.0699999999999999
2543,CN1C(=C(O)Nc2ccccn2)C(=O)c2sccc2S1(=O)=O,0.01
2544,O=C(NC1Cc2ccccc2N(CC(CO)CO)C1=O)c1cc2sc(Cl)c(Cl)c2[nH]1,0.0023
2545,O=C(C[N+]12CCC(CC1)C(OC(=O)C1(C3=CC=CC3)CCCCCC1)C2)[NH+]=c1cc[nH][n-]1,0.05
2546,CCCN1CCC(c2nc3cccc(C(=N)O)c3[nH]2)CC1,0.43
2547,Oc1cccc(O)c1,0.7580666666666667
2548,COC(=O)CN=C(O)C(C)c1ccc(CC(C)C)cc1,0.76
2549,CS(=O)(=O)c1ccc(-c2cnc(N)c(-c3ccc(C(N)=O)cc3)c2)cc1,0.2159999999999999
2550,O=c1c2c(Nc3ccc(I)cc3F)cncc2cnn1CC(O)CO,0.0329999999999999
2551,O=C(NC1Cc2ccccc2NC1=O)c1cc2cc(Cl)sc2[nH]1,0.0013999999999999
2552,O=C1CCc2ccccc2N1CCCN1CCC(Cc2ccccc2)CC1,0.057
2553,OC1=Nc2ccc(Cl)cc2C(c2ccccc2)=NC1,0.03
2554,COC1C(O)CC(=O)CC(C)CC=CC=CC(OC2CCC(N(C)C)C(C)O2)C(C)CC(CC=O)C1OC1OC(C)C(OC2CC(C)(O)C(O)C(C)O2)C(N(C)C)C1O,0.85000001
2555,NC(=O)C1C(c2ccccc2)CCN1C(=O)C(N)Cc1ccccc1,0.6
2556,OCCNc1nonc1C(=NO)Nc1ccc(F)c(Br)c1,0.023
2557,Cc1ccccc1,0.32165
2558,Cc1nc(C)c(-c2ccc(C3CCC(CC(=O)NS(C)(=O)=O)CC3)cc2)nc1C(N)=O,0.1099999999999999
2559,OC1(Cc2ccc3ccccc3c2)c2ccccc2C2=NCCN21,0.0999999999999999
2560,NC(=O)c1cc(-c2ccnc(N)n2)[nH]c1-c1cccs1,0.3199999999999999
2561,Cn1nnnc1SCC1=C(C(=O)O)N2C(=O)C(NC(=O)C(O)c3ccccc3)C2SC1,0.2574458841125541
2562,Cc1[nH]c(=N)ccc1CN=C(O)Cn1c(C)cc(S(=O)(=O)CC2CCC2)c(N)c1=O,0.55
2563,CC(C(=O)OC1C[N+]2(CC(O)=Nc3ccccn3)CCC1CC2)(c1ccccc1)N1CCCCC1,0.1169999999999999
2564,CC(Oc1ccc2[nH]c(=N)n(CC(O)c3ccc(C(F)(F)F)cc3Cl)c2n1)C(F)(F)F,0.01
2565,O=C(NCc1ccncn1)c1ccc(Oc2ccc(C#CC3(O)CN4CCC3CC4)cc2)cc1,0.24
2566,O=C(Nc1ccc(F)cn1)c1cc(Oc2cncnc2)cn2ncnc12,0.3129999999999999
2567,O=C1NCCc2nc(OCc3cccc(F)c3)ccc21,0.047
2568,Cc1noc2c1-c1sc(C)c(C)c1C(c1ccc(Cl)cc1)=NC2CC(N)=O,0.0059999999999998
2569,O=C(NC1C2CC3CC1CC(O)(C3)C2)c1cnc(NC2CCOC2)nc1C1CCCC1,0.38
2570,CN(C(=O)C(=O)N1CCCC1)c1nc(C(=O)NCc2ccc(F)cc2)c(O)c2ncccc12,0.0329999999999999
2571,CC(C)C1CCC(C(=O)NC(Cc2ccccc2)C(=O)O)CC1,0.02
2572,O=C1C(N=C(O)N2CCC(n3c(O)nc4ncccc43)CC2)CCC(c2cccc(F)c2F)CN1CC(F)(F)F,0.0409999999999999
2573,N#CCc1ccccc1C#Cc1ccc(CCC(=O)O)c(F)c1,0.027
2574,CC#Cc1cncc(-c2cc(Cl)c(C3(C)CC(=O)N(C)C(=N)N3)s2)c1,0.04
2575,CCc1cc(Cc2cc(CC)c(N)c(CC)c2)cc(CC)c1N,0.00874
2576,CCc1cnc(NCc2ccc3c(n2)NCCC3)c(=O)n1CC(O)=NC(CC(=O)O)c1cccc(F)c1,0.0279999999999999
2577,COc1c(NC(=O)c2ccc(C)c(N3C=C(C(=O)NCC(C)(C)O)NN3)c2)cc(C(C)(C)C)cc1NS(C)(=O)=O,0.3399999999999999
2578,CN(C)CCc1c[nH]c2ccc(CC3COC(=O)N3)cc12,0.75
2579,COc1ccc(-c2ccc(S(=O)(=O)NC(C(=O)O)C3CCC4(CC3)OCCCO4)cc2)cc1,0.035
2580,CC(C(=O)O)c1ccc(C(=O)c2ccccc2)s1,0.0188888888888888
2581,CC(=O)Nc1ccc(Oc2cncc3sc(C(N)=O)cc23)cc1,0.0899999999999999
2582,CC(C)(C)c1nc(-c2cccc(NS(=O)(=O)c3c(F)cccc3F)c2F)c(-c2cnc(N)cn2)s1,0.003
2583,c1ccc(-c2nc(N=c3cc(C4CC4)[nH][nH]3)c3ccccc3n2)cc1,0.01
2584,CN1CCOCC1c1nc(C(=O)NCc2ccc(F)cc2)c(O)c(=O)n1C,0.305
2585,C=CC(=O)Nc1cc(Nc2ncc(Cl)c(-c3cn(C)c4ccccc34)n2)c(OC)cc1N(C)CCN(C)C,0.023
2586,COc1cc(C(C)=O)ccc1O,0.2764
2587,O=C(NCC(O)CN1CCC(Oc2ccc(Cl)c(Cl)c2)CC1)c1c[nH]c(=O)cc1C(F)(F)F,0.1099999999999999
2588,Nc1nc(=O)c2ncn(COCCO)c2[nH]1,0.74125
2589,Cc1ccc(C(=O)N(CCCN)C(c2nc3snc(C)c3c(=O)n2Cc2ccccc2)C(C)C)cc1,0.0459999999999999
2590,CC1C(NC(=O)C(=NOC(C)(C)C(=O)O)c2csc(N)n2)C(=O)N1C(=O)NS(=O)(=O)n1nc(-c2cc(=O)c(O)c[nH]2)n(CCCCS(C)(=O)=O)c1=O,0.0699999999999999
2591,O=S(=O)(c1ccc2ccccc2c1)N1CCC(CCCC(O)=NO)CC1,0.02
2592,O=S(=O)(c1cccc2cnccc12)N1CCCNCC1,0.51
2593,CC(C(=O)OC1C[N+]2(CC(O)=Nc3cccc(F)c3)CCC1CC2)(c1cccs1)N1CCCCC1,0.008
2594,O=C(O)C1(Sc2ccnc3ccc(Br)cc23)CCC1,0.013
2595,CN(C)C(=O)c1cccc(S(=O)(=O)N2CCCCC2C(=O)OC(Cc2c(Cl)c[n+]([O-])cc2Cl)c2ccc(OC(F)F)c(OCC3CC3)c2)c1,0.0012
2596,O=C(O)C(Oc1cccc(C(F)(F)F)c1)c1ccc(Cl)cc1,0.002
2597,CC(C)(CC(=O)NC1CC1)CC(=O)NC1C2CC3CC1CC(O)(C3)C2,0.6
2598,COCCCOc1cc2c(cc1OC)-c1cc(=O)c(C(=O)O)cn1C(C(C)C)C2,0.3279999999999999
2599,CC1(C)C2CC=C(CN3CCC(N=c4nc(-c5cc(C(F)(F)F)cc(C(F)(F)F)c5)[nH]s4)CC3)C1C2,0.003
2600,Cc1cccc(C(C)c2c[nH]c[nH+]2)c1C,0.06
2601,CC(C)C(N)C(=O)OCC(CO)OCn1cnc2c(=O)nc(N)[nH]c21,0.985
2602,CC1(C)SC2C(NC(=O)C(N)c3ccccc3)C(=O)N2C1C(=O)O,0.8304981584981684
2603,Cc1nc(C)c(C=[N+]([O-])C(C)(C)C)nc1C,0.92
2604,CCCN(CC)C(CC)C(=O)Nc1c(C)cccc1C,0.0599999996666666
2605,Cc1nc(C)c(-c2ccc(C3CCC(CC(=O)NC(C)(C)C(=O)O)CC3)cc2)nc1C(N)=O,0.0779999999999999
2606,Nc1cccnc1C(=O)Nc1ccc(N2C(=O)c3ccccc3C2=O)c(Cl)c1,0.007
2607,O=C(O)C1(C(=O)O)CCC1,0.999975
2608,CC(C)CC(C=O)N=C(O)C(NS(=O)(=O)c1ccc(F)cc1)C(C)C,0.292
2609,CC(C)Cn1cc(C#N)c2cc(Oc3ccc(NC(=O)C4CCCN4)cc3)ccc21,0.0032999999999999
2610,Cc1ccc(C(C)(C)C)c(O)c1,0.0264
2611,CCC(=O)N(c1ccccc1)C1(COC)CCN(CCn2nnn(CC)c2=O)CC1,0.0883229176666666
2612,O=C(O)C1CC(OCc2ccc(Cl)cc2)CN1,0.335
2613,C#Cc1ccc(C=Cc2nc3ccccc3c(=O)n2-c2cccc(C(=O)O)c2)cc1,0.004
2614,COP(=O)(NC(C)=O)SC,0.8681000000000001
2615,COCCNc1cc(O)c2c(=O)c3c(-c4nccs4)[nH]c(Cc4ccc5c(c4)OCO5)c3oc2c1,0.023
2616,CC12CCC3C(=CCc4cc(O)ccc43)C1CCC2=O,0.0583
2617,Cc1ccc2ncccc2c1,0.1009999999999999
2618,Cc1c(-c2ccc3cc(CCN4CCCC4C)ccc3n2)cnn1-c1ccccn1,0.1566666666666666
2619,CC(=O)Nc1cc(Nc2cc(NC3CC3)n3ncc(C#N)c3n2)cnc1C,0.15
2620,COCCC1CC1c1cncc(OCC2CCCN2C)c1,0.69
2621,COc1cccc(C2=NC(C(F)(F)F)(C(F)(F)F)c3c(n(-c4ccc(Cl)cc4)c(=O)[nH]c3=O)N2)c1,0.003
2622,CCN(CCO)CCCOc1cc2ncnc(N=c3cc(CC(O)=Nc4cccc(F)c4)[nH][nH]3)c2cc1OC,0.05
2623,CCCC1(C(=O)c2ccc3[nH]ncc3c2)CCCN1,0.98
2624,CC#CCC(C)C(O)C=CC1C(O)CC2CC(=CCCCC(=O)O)CC21,0.4
2625,CCCCc1ccc(NC(=O)C2CC2c2cccnc2)cc1,0.008
2626,C#CCOC(=O)C(C)Oc1ccc(Oc2ncc(Cl)cc2F)cc1,0.0148
2627,Cc1cccc(C2(C#N)CCN(Cc3cc(C(=O)O)c(=O)n4ccccc34)CC2)c1,0.0479999999999999
2628,O=C1CN(O)C(c2ccccc2)=c2cc(Cl)ccc2=N1,0.2279999999999999
2629,CC(=O)Nc1ccc(C2=NNC(=O)CC2C)cc1,0.4
2630,CC1CCOC2Cn3cc(C(O)=NCc4ccc(F)cc4F)c(=O)c(O)c3C(=O)N12,0.0087
2631,NC(=O)OCC1=C(C(=O)O)N2C(=O)C(NC(=O)Cc3cccs3)C2SC1,0.28
2632,O=C1C2C3CCC(C3)C2C(=O)N1CCCCN1CCN(c2ncccn2)CC1,0.6999999966666666
2633,Cc1nnc(C(=O)NC(C)(C)c2nc(C(=O)NCc3ccc(F)cc3)c(O)c(=O)n2C)o1,0.17
2634,COc1cc2c(cc1OC)C1CC(OC(=O)C(N)C(C)C)C(CC(C)C)CN1CC2,0.01
2635,CONC(=O)N(Cc1ccsc1)C1CCN(C(C)CCNC(=O)c2c(C)cc(Cl)[n+]([O-])c2Cl)CC1,0.31
2636,CCCC(O)=Nc1ccc(OCC(O)CNC(C)C)c(C(C)=O)c1,0.74
2637,O=C(OC1CCC(c2cccc(F)c2F)C(O)c2cccnc21)N1CCC(n2c(O)nc3ncccc32)CC1,0.0409999999999999
2638,Cc1c(OCC(F)(F)F)ccnc1CS(=O)C1=NC2=CC=CCC2=N1,0.025
2639,CCCn1nc(NC(=O)NC23CC4CC(CC(C4)C2)C3)cc1C,0.01
2640,Cn1cnc(S(=O)(=O)N2CCSC2C(=O)OC(Cc2c(Cl)c[n+]([O-])cc2Cl)c2ccc(OC(F)F)c(OCC3CC3)c2)c1,0.015
2641,O=C(NOCCO)c1ccc2cncn2c1Nc1ccc(I)cc1F,0.005
2642,CC(C)(O)CNc1nc(Nc2ccnc(C(F)(F)F)c2)nc(-c2cccc(C(F)(F)F)n2)n1,0.015
2643,NC(=O)c1ncc(F)c2c(C(=O)C(=O)N3CCN(C(=O)c4ccccc4)CC3)c[nH]c12,0.04
2644,Cc1nc(C2CCN(C(=O)C3CC(C)(N(C)C)CC3c3ccc(F)cc3F)CC2)n(-c2ccc(Cl)c(C)c2)n1,0.05
2645,CCCCOC(=O)c1ccccc1,0.313
2646,COc1ccc2c(c1)N(CCN1CCC(NCc3ccc4c(n3)NC(=O)CO4)CC1)C(=O)OC2,0.26
2647,O=C(Cc1cccs1)NC1C(=O)N2C(C(=O)O)=C(C[n+]3[c-]cccc3)CSC12,0.8
2648,CC1COC2Cn3cc(C(=O)NCc4ccc(F)cc4F)c(=O)c(O)c3C(=O)N12,0.004
2649,CCn1nccc1Oc1cc(CC2CC(C)(O)C2)cnc1NC(O)=NC,0.4399999999999999
2650,C#CCC(C(O)=NC(C=CC(=O)OCC)CC1CCN=C1O)n1cccc(NC(=O)c2cc(C)on2)c1=O,0.6599999999999999
2651,Cn1cnc(S(=O)(=O)N2CC3C(C2)C3(CNC(=O)c2ccc(Cl)cc2Cl)c2ccccn2)c1,0.14
2652,NC1=NC(=C(N=O)C(=O)NC2C(=O)N3C(C(=O)O)=C(C=C4CCN(C5CCNC5)C4=O)CSC23)NS1,0.62
2653,O=C(O)CCNC(=O)c1ccccc1,0.17
2654,CC1(C)SC2C(NC(=O)C(O)c3ccccc3)C(=O)N2C1C(=O)O,0.4696666666666666
2655,N#Cc1cc(F)cc(Oc2ccc3c(c2C(F)F)C(O)C(F)(F)S3(=O)=O)c1,0.375
2656,CC(C)(C)C(NC(=O)c1c[nH]c2ncc(C3CC3)nc12)C(=O)N1CC(C#N)C1,0.034
2657,CC(C)NC(=O)Nc1ccc2c(c1)OC(CN(C)S(=O)(=O)c1ccc(Cl)cc1)C(C)CN(C(C)CO)C2=O,0.055
2658,CN(C)C(=O)c1cccc(-n2sc3ccccc3c2=O)c1,0.5435000000000001
2659,NCC(CC(=O)O)c1ccc(Cl)cc1,0.6970833299999999
2660,CC(CN1CCOCC1)Nc1nc2ccc(-n3cnc4cnc5cnc(-c6ccncc6)cc5c43)cc2s1,0.02
2661,N#CC1(c2cnccn2)CCN(Cc2cc3c(c4ccccc24)CN(C2CCCCC2O)C3=O)CC1,0.0859999999999999
2662,CN1CCC(=C2c3ccccc3CC(=O)c3sccc32)CC1,0.1999999999999999
2663,O=C(O)C(F)(F)C(F)(F)C(F)(F)OC(F)(F)F,0.0116999999999999
2664,CS(=O)(=O)C1CCN(Cc2ccnc(N=c3[nH]cc(C#N)s3)c2)CC1,0.345
2665,CN1C(C(=O)Nc2ccccn2)=C(O)c2sc(Cl)cc2S1(=O)=O,0.01
2666,CN=c1cc(-c2csc(N(C)C(=O)c3ccc(F)cc3)n2)nc[nH]1,0.0113999999999999
2667,C=CC(O)=Nc1cc(Nc2ncc(Cl)c(-c3cnn4ccccc34)n2)c(OC)cc1N1CCC(N(C)C)C1,0.027
2668,CC(C)n1cc(S(=O)(=O)c2ccc(CNC(=O)c3cc4ccncc4o3)nc2)cn1,0.12
2669,COCC(=O)N(Cc1ccsc1)C1CCN(C(C)CCNC(=O)c2c(C)cc(Cl)nc2C)CC1,0.63
2670,COc1cc(N=C(O)c2ccccn2)ccc1Cl,0.022
2671,CNCCC(Oc1ccc(C(F)(F)F)cc1)c1ccccc1,0.0547857146190476
2672,O=C(Nc1ccc(N2C(=O)C3C4C=CC(C4)C3C2=O)c(Cl)c1)c1ccccn1,0.0409999999999999
2673,N=C(N)N=C(O)Cc1c(Cl)cccc1Cl,0.3199999999999999
2674,Nc1nc(C(=NCC(=O)O)C(=O)NC2C(=O)N3C(C(=O)O)=CCSC23)cs1,0.3499999949999999
2675,CN1CCN(c2cc3c(=Nc4cccc(Cl)c4Cl)c(C(=N)O)c[nH]c3cc2F)CC1,0.044
2676,Cc1onc(C(=O)N2CCC(Nc3cc(=O)n(C)c4cc(F)c(F)cc34)CC2)c1C,0.05
2677,CNC(=O)ON=C(C)SC,0.716
2678,Cc1ccccc1N=C1N=C(O)C(C(C)C)S1,0.004
2679,CN=C(O)CN1C(=O)C(NC(=O)c2cc3cc(Cl)sc3[nH]2)Cc2ccccc21,0.9955
2680,CC(CCn1cc(-c2ccccc2)cn1)(C(O)=NO)S(C)(=O)=O,0.0479999999999999
2681,CN(C)CCCN1c2ccccc2CCc2cc(O)ccc21,0.3578518551851852
2682,O=C(Cn1ccnc1[N+](=O)[O-])NCc1ccccc1,0.48
2683,CC1c2cccc(O)c2C(=O)C2=C(O)C3(O)C(=O)C(C(=N)O)=C(O)C(N(C)C)C3C(O)C21,0.0999999999999999
2684,CC(C)CC(N)C(=O)O,0.92
2685,CON=C(C1=NOCCO1)c1ccccc1Oc1ncnc(Oc2ccccc2Cl)c1F,0.0360499999999999
2686,O=C(CCCN1CCC(O)(c2ccc(Cl)cc2)CC1)c1ccc(F)cc1,0.1069999999999999
2687,Cc1cc(COc2ccc(S(=O)(=O)N3CCN(C(=O)C(C)(C)C)C(C(=O)NO)C3)cc2)c2c(n1)CCCC2,0.03
2688,O=C(Nc1ccccc1Cl)N1CCC(c2nc(-c3ccc4ccccc4n3)no2)CC1,0.005
2689,COC(=O)CC(O)(CCCC(C)(C)O)C(=O)OC1C(OC)=CC23CCCN2CCc2cc4c(cc2C13)OCO4,0.5
2690,Cc1c(C(=O)N2CCOc3ccc(-c4ccc(N)nc4)cc3C2)ccc(S(C)(=O)=O)c1F,0.12
2691,CC(=O)N1C2C=C(CN3CCC(N=c4ccc5c(C(F)(F)F)cc(C(F)(F)F)nc5[nH]4)CC3)CC1CCC2,0.045
2692,CC1Cc2c(nnn2-c2ncc(F)cn2)CN1C(=O)c1ccnc(C(F)(F)F)c1F,0.53
2693,CCOc1cc2[nH]cc(C(=N)O)c(=Nc3cc(C)ccc3F)c2cc1N1CCN(C)CC1,0.06
2694,CCOP(=S)(OCC)Oc1ccc2c(C)c(Cl)c(=O)oc2c1,0.002500145
2695,CC(O)C1C(=O)N2C(C(=O)O)=C(SC3CC(C(=O)N4CCC(NC(=O)CN=C(N)N)C4)N(C)C3)C(C)C12,0.909888898888889
2696,CC(=O)N1CCN(C2CCC(Nc3ncnn4ccc(C5CCOCC5)c34)CC2)CC1,0.48
2697,CC(C)N(C)c1ccc(C2CC3(C)C(CCC3(O)C#CC(C)(C)C)C3CCC4=CC(=O)CCC4C23)cc1,0.14
2698,COc1ccc(OC)c(C(O)CNC(=O)CN)c1,0.8499749999999999
2699,CC(Nc1c(C(N)=O)cnn2cccc12)C(C)(C)C,0.027
2700,CC(=O)NC(Cc1ccc2ccccc2c1)C(=O)NC(Cc1ccc(Cl)cc1)C(=O)NC(Cc1cccnc1)C(=O)NC(CO)C(=O)NC(Cc1ccc(O)cc1)C(=O)NC(CCCNC(N)=O)C(=O)NC(CC(C)C)C(=O)NC(CCCN=C(N)N)C(=O)N1CCCC1C(=O)NC(C)C(N)=O,0.14
2701,CCOC([O-])=Nc1c[n+](N2CCOCC2)no1,1.0
2702,CN1CC=CCCOc2cccc(c2)-c2ccnc(n2)Nc2cccc(c2)C1,0.0009999999999998
2703,Oc1ccc(O)cc1,0.861
2704,Fc1ccc(-c2cc(C3(c4ccccc4)CCN(CCc4ccccc4)CC3)[nH]n2)cc1,0.0699999999999999
2705,COCCOc1cc2[nH]cc(C(=N)O)c(=Nc3cc(C)ccc3F)c2cc1N1CCN(C)CC1,0.16
2706,CC(C)(C)c1ccccc1Oc1ncccc1NC(=O)Nc1ccc(OC(F)(F)F)cc1,0.007
2707,CC1OC2(CS1)CN1CCC2CC1,0.840476197142857
2708,NC(=O)c1cc2c(Oc3ccc(Cl)cc3)cnc(N)c2s1,0.0187
2709,CC1(C)Oc2ncnc(N)c2N=C1c1ccc(C23CCC(CC(=O)O)(CC2)CC3)cc1,0.01
2710,COCCOc1ccc(N(Cc2cnccc2C)C2CCN(C(C)CCNC(=O)c3c(C)cc(F)nc3C)CC2)cc1,0.1899999999999999
2711,CC(C)(ON=C(C(O)=NC1C(=O)N(S(=O)(=O)O)C1COC(=O)CN=C(O)c1cc(=O)c(O)cn1O)c1csc(=N)[nH]1)C(=O)O,0.5700000000000001
2712,CC(C)CC(CN)CC(=O)O,0.99995
2713,COCCOc1ccc(N(Cc2cnccc2C)C2CCN(C(C)CCN=C(O)c3c(C)cc(C#N)nc3C)CC2)cc1,0.0799999999999999
2714,C=CC(=O)Nc1cccc(Nc2nc(Nc3ccc(Oc4ccnc(C(=O)NC)c4)cc3)ncc2F)c1,0.395
2715,Cc1cc(C(=O)NC2CCC(NC(=O)c3cc(F)cnc3Oc3cccc(-c4ccc(O)c(CN5CC(C)NC(C)C5)c4)c3)CC2)nn1C,0.16
2716,COc1ccc(C=Cc2cc(OC)c(OC)c(OC)c2)cc1OP(=O)(O)O,0.2299999999999999
2717,COc1cnc2c(NCc3nnc4ccc(-c5cc(F)cc(F)c5)nn34)ccnc2c1,0.008
2718,CC(C)CC(NC(=O)C(NC(=O)c1cccc(-c2ccccc2)n1)C(C)O)B(O)O,0.002
2719,COC(O)=Nc1nc2ccccc2[nH]1,0.5141
2720,CC(Oc1ccccc1Cl)C(=O)NC1C(=O)N2C1SC(C)(C)C2C(=O)O,0.0399999996666666
2721,CCC(C)C(C(CC(=O)N1CCCC1C(OC)C(C)C(=O)NC(C)C(O)c1ccccc1)OC)N(C)C(=O)C(NC(=O)C(NC)C(C)C)C(C)C,0.25
2722,COc1cc(-c2cccc(C(F)(F)F)c2)ccc1-n1c(=O)ccc2cc(S(=O)(=O)Nc3ncccn3)ccc21,0.0059999999999998
2723,CC12CC3(O)OC(O1)C1(COC(=O)c4ccccc4)C3CC21OC1OC(CO)C(O)C(O)C1O,0.77
2724,CC1CCCN1CCCOc1ccc(C2=NN=C(O)C(C)(C)C2)cc1,0.74
2725,CN1CCC(=C2c3ccccc3CCn3c(C(=O)O)cnc32)CC1,0.373
2726,CCCS(=O)(=O)c1ccc(F)c(C#Cc2cc(Cl)ccc2OCC(=O)O)c1,0.01
2727,Cc1cnc(N=C(O)C2=C(O)c3ccccc3S(=O)(=O)N2C)s1,0.0028249999999999
2728,O=C(O)c1cn(Cc2ccc(-c3ccccc3)cc2)c2c(F)ccc(F)c2c1=O,0.004
2729,COc1ccc(-c2cc3c(NC4CCC(C)(N)C4(C)C)c(C(N)=O)cnn3c2)cn1,0.0999999999999999
2730,CC1C(N=C(O)C(=NOC(C)(C)C(=O)O)c2csc(=N)[nH]2)C(=O)N1C(O)=NS(=O)(=O)N1CC(NC(O)=NCc2cc(=O)c(O)c[nH]2)CC1=O,0.26
2731,Nc1ncc(-c2cnc3[nH]cc(-c4ccc5[nH]ccc5c4)c3c2)cn1,0.024
2732,C=CC(O)=Nc1cc(Nc2nccc(-c3c[nH]c4ccccc34)n2)c(OC)cc1N(C)CCN(C)C,0.0749999999999999
2733,CC(C)(CO)Nc1nc(SCc2cccc(F)c2F)nc2nc(N)sc12,0.0159999999999999
2734,CC(C)N1CCN(S(=O)(=O)c2ccc(NC(=O)c3ccc(S(F)(F)(F)(F)F)cc3)cc2)CC1,0.0008
2735,COc1cccc(-n2cc(C(=O)O)c(=O)c3cc(F)c(N4CCN(C)CC4)cc32)c1,0.4600000033333333
2736,Cn1cncc1C(N)(c1ccc(Cl)cc1)c1cc2c3c(c1)c(-c1cccc(Cl)c1)cc(=O)n3CC2,0.0024999999999999
2737,O=C(c1ccc(F)c(F)c1Nc1ccc(I)cc1F)N1CC(O)(C2CCCCN2)C1,0.05
2738,COc1cc2nc(N3CCCN(C(=O)N4CCOCC4)CC3)cc(N)c2c(-c2ccc(F)cc2)c1OC,0.06
2739,CCn1c(-c2ccnc(N)n2)cc(C(N)=O)c1-c1ccccc1,0.06
2740,COC(CC(=O)NC1C(=O)N2C1SC(C)(C)C2C(=O)O)c1ccc(Br)s1,0.0999999999999999
2741,COc1cc(C)[nH]c(=O)c1CNC(=O)c1c(C)n(C(C)C2CCOCC2)c2ccccc12,0.0999999999999999
2742,CC(O)=Nc1ccc2ccn(-c3cc(NCCN4CCOCC4)n4ncc(C#N)c4n3)c2c1,0.1099999999999999
2743,N#Cc1ccc(Oc2ccc(S(=O)(=O)Nc3ccc(F)cn3)cc2C#N)cc1Cl,0.0012
2744,N#CC1(N=C(O)C2CCCCC2C(=O)N2CCN(c3nc4cnccc4s3)CC2)CC1,0.35
2745,CC1c2nnn(-c3ncc(F)cn3)c2CCN1C(=O)c1cccc(C(F)(F)F)c1Cl,0.1119999999999999
2746,O=C1CN=C(c2ccccc2)c2ccccc2N1,0.0729999999999999
2747,CN(Cc1cc(Br)cc(Br)c1N)C1CCCCC1,0.05
2748,Cn1c(=O)cc(Nc2cc(C(=O)NC3CC3)ccc2Cl)c2cnn(-c3ccc(F)cc3F)c21,0.04
2749,CC#CCn1c(N2CCCC(N)C2)nc2c1c(=O)n(Cc1nc(C)c3ccccc3n1)c(=O)n2C,0.205
2750,COc1ccc(CC(C)NCC(O)c2ccc(O)c(NC=O)c2)cc1,0.3833333333333333
2751,COc1cc2[nH]c(-c3ccc(N4CCCCC4)cc3)c(C)c(=O)c2cc1F,0.012
2752,Cc1csc(N(C)C(=O)CSc2ccc(-c3ccccc3)nn2)n1,0.02
2753,CC(C)CC(NC(=O)C(Cc1ccc2ccccc2c1)NC(=O)C(Cc1ccc(O)cc1)NC(=O)C(CO)NC(=O)C(Cc1c[nH]c2ccccc12)NC(=O)C(Cc1c[nH]cn1)NC(=O)C1CCC(=O)N1)C(=O)NC(CCCN=C(N)N)C(=O)N1CCCC1C(=O)NCC(N)=O,0.1999999999999999
2754,CC(C)n1cnc2c(NCc3ccc(-c4ccccn4)cc3)nc(NCC(O)CO)nc21,0.054
2755,Cc1cc2oc(=O)n(CCC(=O)O)c2cc1Cl,0.024
2756,CNC(=O)c1ccc(Oc2ccc(CN3CCC(N4C(=O)N(C5CCOCC5)CC4c4ccccc4)CC3)c(C)n2)cc1,0.055
2757,Cc1ccc(C)c(O)c1C,0.0908
2758,CC(C)NC(=O)C1CCC(n2c(=NC(=O)c3cc(F)cc(F)c3)[nH]c3ccc(CN4CCC(C(C)(C)O)CC4)cc32)CC1,0.037
2759,CN(C)C(c1ccccc1)c1nc(O)c(O)c(C(=O)NCc2ccc(F)cc2)n1,0.0009999999999998
2760,NC(=O)C(=O)C(Cc1ccccc1)NC(=O)c1cccnc1-n1ccc(-c2ccccc2)n1,0.0699999999999999
2761,Cc1ccc(-n2cc(C(=O)O)c(=O)c3cc(F)c(N4CCNCC4)cc32)c(C)c1,0.35
2762,CC1COC(Cn2cncn2)(c2ccc(Oc3ccc(Cl)cc3)cc2Cl)O1,0.0080749999999999
2763,CCC(=O)OC1C(OC2C(C)C(OC3CC(C)(OC)C(O)C(C)O3)C(C)C(=O)OC(CC)C(C)(O)C(O)C(C)C(=O)C(C)CC2(C)O)OC(C)CC1N(C)C,0.0736
2764,CC(C)(C)N=C(O)C1CCC2C3CCC4N=C(O)C=CC4(C)C3CCC12C,0.0999999999999999
2765,CN(C)Cc1nccn1-c1ccc(N2CCC(NS(=O)(=O)c3ccc4[nH]cc(Cl)c4c3)C2=O)c(F)c1,0.0679999999999999
2766,O=C1C2=Nc3ccccc3CN2c2ccc(Cl)cc21,0.013
2767,CCCCOc1ccc(OCCCC)c(-c2cnc(SCCc3c[nH]cn3)[nH]2)c1,0.04
2768,Nc1ccc2c(c1)C(c1ccccc1)=NCC(=O)N2,0.802
2769,CN=c1nc(-c2cccnc2Oc2ccc(F)c(C(O)=Nc3cc(C(F)(F)F)ccc3N(C)CCCN(C)C)c2)nc[nH]1,0.0779999999999999
2770,CN(C)c1cccc(O)c1,0.242
2771,CC(CCn1ccc(-c2ccc(-n3nccn3)cc2)cc1=O)(C(=O)NO)S(C)(=O)=O,0.25
2772,OCCON=C(O)c1ccn2cncc2c1Nc1ccc(I)cc1F,0.015
2773,CC(=O)Oc1cccc2c1C(=O)c1c(OC(C)=O)cc(C(=O)O)cc1C2=O,0.01
2774,CN1CCN(CCCC(=O)c2ccc(-c3ccc(N4CC(Cn5ccnn5)OC4=O)cc3F)cn2)CC1,0.5
2775,COc1ccc2c(C(=O)c3ccc(Cl)cc3)c(C)n(CC(=O)O)c2c1,0.01
2776,CC(=O)c1sc(NC(=O)NC2CN(C(C)=O)CCC2CN2CCCC(Cc3ccc(F)cc3)C2)nc1C,0.069
2777,CC(CO)Nc1cc(NS(=O)(=O)N2CCOCC2)nc(SCc2cccc(F)c2F)n1,0.03
2778,CC(C)=CCCC(C)(OC1OC(COC2OC(CO)C(O)C(O)C2O)C(O)C(O)C1O)C1CCC2(C)C1C(O)CC1C3(C)CCC(OC4OC(CO)C(O)C(O)C4OC4OC(CO)C(O)C(O)C4O)C(C)(C)C3CCC12C,0.01
2779,CCCN(CCC)c1c([N+](=O)[O-])cc(C(F)(F)F)c(N)c1[N+](=O)[O-],0.0025
2780,CCCN1CC(NS(=O)(=O)N(CC)CC)CC2Cc3c(O)cccc3CC21,0.0999999999999999
2781,Cn1nc(-c2cnc3[nH]cc(C(=O)NC4(C)CC(N)C4)c3n2)c2ccc(F)cc21,0.0799999999999999
2782,CN1C2CCC1C(c1cncc(I)c1)C2,0.6
2783,NC(=O)C(=O)C(Cc1ccccc1)NC(=O)c1cccnc1-n1ccc(-c2ccc(F)cc2)n1,0.0699999999999999
2784,CC(Cc1ccc(O)c(O)c1)C(C)Cc1ccc(O)c(O)c1,7.14e-08
2785,CCOc1cc(N=c2[nH]c3c(cc2F)ncn3C(CO)c2ccc(F)cn2)[nH]n1,0.1099999999999999
2786,Cn1c(NCCN(CCO)CCCc2ccc([N+](=O)[O-])cc2)cc(=O)n(C)c1=O,0.09
2787,CCN=C(O)Nc1nc2cc(-c3cncc(F)c3)c(=O)n(C(C)C)c2s1,0.0999999999999999
2788,O=C(O)Cc1ccccc1,0.762
2789,O=C(O)COC(=O)Cc1ccccc1Nc1c(Cl)cccc1Cl,0.01
2790,Cc1cc2ncc(C(O)=NCC(C)(C)NCC(=O)N3CCCC3C#N)cn2n1,0.514
2791,Cc1cc(Cl)nc(C)c1C(O)=NCCC(C)N1CCC(N(Cc2ccsc2)C(=O)CN2CCOC2=O)CC1,0.4399999999999999
2792,CCCCCCCCCCCCCN1CC(C)OC(C)C1,0.0026894999999999
2793,CC(NC(=O)C1CCNCC1)c1ccc(Nc2ncc3cc(-c4ccncc4)ccc3n2)cc1,0.034
2794,COc1ccc(-c2c(CO)n(C)c3ccc(S(C)(=O)=O)cc23)cn1,0.0259999999999999
2795,Cc1cc(C)c(O)c(C)c1,0.109
2796,OC(=Nc1ccccc1Cl)N1CCC(c2nc(-c3ccc4ccccc4n3)no2)CC1,0.005
2797,CCCc1nn(C)c2c(=O)[nH]c(-c3cc(S(=O)(=O)N4CCN(C)CC4)ccc3OCC)nc12,0.04
2798,CC(C)(N)C(NC1CCc2cc(C#Cc3ccc(Cn4ccnc4CO)cc3)ccc21)C(=O)NO,0.06
2799,O=C(O)c1cn(Cc2ccc(-c3ccccc3)cc2)c2ccsc2c1=O,0.013
2800,CC(C)c1cccc(C(C)C)c1,0.0123849999999999
2801,CCc1c(CCCC(=O)O)cncc1-c1nsc(-c2ccc(OC(C)C)c(Cl)c2)n1,0.0019
2802,COc1cccc(CNC(=O)c2cc(-c3nnn(CC4COC(CO)CO4)n3)nc(C)n2)c1,0.31
2803,CCOc1cc2[nH]cc(C(=N)O)c(=Nc3ccc(F)cc3F)c2cc1N1CCCN(C)CC1,0.31
2804,Brc1c(NC2=NCCN2)ccc2nccnc12,0.71
2805,CCC(C)(CCN1CCCCC1)N(Cc1cc2ccccc2n(C)c1=O)C(=O)C1CCCCC1,0.1099999999999999
2806,CCc1nnc(-c2ccc(-c3ccccc3)nc2)n1-c1cccc(C#N)c1C,0.12
2807,Cc1cnc(NC(=O)NC23CC4CC(CC(C4)C2)C3)s1,0.002
2808,Oc1ccc(Cl)cc1CNCC12CC3CC(CC(C3)C1)C2,0.996
2809,OC(Cn1ccnc1)c1ccc(CCc2ccccc2)cc1,0.0699999999999999
2810,COc1c(NC(=O)c2ccc(C)c(N3C=C(C(=O)NCC(C)(C)C)NN3)c2)cc(C(C)(C)C)cc1NS(C)(=O)=O,0.0799999999999999
2811,CCOC(=O)NCCOc1ccc(Oc2ccccc2)cc1,0.004
2812,CC(C)(C)c1cc(C(O)=Nc2nc(CN)cs2)n(Cc2ccccc2)n1,0.06
2813,CC(CCn1ccc(-c2ccc(-n3nccn3)cc2)cc1=O)(C(O)=NO)S(C)(=O)=O,0.25
2814,Oc1c(F)cc(Br)cc1CNCC12CC3CC(CC(C3)C1)C2,0.995
2815,CC(=N)N1CCC(Oc2ccc(C(Cc3ccc4ccc(C(=N)N)cc4c3)C(=O)O)cc2)C1,0.4
2816,C(#Cc1ncn2c1COc1ccccc1-2)c1ccccc1,0.003
2817,O=C(C=Cc1cccc(S(=O)(=O)Nc2ccccc2)c1)NO,0.0573333333333333
2818,O=[N+]([O-])c1ccc2[nH]c(COCc3nc4cc([N+](=O)[O-])ccc4[nH]3)nc2c1,0.0085999999999999
2819,CC(C)(CO)N=C(O)c1c[nH]c2ncc(-c3nn(CCCS(C)(=O)=O)c4cc(F)ccc34)nc12,0.0649999999999999
2820,CC(C)S(=O)(=O)NCC1CCC(N=C(O)Cn2ccc3cc(Cl)ccc32)CC1,0.004
2821,O=C(NOCCO)c1ncc2cncn2c1Nc1ccc(I)cc1F,0.0899999999999999
2822,CC(C)(C)C(=O)N1CCC(Cc2ccc(-c3cccs3)cc2)(C(=O)N2CCCC2)CC1,0.655
2823,CC(=O)Nc1cccc(N2CCN(CCCCNS(=O)(=O)CC(C)C)CC2)c1,0.43
2824,Cc1cc(-c2ccc(CC(C#N)NC(=O)C3CNCCCO3)cc2)cc2c1oc(=O)n2C,0.0799999999999999
2825,O=C(O)CC(NC(=O)Cn1c(C2CC2)cnc(NCc2ccc3c(n2)NCCC3)c1=O)c1ccc2c(c1)OCO2,0.025
2826,Cc1cc(NC(=O)C[N+]23CCC(CC2)C(OC(=O)C2(C4=CC=CC4)CCCCCC2)C3)ncn1,0.1999999999999999
2827,O=C(O)c1cn(Cc2ccc(-n3cccc3)cc2)c2cccc(F)c2c1=O,0.005
2828,Cc1ccc(CCC[N+]23CCC(CC2)C(OC(=O)C2(C4=CC=CC4)CCCCCC2)C3)c(C)n1,0.04
2829,O=C(O)CCc1ccc(C#Cc2cc(Cl)nc(Cl)c2)cc1,0.0309999999999999
2830,O=C(O)C1(C(=O)Nc2ccc(Cl)cc2Cl)CC1,0.9840025
2831,CCCC(=O)N(C)c1cccc(N=C(O)c2ccccc2Br)c1,0.02
2832,NC1(C(O)=NC(CCO)c2ccc(Cl)cc2)CCN(c2ncnc3[nH]ccc23)CC1,0.2229999999999999
2833,CON=C(C(=O)NC1C(=O)N2C(C(=O)O)=C(C)CSC12)c1csc(N)n1,0.7777777677777777
2834,Cc1ccc(S(=O)(=O)CCCO)cc1C#Cc1cc(Cl)ccc1OCC(=O)O,0.015
2835,O=C(NCc1ccc(S(=O)(=O)c2ccc(N3CCOCC3)nc2)cc1)c1cnc2nccn2c1,0.028
2836,CN=C(O)CCN1C(=O)C(NC(=O)c2cc3cc(Cl)sc3[nH]2)Cc2ccccc21,0.9949
2837,O=C(O)c1ccc2c(ccn2-c2ccc(OC3OC(CO)C(O)C(O)C3O)c(Cl)c2)c1,0.0699999999999999
2838,CN(C)C(=O)C(c1ccc(-c2ccc3ncnn3c2)cc1)C(N)C(=O)N1CCC(F)(F)C1,0.3199999999999999
2839,CC(c1cc(C(=O)N(C)C)cc2c(=O)cc(N3CCOCC3)oc12)N(C)c1cc(F)cc(F)c1,0.12
2840,N#CC1(c2ccccn2)CCN(Cc2cc3c(c4ccccc24)CN(C2CCCCC2O)C3=O)CC1,0.0799999999999999
2841,CCCN=c1cc(C(O)=NC(CCC(=O)O)C(=O)N2CCN(C(=O)OCC)CC2)nc(-c2ccccc2)[nH]1,0.015
2842,Cc1ccccc1NC1=NC(=O)C(C(C)C)S1,0.004
2843,CNC(=O)CCN1C(=O)C(NC(=O)c2cc3cc(Cl)sc3[nH]2)Cc2ccccc21,0.0051000000000001
2844,Oc1ccc(Cl)cc1,0.23
2845,NCC(=O)CCC(=O)O,0.88
2846,CCOP(=S)(OCC)SCSP(=S)(OCC)OCC,1.015e-08
2847,Cc1ccc(NC(=O)c2cccc(C(F)(F)F)c2C)cc1C(=O)Nc1cnc(Nc2ccc(N3CCN(C)CC3)cc2)nc1,0.019
2848,CCOC(=O)CNC(C(=O)N1CCC1C(=O)NCc1ccc(C(N)=NO)cc1)C1CCCCC1,0.2099999999999999
2849,NC1CCC=C(c2ccc(F)cc2)C1CNc1cc(F)c(S(=O)(=O)Nc2cscn2)cc1Cl,0.004
2850,COc1ccc(C(SCC(N)C(=O)O)(c2ccccc2)c2ccccc2)cc1,0.0929999999999999
2851,NC(=O)n1cc(NC(=O)N2C(C(=O)Nc3cccc(C(F)(F)F)n3)CC3CC32)c2ccccc21,0.0479999999999999
2852,CCC(CC)C(NC(C)=O)C1C(N=C(N)N)CC(C(=O)O)C1O,0.7
2853,CC(C)NCC(O)COc1ccc(CC(=N)O)cc1,0.52
2854,C=CCC1C(=O)N2C(N(C)C)=Nc3ccc(C)cc3N2C1=O,0.01
2855,CC(Oc1ccccc1)C(=O)NC1C(=O)N2C1SC(C)(C)C2C(=O)O,0.2271428588095237
2856,OC1=NCC2(CCNCC2)c2[nH]c(-c3ccnc(-c4ccc5c(c4)OCO5)n3)cc21,0.03
2857,O=[N+]([O-])c1ccc(Cl)cc1,0.127
2858,Cc1cc(=[NH+]C(=O)C[N+]23CCC(CC2)C(OC(=O)C2(C4=CC=CC4)CCCCCC2)C3)[n-]o1,0.03
2859,O=C(OC1C[N+]2(CCOCc3ccccc3)CCC1CC2)C1(C2=CC=CC2)CCCCCC1,0.03
2860,CCc1cnc(NCc2ccc3c(n2)NCCC3)c(=O)n1CC(=O)NC(CC(=O)O)c1cccc(F)c1,0.028
2861,Cc1ccc(N=C(O)c2cccc(C(F)(F)F)c2C)cc1C(O)=Nc1cnc(Nc2ccc(N3CCN(C)CC3)cc2)nc1,0.019
2862,CN(Cc1ccccc1)S(=O)(=O)c1ccc(Oc2cccc(Cl)c2C#N)cc1,0.05
2863,Cn1nc(-c2cnc3[nH]cc(C(=O)NC(C)(C)CO)c3n2)c2ccc(Cl)cc21,0.003
2864,Cc1cc(-c2cc(F)c3nnc(C(C)n4ccc5ncccc5c4=O)n3c2)on1,0.3199999999999999
2865,CCCOCCn1c(=O)c(N2CCN(CCO)CC2)nc2cnc(-c3ccc(OC)nc3)cc21,0.26875
2866,Cc1ccc(C2CCN(Cc3cc(C(=O)O)c(=O)n4ccccc34)CC2)cc1,0.0899999999999999
2867,CNC(C)C(=O)NC(C(=O)N1CC=CC1C(=O)NC1c2ccccc2CC1OCC#CC#CCOC1Cc2ccccc2C1NC(=O)C1C=CCN1C(=O)C(NC(=O)C(C)NC)C1CCCCC1)C1CCCCC1,0.029
2868,COc1c(C2CCN(c3ccn4c(CC5CC5)nnc4c3Cl)CC2)ccc(F)c1F,0.01
2869,C=CC(=O)Nc1cc(Nc2ncc(Cl)c(-c3cnn4ccccc34)n2)c(OC)cc1N(C)CCN(C)C,0.032
2870,Fc1cc(-c2ccnc(Nc3ccc(-n4cnc(N5CCOCC5)n4)cc3)n2)cc(N2CCOCC2)c1,0.0799999999999999
2871,COc1cnc(C(=O)Nc2ccc(F)c(C3(C)N=C(N)COC3F)c2)cn1,0.6
2872,NC(=O)C(c1ccccc1)(c1ccccc1)C1CCN(CCc2ccc3c(c2)CCO3)C1,0.02
2873,COCC(O)Cn1c(=O)cnn(-c2ccc(Cl)c(C(O)=NCC3(O)CCCCCC3)c2)c1=O,0.27
2874,CN(C)C(=O)NC1CCC(CCN2CCN(c3cccc(Cl)c3Cl)CC2)CC1,0.05875
2875,COc1cc(N=c2[nH]c3c(cc2F)ncn3C(CO)c2ccc(F)cn2)[nH]n1,0.15
2876,COc1ccccc1OCC(O)COC(N)=O,0.51
2877,C=CC(O)=Nc1cc(Nc2ncc(Cl)c(-c3c[nH]c4ccccc34)n2)c(OC)cc1N(C)CCN(C)C,0.0359999999999999
2878,CCOCN(C(=O)CCl)c1c(C)cccc1CC,0.1653333333333332
2879,CCC(Oc1ccccc1)C(=O)NC1C(=O)N2C1SC(C)(C)C2C(=O)O,0.1398333333333333
2880,CC1(C)C(NC(=O)C(=NOC(CO)c2cc(=O)c(O)cn2O)c2csc(N)n2)C(=O)N1OS(=O)(=O)O,0.0059
2881,CCn1cc(C(=O)O)c(=O)c2cc(F)c(N3CCNCC3)cc21,0.8518909157575757
2882,COC(=O)C=CC(=O)O,0.64
2883,Nc1nc(N)c2nc(-c3ccc(OS(=O)(=O)O)cc3)c(N)nc2n1,0.096
2884,Cc1nc(N)ccc1CNC(=O)Cn1c(C2CC2)ccc(NS(=O)(=O)Cc2ccc(Cl)cc2)c1=O,0.06
2885,CCOC(=O)C1=CC2(CC)CCCN3CCc4c(n1c1ccccc41)C32,0.34
2886,C[Si]1(C)CCN(Cc2nn(-c3ccc(Cl)cc3Cl)c(-c3ccc(Cl)cc3)c2CO)CC1,0.0004
2887,CCCSc1ccc2[nH]c(NC(=O)OC)nc2c1,0.2123333366666666
2888,COC1COC2(CN(c3ncc(C(=O)O)s3)CCC2N=C(O)c2[nH]c(C)c(Cl)c2Cl)OC1,0.0529999999999999
2889,ON=Cc1cc[n+](COC[n+]2ccc(C=NO)cc2)cc1,0.98
2890,O=S(=O)(O)O,0.73
2891,CCCCOC(=O)C(C)c1ccc(CC(C)C)cc1,0.65
2892,CN1CCC23c4c5ccc(O)c4OC2C(OC2OC(C(=O)O)C(O)C(O)C2O)C=CC3C1C5,0.67
2893,COc1cc2c(Nc3ccc(NC(=O)c4ccccc4)cc3)nc(C)nc2cc1O,0.0969999999999999
2894,NC(=O)c1ccc(C(N)=O)c(-c2c[nH]c(SCCc3c[nH]cn3)n2)c1,0.3567
2895,CCNCC(O)c1cccc(O)c1,0.7650595213095238
2896,COC(=O)N(CC(=O)O)Cc1cc(OCc2nc(-c3ccc(Cl)cc3)oc2C)ccc1F,0.01
2897,Cc1cc(CC(N=C(O)N2CCC(c3cc4ccccc4nc3O)CC2)C(=O)N2CCN(C3CCN(C)CC3)CC2)cc2c[nH]nc12,0.37
2898,S=c1[nH]c2ccccc2s1,0.0215
2899,CCOP(=O)(OCC)Oc1cc(C)nc(C(C)C)n1,0.327125
2900,c1ccc(CCC2CN(Cc3nc4ccccc4[nH]3)CCO2)cc1,0.0609999999999999
2901,CC1CN(CC(Cc2ccccc2)C(=O)NCC(=O)O)CCC1(C)c1cccc(O)c1,0.1725
2902,O=C1C2CN(C(O)=Nc3ccccc3-c3ccccc3)CCN2C(=O)N1C1CC1c1ccccc1,0.044
2903,O=C(O)c1cn(Cc2ccc(-c3cccnc3)cn2)c2c(F)cccc2c1=O,0.049
2904,CC1C(N=C(O)C(=NOC(C)(C)C(=O)O)c2csc(=N)[nH]2)C(=O)N1C(O)=NS(=O)(=O)N1CC(N=C(O)N(C)Cc2cc(=O)c(O)cn2O)CC1=O,0.26
2905,COc1ccc(N(Cc2cccnc2)C2CCN(C(C)CCN=C(O)c3c(C)cc(Cl)nc3C)CC2)cc1,0.0699999999999999
2906,CC12CCC3=C4CCC(=O)C=C4CCC3C1CCC2(O)CC#N,0.0999999999999999
2907,CC1CN2c3c(cc4c(=N)[nH]oc4c3F)CC3(C(O)=NC(=O)N=C3O)C2C(C)O1,0.13
2908,O=C1CCCCN1c1ccc(COC2COc3nc([N+](=O)[O-])cn3C2)cc1F,0.252
2909,Nc1cc(-c2ccco2)c2oc(-c3ccco3)nc2c1,0.0999999999999999
2910,CCCCOC(=O)c1ccccc1C(=O)O,0.2079249999999999
2911,CNC(=O)CSP(=S)(OC)OC,0.96498
2912,CC(=O)N1C2C=C(CN3CCC(N=c4ccc5cc(C(F)(F)F)ccc5[nH]4)CC3)CC1CCC2,0.0459999999999999
2913,C=C(C)C1CCC2(C(=O)O)CCC3(C)C(CCC4C5(C)CCC(O)C(C)(C)C5CCC43C)C12,0.1099999999999999
2914,CC1(C)C(C=C(Br)Br)C1C(=O)OC(C#N)c1cccc(Oc2ccccc2)c1,0.01
2915,CC(C)CN1CCC(COc2ccc(NC(=O)Nc3cccnc3Oc3ccccc3C(C)(C)C)c(F)c2)CC1,0.003
2916,CN1CCN(c2c(F)cc3c(=O)c(C(=O)O)cn4c3c2SCC4)CC1,0.405
2917,COc1ccccc1OCCCCCCN1CC(O)C(O)C(O)C1CO,0.35
2918,Oc1ccc(-c2ccccc2)cc1Cl,1.17e-08
2919,N=c1nc2ccc(-c3cncc(NS(=O)(=O)c4ccc(Cl)cc4)c3)cn2[nH]1,0.01
2920,COc1ccc(-c2cc(CN3CCOCC3)c(C)n2-c2ccc(F)cc2)cc1,0.017
2921,N#Cc1ccc(NCC(F)(F)c2ccccn2)c(F)c1CC(O)=NCc1ccc2c(=N)[nH]oc2c1,0.013
2922,Cc1c(-c2ccc(O)cc2)n(Cc2ccc(OCCN3CCCCCC3)cc2)c2ccc(O)cc12,0.01875
2923,O=C1N=C(O)CN1N=Cc1ccc([N+](=O)[O-])o1,0.324
2924,CC(=O)NC1C(NC(=N)N)C=C(C(=O)O)OC1C(O)C(O)CO,0.8991666766666667
2925,CC(O)C1C(=O)N2C(C(=O)O)=C(SC3CNC(C(O)=Nc4cccc(C(=O)O)c4)C3)C(C)C12,0.07
2926,Cc1nc(-c2cn3c(n2)-c2ccc(-c4cnn(C(C)(C)C(=N)O)c4)cc2OCC3)n(C(C)C)n1,0.24
2927,CC(=O)Oc1ccccc1C(O)=Nc1ncc([N+](=O)[O-])s1,0.05
2928,CC(C)(C)CCC1(C(=O)c2ccc3[nH]ncc3c2)CCCN1,0.5
2929,OC(=NCc1ccc(C(F)(F)F)cc1)Nc1cccc2cnccc12,0.02
2930,CC(=O)N1C2C=C(CN3CCC(N=c4ccc5cc(Cl)ccc5[nH]4)CC3)CC1CCC2,0.044
2931,OCCON=C(O)c1ncc2cncn2c1Nc1ccc(I)cc1F,0.0899999999999999
2932,N#Cc1cnc(NCC(F)(F)c2ccccc2)c(=O)n1CC(=O)NCCONC(=N)N,0.51
2933,OC(=Nc1cccc(OC(F)F)c1)c1ccccn1,0.04
2934,CC(C)=CCN1CCC2(C)c3cc(O)ccc3CC1C2C,0.3905555522222222
2935,C=CC(=O)NCNC(=O)C=C,0.999975
2936,CN1CCC(COCc2cc(C(F)(F)F)cc(C3CC3)n2)(c2ccc(F)cc2)CC1,0.02
2937,COc1ccc(C(CCCC(O)CCc2ccc3c(n2)NCCC3)CC(=O)O)cn1,0.0699999999999999
2938,CC1(C)CON(Cc2ccccc2Cl)C1=O,0.1730999999999999
2939,COc1ccc2c(OC3CC4C(=O)NC5(C(=O)O)CC5C=CCCCCCC(NC(=O)OC5CCCC5)C(=O)N4C3)cc(-c3csc(NC(C)C)n3)nc2c1,0.009
2940,Cc1noc(C)c1S(=O)(=O)Nc1c(N2CCC(c3ccccc3)CC2)c(=O)c1=O,0.01
2941,CCCCc1ccc(Nc2cc(C)nc3ncnn23)cc1,0.0329999999999999
2942,O=C(O)C(F)(F)C(F)(F)C(F)(F)C(F)(F)F,0.044
2943,CC(=O)N1CCN(C)C(c2nc(C(=O)NCc3ccc(F)cc3)c(O)c(=O)n2C)C1,0.3
2944,O=C(NCc1ccccc1)c1nc(N2CCCCS2(=O)=O)c2cccnc2c1O,0.01
2945,COc1cc(OC)cc(C(O)=Nc2ccc(C)c(C(O)=Nc3cnc(Nc4ccc(N5CCN(C)CC5)cc4)nc3)c2)c1,0.032
2946,CCOc1cc(NC(=O)C2(NC(=O)c3ccc4c(C5CCCC5)c(-c5ncc(Cl)cn5)n(C)c4c3)CCC2)ccc1C=CC(=O)O,0.004
2947,O=C(O)c1cn(Cc2ccc(-c3ccc4[nH]ccc4c3)nc2)c2c(F)cccc2c1=O,0.0
2948,NS(=O)(=O)c1ccc(OCCCN2CCC(C(O)(c3cccc(F)c3)c3nccs3)CC2)cc1,0.17
2949,CN(C)C(=O)Nc1ccccc1,0.564
2950,N=C(O)c1cccc(-c2ccc3c(c2)sc2c(=N)[nH]cnc23)c1,0.037
2951,COCCc1ccc(OCC(O)CNC(C)C)cc1,0.8741176257051282
2952,Cc1cc(NC(=O)C(=O)O)cc(C)c1Oc1ccc(O)c2c1CCC2,0.0126
2953,CN(CCO)CC(O)Cn1cnc2c1c(=O)n(C)c(=O)n2C,0.05
2954,Cc1cn2c(-c3cn[nH]c3)cnc2c(Nc2cc(Cc3ccccn3)ns2)n1,0.009
2955,CCCCN(CCCC)N=O,0.2602
2956,COC1CC(Oc2cc(F)c(F)c(-c3ccc4c(c3)CCC(CCC(=O)O)O4)n2)C1,0.0021999999999999
2957,CCN=C(O)Nc1nc2cc(-c3cncnc3)c(=O)n(C(C)C)c2s1,0.15
2958,Cc1ccc(O)c(CNCC23CC4CC(CC(C4)C2)C3)c1,0.969
2959,COc1ccnc2[nH]cc(C(=O)C(=O)N3CCN(C(=O)c4ccccc4)CC3C)c12,0.27
2960,Nc1ncnc2c1C(=O)N(c1ccc(-c3ccccc3Cl)cc1)CCO2,0.0359999999999999
2961,Cc1cc(C2CCN(C(=O)C3CNCC3c3ccc(F)cc3F)CC2)n(-c2cc(Cl)ccc2Cl)n1,0.12
2962,COc1ccc(C(CN(C)C)C2(O)CCCCC2)cc1,0.7231855664973262
2963,CCOc1cc2nccc(Oc3cnc(CC(=O)Nc4n[nH]c(CC)c4C)c(OC)c3)c2cc1OC,0.03
2964,CN(C)c1cc(NC(=O)CNC(C)(C)C)c(O)c2c1CC1CC3C(N(C)C)C(O)=C(C(N)=O)C(=O)C3(O)C(O)=C1C2=O,0.25
2965,COc1ccc2[nH]cc(CCNC(C)=O)c2c1,0.426
2966,CN(C)C(=O)Cn1c(-c2ccoc2)c(C2CCCCC2)c2ccc(C(O)=NS(=O)(=O)N(C)C)cc21,0.989
2967,N#Cc1cc(Cl)c(C(=O)Nc2ccnc(NC(=O)C3CC3F)c2)c(Cl)c1,0.0679999999999999
2968,CN1CCN(c2ccccc2C=C2SCCN(c3ccc(Cl)c(Cl)c3)C2=O)CC1,0.0329
2969,COc1ccc(-c2cnc3c(-c4cccc5ncccc45)cnn3c2)cc1,0.009
2970,CCCOC(=O)NCCCN(C)C,0.843
2971,CN(C)C(=O)Cn1c(-c2ccccc2)c(C2CCCCC2)c2ccc(C(=O)O)cc21,0.0289999999999999
2972,CC(N=C(O)N1CCc2cnc(NC3CCOCC3)nc2C1)c1ccc(Cl)c(F)c1,0.0949999999999999
2973,COc1cc(O)c(C(=O)c2ccccc2)cc1S(=O)(=O)O,0.00942
2974,Cc1nn(C(F)F)cc1S(=O)(=O)Nc1c(N2CCC(Cc3ccccc3)CC2)c(=O)c1=O,0.01
2975,CC(C)Oc1cc2[nH]cc(C(=N)O)c(=Nc3ccc(Cl)c(Cl)c3)c2cc1N1CCN(C)CC1,0.01
2976,Cc1ccccc1C(=O)Nc1ccc(C#N)cn1,0.025
2977,[N-]=[N+]=NC1C(CF)OC(n2cnc3c(N)nc(OC4CCCC4)nc32)C1O,0.1899999999999999
2978,Cc1c(C2CN3CCN(C(=O)Cc4ccc(-n5cnnn5)cn4)CC3CO2)ccc(F)c1C#N,0.5800000000000001
2979,COc1cc2c(Nc3ccc(NC(=O)c4ccccc4)cc3)nc(NCCCn3ccnc3)nc2cc1O,0.012
2980,COC(=O)NC(C(=O)N1CCCC1c1nc2cc(C3CCC(c4cc5nc(C6CCCN6C(=O)C(NC(=O)OC)C(C)OC)[nH]c5cc4F)N3c3cc(F)c(N4CCC(c5ccc(F)cc5)CC4)c(F)c3)c(F)cc2[nH]1)C(C)OC,0.0009999999999998
2981,CN(c1ccccc1Cl)S(=O)(=O)c1ccc(N=C(O)c2nccs2)cc1,0.005
2982,Fc1cc(CN2CCOC(COc3ccccc3)C2)ccc1Cl,0.0059999999999998
2983,COc1cc2[nH+]c(N(C)CCCNC(=O)C3CCCO3)nc(N)c2cc1OC,0.0999999999999999
2984,CC(CO)CN1C(C)Cc2c([nH]c3ccccc23)C1c1ccc(C=CC(=O)O)cc1,0.0459999999999999
2985,Nc1nc(O)c2ncn(COC(CO)CO)c2n1,0.98916667
2986,COc1ccc2cc(CC(=O)O)ccc2c1,0.01
2987,N=C(O)COc1ccc(Cl)cc1CN=C(O)C1CCCN1C(=O)C(N)C1CCCCC1,0.26
2988,OC(Cn1cnnn1)(c1ccc(F)cc1F)C(F)(F)c1ccc(-c2ccc(OCC(F)(F)F)cc2)cn1,0.004
2989,C#CC(C)(C)NC(=O)c1cc(Cl)cc(Cl)c1,0.0679
2990,CCc1cn(C2CC(O)C(CO)O2)c(=O)[nH]c1=O,0.93
2991,Cc1cccc(C)c1N,0.4311
2992,Sc1[nH]cnc2ncnc1-2,0.8244444377777778
2993,O=C(OC1CN2CCC1CC2)C1(c2ccccc2)CCCCCC1,0.05
2994,CNC(C)C(O)=NC1CCCC2CC3CCN(C(=O)OCc4ccccc4)CC3N2C1=O,0.42
2995,COc1cnc(-n2cnc(C)n2)c2[nH]cc(C(=O)C(=O)N3CCN(C(=O)c4ccccc4)CC3)c12,0.15
2996,Cc1cnc2c(C(O)=NCCO)cn(Cc3ncnc(N(C)C)c3C)c2c1,0.3
2997,O=C(OC1C[N+]2(CCCc3nc4ccccc4o3)CCC1CC2)C1(C2=CC=CC2)CCCCCC1,0.04
2998,CNC(=O)c1cc(Oc2ccc(NC(=O)Nc3ccc(Cl)c(C(F)(F)F)c3)c(F)c2)cc[n+]1[O-],0.0019
2999,CCC(C)CCCCC(=O)NC(CCN)C(=O)NC(C(=O)NC(CCN)C(=O)NC1CCNC(=O)C(C(C)O)NC(=O)C(CCN)NC(=O)C(CCN)NC(=O)C(CC(C)C)NC(=O)C(Cc2ccccc2)NC(=O)C(CCN)NC1=O)C(C)O,0.8999999933333332
3000,CC(C(=O)OC1C[N+]2(CCCc3nc4ccccc4o3)CCC1CC2)(c1ccccc1)N1CCCCC1,0.132
3001,CCc1ccccc1N=C(O)N1CC(C)Oc2cc(-c3ccc(C4CCC(CC(=O)O)CC4)cc3)ccc21,0.005
3002,CCOCCn1c(C2CCN(CCc3ccc(C(C)(C)C(=O)O)cc3)CC2)nc2ccccc21,0.13
3003,Cc1csc2nc(N3CCC(C)N(C(=O)c4ccccc4-n4nccn4)CC3)nc(N)c12,0.015
3004,Cc1cc(C)nc(N2CC3CN(C(=O)c4ccc(F)cc4-n4nccn4)CC3C2)n1,0.0749999999999999
3005,NC1=NS(=O)(=O)c2ccccc21,0.48
3006,COc1cc(-c2cccc(OC(F)F)c2)c(F)cc1-n1c(=O)ccc2cc(S(=O)(=O)Nc3ccon3)ccc21,0.0059999999999998
3007,C=CC(=O)Nc1cccc(Oc2nc(Nc3ccc(N4CCN(C)CC4)cc3)nc3ccoc23)c1,0.619
3008,Cc1ccc(C(=O)N(CCCN)C(c2nc3cc(Cl)ccc3c(=O)n2Cc2ccccc2)C(C)C)cc1,0.0008
3009,CC1OC1P(=O)(O)O,0.9955741096428572
3010,Cc1ccc(Sc2ccccc2N2CCNCC2)c(C)c1,0.02
3011,Cc1ccc(CC2CCN(c3c(NS(=O)(=O)c4c(C)noc4C)c(=O)c3=O)CC2)cc1,0.01
3012,O=S(=O)(c1ccccc1)c1ccccc1,0.0758
3013,Cc1cc(C)c(C=C2C(=O)Nc3ccccc32)[nH]1,0.00775
3014,Cc1ccc(CO)cc1N(C)c1ccnc(Nc2cc(N3CCOCC3)cc(S(C)(=O)=O)c2)n1,0.0849999999999999
3015,CC(=O)N(Cc1ccsc1)C1CCN(C(C)CCN=C(O)c2c(C)cc(Cl)nc2C)CC1,0.55
3016,CC12CCC(=O)C=C1C=CC1C2CCC2(C)C1CCC2(O)CCC(=O)O,0.0599999996666666
3017,COC1CN(c2nc(C(O)=NCC3(C)OCCO3)c(C(=O)O)s2)CCC1N=C(O)c1[nH]c(C)c(Cl)c1Cl,0.032
3018,Cc1cn(C2CCCCN2C(CC(C)(C)C)c2ccc(C(=O)O)c(Oc3cccc(Br)c3)c2)c(=O)[nH]c1=O,0.032
3019,CCC(C)(c1ccc(O)cc1)c1ccc(O)cc1,0.0182149999999998
3020,CC(O)(c1ccc(C(=O)N(C2CCC(CC3(C(=N)O)CC3)CC2)C2CC2)cc1)C(F)(F)F,0.12
3021,NCCCn1c2c(c3ccc(N)cc3c1=O)C(=O)c1ccccc1-2,0.25
3022,COCCOc1cnc2ccc(C(C)n3nnc4ccn(-c5cc(C)ns5)c(=O)c43)cc2c1,0.012
3023,Cc1ccc(F)c(NC(=O)Nc2ccc(-c3cccc4[nH]nc(N)c34)cc2)c1,0.01
3024,COc1ccc(C2Sc3ccccc3N(CCN(C)C)C(=O)C2OC(C)=O)cc1,0.2019166666666666
3025,CC(C)(C)NC(=O)c1c[nH]c2ncc(-c3nn(CCC(O)CO)c4ccc(OC(F)F)cc34)nc12,0.007
3026,Cc1cc(-c2cnn3c(NCC4CCOCC4)nc(Oc4ccccc4)nc23)ccc1C(=O)NC1CC1,0.028
3027,O=C(NC(=O)c1c(F)cccc1F)Nc1ccc(Cl)cc1,0.0308
3028,Cc1cncc(CN2CCC(=C3c4ccc(Cl)cc4CCc4cccnc43)CC2)c1,0.015
3029,CN(C)S(=O)(=O)N(C)C1CCCn2c1nc(C(=O)NCc1ccc(F)cc1)c(O)c2=O,0.135
3030,CON=C(O)Nc1ccc(-c2sc3c(c2CN(C)C)c(=O)n(-c2ccc(OC)nn2)c(=O)n3Cc2c(F)cccc2F)cc1,0.29
3031,N#CC(=Cc1ccc2c(c1)CCO2)S(=O)(=O)c1ccc(Cl)cc1Cl,0.05
3032,N=C(N)c1ccc(CN=C(O)C2CCN2C(=O)C(NCC(=O)O)C2CCCCC2)cc1,0.5415
3033,O=C(O)CC(NC(=O)Cn1c(C2CC2)cnc(NCc2ccc3c(n2)NCCC3)c1=O)c1cccc(F)c1,0.025
3034,CCCCCCCCC=CCCCCCCCC(=O)N(C)CC(=O)O,3.54e-08
3035,CC(C)Cc1ccc(C(C)C(=O)NC(C)C(=O)O)cc1,0.0399999996666666
3036,O=C(c1ccc(F)c(F)c1)N1CCN2C(=O)c3ccccc3C12c1ccc(Cl)cc1,0.0144999999999999
3037,Cc1ccc(C(=CCN2CCCC2)c2cccc(C=CC(=O)O)n2)cc1,0.5
3038,FC(F)(F)c1ccc(Oc2ccc(-c3noc(-c4[nH]ncc4Cl)n3)cc2)cc1,0.022
3039,COc1ccc2c(ccn2-c2ccc(OC3OC(CO)C(O)C(O)C3O)c(Cl)c2)c1,0.04
3040,NCc1ccccc1-n1nc(C(F)(F)F)cc1C(O)=Nc1ccc(-c2ccccc2S(N)(=O)=O)cc1F,0.1099999999999999
3041,O=C(O)c1cn(Cc2ccc(-c3cccnc3)nc2)c2c(F)cccc2c1=O,0.0949999999999999
3042,CC1CCCC(C)N1CCCC(O)(c1ccccc1)c1ccccn1,0.13
3043,Cc1cc(COc2nc(N)nc3ccn(Cc4ccccn4)c23)no1,0.47
3044,CC(C(=O)NS(C)(=O)=O)c1ccc(OS(=O)(=O)C(F)(F)F)cc1,0.0006666666666666
3045,CCn1nccc1Oc1cc(CC2CC(C)(O)C2)cnc1NC(=O)NC,0.4399999999999999
3046,CN(C)CCOC1=Cc2ccccc2Sc2ccc(Cl)cc21,0.0299999996666666
3047,CCc1nn(CCO)c(CC)c1Oc1cc(C#N)cc(C#N)c1,0.49
3048,COCCOc1ccc(C2CC(C(F)(F)F)n3ncc(C(=O)NCc4ccc(F)cc4)c3N2)cc1,0.019
3049,CCCCC(CC)COC(=O)CCCCC(=O)OCC(CC)CCCC,0.0386049999999999
3050,Cc1noc(C)c1S(=O)(=O)Nc1c(N2CCN(Cc3ccc(C#N)cc3)CC2)c(=O)c1=O,0.0289999999999999
3051,CC(C(=O)O)c1ccc2oc(-c3ccc(Cl)cc3)nc2c1,0.01
3052,CC1=NC(=O)C(CCN(C(C)C)C(C)C)(c2ccccc2)C2CCCCN12,0.6665
3053,N#Cc1cc2c(cn1)[nH]c1ncc(-c3ccc(CN4CCCCC4)cc3)cc12,0.1169999999999999
3054,COC12CCC3(CC1C(C)(O)C(C)(C)C)C1(CC4CC4)Cc4ccc(O)c5c4C3(CCN1)C2O5,0.04
3055,Cc1cn(C2CCCN(C(CC(C)C)c3ccc(C(=O)O)c(Oc4cccc(Cl)c4)c3F)C2)c(=O)[nH]c1=O,0.007
3056,COc1cc2nc(Nc3ccc(C(C)NC(C)=O)cc3)ncc2cc1-c1ccncc1,0.0259999999999999
3057,Cc1[nH]nc2c1N=C(c1ccccc1Cl)c1cc([N+](=O)[O-])ccc1N2,0.0135
3058,CCCCS(=O)(=O)NC(Cc1ccc(OCCCCC2CCNCC2)cc1)C(=O)O,0.355
3059,CN(C)CCCNCc1cc(I)cc(C(C)(C)C)c1O,0.9393
3060,Cc1nc(N)ccc1CNC(=O)Cc1c(C#N)ccc(NCC(F)(F)c2ccccn2)c1F,0.1099999999999999
3061,CCOC(=O)c1cnc(N2CC(N=C(O)NS(=O)(=O)c3ccccc3)C2)c(Cl)c1,0.015
3062,O=C(O)c1cn(Cc2ccc(-c3cccc(CO)n3)cc2)c2c(F)cccc2c1=O,0.0579999999999999
3063,CC(C)(C)NCc1ccc(Nc2ccnc3cc(Cl)ccc23)cc1O,0.12
3064,Cc1nc(N)ccc1CNC(=O)Cn1c(C)ccc(NS(=O)(=O)Cc2ccccc2)c1=O,0.2199999999999999
3065,CNn1cc(C(=O)O)c(=O)c2cc(F)c(N3CCN(C)CC3)cc21,0.7
3066,CN1CC(F)CC1c1nc(C(O)=NCc2ccc(F)cc2)c(O)c(=O)n1C,0.5
3067,N#Cc1cncc(Oc2cc(C(=O)Nc3ccc(F)cn3)c3ncnn3c2)c1,0.135
3068,CC(Oc1cc(-n2cnc3ccc(OC4CCNCC4)cc32)sc1C(N)=O)c1ccccc1C(F)(F)F,0.034
3069,C=N,0.352
3070,CCN=C(O)Nc1nc2cc(-c3ccc4nnnn4c3)c(=O)n(C(C)C)c2s1,0.18
3071,CCNC(=O)Nc1ccc(NC(=O)c2cc(OC)cc(-c3c[nH]c(=O)[nH]c3=O)c2)cc1,0.159
3072,CC(C)(O)c1cc2nc(-c3cnc(N)nc3)nc(N3CCOCC3)c2s1,0.2099999999999999
3073,CN1C2CCCC1CC(NC(=O)c1nn(C)c3ccccc13)C2,0.3499999975
3074,CCN=C(O)Nc1nc2cc(-c3cccnc3)c(=O)n(C(C)C(=O)O)c2s1,0.2199999999999999
3075,CC1CN(c2ccc3c(Nc4ccc(Cl)c(-c5ncc(-c6ccccc6)[nH]5)c4)nccc3n2)CCO1,0.039
3076,Cc1ccc(-c2ccccn2)cc1NC(=O)c1ccc(OCc2ccccn2)cc1,0.0109999999999998
3077,CN=C(NCc1cnc(Cl)s1)N[N+](=O)[O-],0.50595
3078,COc1ccc(-n2c(CCN3C(=O)c4cccc(OC(C)C)c4C3=O)nc3ccccc3c2=O)cc1,0.03
3079,N#CN=C1SCCN1Cc1ccc(Cl)nc1,0.2859249999999999
3080,O=C(C[N+]12CCC(CC1)C(OC(=O)C1(C3=CC=CC3)CCCCCC1)C2)Nc1ccncc1,0.05
3081,CN(C)CCn1c(CC(C)(C)C)nc2cc(S(=O)(=O)C3CN(CCO)C3)ccc21,0.5
3082,CN1CCN=C1c1ccc(C(=O)Nc2ccccc2C(O)=Nc2ccc(Cl)cn2)cc1,0.18
3083,CC(C)(C)OC(=O)NC1CCCCCC=CC2CC2(C(=O)NS(=O)(=O)C2CC2)NC(=O)C2CC(OC(=O)N3Cc4cccc(F)c4C3)CN2C1=O,0.02
3084,COc1cncc(NC(C(=O)c2c[nH]c3ccccc23)c2ccccc2)c1,0.005
3085,CN1CCc2c(cccc2C(=O)NCC2(N3CCN(c4ccccc4)CC3)CCCCC2)C1,0.165
3086,NCCN1C(=O)CN=C(c2ccccc2F)c2cc(Cl)ccc21,0.02
3087,CCn1cnc(C(=O)NC)c1C(=O)NC,0.92
3088,Cn1cc2cc(-c3cc(F)c(CN4CCn5nccc5C4=O)c(F)c3)ccc2n1,0.05
3089,Nc1ncnc2c1C(=O)N(c1ccc(-c3ccc(CC(=O)N4CC(O)C4)cc3Cl)cc1)CCO2,0.2229999999999999
3090,O=C(O)C(F)(F)C(F)(F)C(F)(F)C(F)(F)C(=O)O,0.1169999999999999
3091,COc1ccc(OC)c(-c2cc(=O)[nH]c(=S)n2CC(N)=O)c1,0.6
3092,O=C(OC1C[N+]2(Cc3nc(-c4ccccc4)no3)CCC1CC2)C1(C2=CC=CC2)CCCCCC1,0.01
3093,CC(=O)Nc1cc(Nc2cc(NC3COC3)n3ncc(C#N)c3n2)ccc1C,0.28
3094,Cc1ccc(C(=O)c2ccccc2)cc1,0.0187999999999999
3095,CC12CCC(O)CC1CCC1C2CCC2(C)C(c3ccc(=O)oc3)CC3OC312,0.15
3096,Cc1noc(-c2nc(C)c3c(c2N)C(=O)N(Cc2cccc(Cl)c2)C3=O)n1,0.0329999999999999
3097,Cc1cc(Nc2cc(N)ncn2)c(=O)n2c1C(=O)NC21CCCCC1,0.5
3098,CC1OC(n2cnc3c(N)nc(OC4CCC(C(F)(F)F)CC4)nc32)C(O)C1O,0.1999999999999999
3099,COC(=O)C(N=C(O)C(C)c1ccc(CC(C)C)cc1)C(C)C,0.55
3100,CC(C(=O)OC1C[N+]2(Cc3cc(-c4ccccc4)on3)CCC1CC2)(c1ccccc1)N1CCCCC1,0.02
3101,CNC(C)C(O)=NC1CCCC2CC3CCN(CCc4ccccc4OC)CC3N2C1=O,0.3399999999999999
3102,Cc1cc(Nc2ccc3sccc3c2)n2ncnc2n1,0.1019999999999999
3103,CCOC(=O)c1c(CSc2ccccc2)n(C)c2cc(Br)c(O)c(CN(C)C)c12,0.0903888902222221
3104,Cc1ccc(N=C(O)C[N+]23CCC(CC2)C(OC(=O)C2(C4=CC=CC4)CCCCCC2)C3)nc1,0.019
3105,O=C1CN=C(c2ccccc2)c2cc(Br)ccc2N1,0.014
3106,CC(=O)N1C2C=C(CN3C4CCC3CC(N=c3ccc5cc(C(F)(F)F)ccc5[nH]3)C4)CC1CCC2,0.0159999999999999
3107,O=C1CC(c2c[nH]c3ccccc23)C(=O)N1,0.43
3108,COc1ccc(S(=O)(=O)N2CCCCC2C(=O)OC(Cc2c(Cl)c[n+]([O-])cc2Cl)c2ccc(OC(F)F)c(OCC3CC3)c2)cc1C(=O)N(C)C,0.0023
3109,COC1CN(c2nc(C(=O)N3CCOCC3)c(C(=O)O)s2)CCC1N=C(O)c1[nH]c(C)c(Cl)c1Cl,0.14
3110,COC(=O)N1CCN(C2CCC(Nc3ncnn4ccc(C(C)CC(N)=O)c34)CC2)CC1,0.37
3111,CS(=O)(=O)Nc1ccc(C(=O)OC(Cc2c(Cl)c[n+]([O-])cc2Cl)c2ccc(OC(F)F)c(OCC3CC3)c2)cc1OCC1CC1,0.0001999999999999
3112,CC(Nc1cc(F)cc(F)c1)c1cc(C(=O)N(C)C)cn2c(=O)cc(N3CCOCC3)nc12,0.12
3113,COP(=O)(OC)C(O)C(Cl)(Cl)Cl,0.696
3114,Cc1sc2ncnc(N3CCC(C(=O)N4CCCC4)CC3)c2c1C,0.06
3115,CCCCC1CN(CC2CCOCC2)C(=O)OC12CCN(C1(C)CCN(C(=O)c3c(C)ncnc3C)CC1)CC2,0.17
3116,CC(=O)Nc1cc(Nc2cc(NC3COC3)n3ncc(C#N)c3n2)c(F)cc1C1CC1,0.2099999999999999
3117,CC(NC(=O)C1CCCN1)c1ccc(Nc2ncc3cc(-c4ccncc4)ccc3n2)cc1,0.014
3118,Cc1nc(Nc2ncc(C(=O)Nc3c(C)cccc3Cl)s2)cc(N2CCN(CCO)CC2)n1,0.045
3119,Oc1ccc(I)cc1,0.0383999999999999
3120,O=C(C1CNCC1c1ccc(F)cc1F)N1CCC(c2ccnn2-c2ccc(F)c(Cl)c2)CC1,0.12
3121,CC1(C)CC(=Cc2ccc(Cl)cc2)C(O)C1n1cncn1,0.137
3122,CC(C)NCc1c(C(=O)NC2CCCC(O)C2)noc1-c1ccc(C(F)(F)F)cc1,0.25
3123,CCN(C)C(=O)Oc1cccc(C(C)N(C)C)c1,0.6027604216666667
3124,C=CC(=O)Nc1cccc(Oc2nc(Nc3ccc(N4CCN(C)CC4)cc3)nc3ccsc23)c1,0.491
3125,NS(=O)(=O)c1ccc(OCCCN2CCC(C(O)(c3ccccn3)C3CCCC3)CC2)cc1,0.2909999999999999
3126,Cc1cc(-c2cnn(C)c2)cc(C2CCN(C(=O)c3cc(C(C)C)n[nH]3)C2)n1,0.045
3127,Cc1nc(-c2cn3c(n2)-c2ccc(-c4cnn(C(C)(C)C(N)=O)c4)cc2OCC3)n(C(C)C)n1,0.24
3128,COC1CN(c2nc(CN3CCOCC3)c(C(=O)O)s2)CCC1N=C(O)c1[nH]c(C)c(Cl)c1Cl,0.057
3129,O=C1CSCCN1c1ccc(COC2COc3nc([N+](=O)[O-])cn3C2)cn1,0.679
3130,NC(=O)c1ncn(C2OC(CO)C(O)C2O)c1N,0.99
3131,CCc1ccc(C=CC(O)=NC2=NCCS2)cc1,0.034
3132,CC(C)c1cc(C(=O)N2Cc3ccc(CN4CCN(C)CC4)cc3C2)c(O)cc1O,0.36
3133,Cc1ccnc(NC(=O)c2cccc(F)c2C)c1,0.2759999999999999
3134,O=C1OC(Cn2ccnn2)CN1c1ccc(-c2ccc(C(O)CO)nc2)c(F)c1,0.54
3135,COc1ccccc1N1CCN(CCCNc2cc(=O)n(C)c(=O)n2C)CC1,0.1999999999999999
3136,CC1(CS(=O)(=O)N2CCC(Oc3ccc(OC(F)(F)C(F)F)cc3)CC2)NC(=O)NC1=O,0.05
3137,O=C(O)c1cc(O)c(O)c(O)c1,0.6808888922222223
3138,NC(=O)c1cn(Cc2c(F)cccc2F)nn1,0.6799999999999999
3139,C=CC(=O)N1CC2CC1CN2c1ccc(C(N)=O)c(Oc2ccc(Oc3ccccc3)cc2)n1,0.0045999999999999
3140,O=C(NCc1ccc(S(=O)(=O)c2ccc(N3CCOCC3)nc2)cc1)c1cc2cnccc2[nH]1,0.0109999999999998
3141,COCCOCC(CC1(C(=O)NC2CCC(C(=O)O)CC2)CCCC1)C(=O)Oc1ccc2c(c1)CCC2,0.2659
3142,COc1cc2nccc(Oc3ccc(NC(=O)Nc4cc(C)on4)c(Cl)c3)c2cc1OC,0.01
3143,COc1cc(Br)c(C[N+]2(CCOCCC3CCC4CC3C4(C)C)CCOCC2)cc1OC,0.03
3144,CS(=O)(=O)Nc1nnc2cc(COc3cc(Cl)cc(Cl)c3)c(C3CC3)cn12,0.004
3145,CC(C)(C)C(O)C=Cc1ccc2c(c1)OCO2,0.01
3146,CC(C)Cn1cc(-c2ccc(Cn3cc(C(=O)O)c(=O)c4c3CCCC4O)cc2)cn1,0.0509999999999999
3147,CCC(C)(CCN1CCC(F)(F)CC1)N(Cc1cc2ccccc2n(C)c1=O)C(=O)C1CCCCC1,0.03
3148,COc1ccc(NC(=O)c2ccccc2C)nc1,0.399
3149,Cn1ccc(-c2ccc(Cc3cc(C(=O)NC4CCOCC4)nc4c3ccn4C)cc2)n1,0.02
3150,O=C(O)CC(CCCCCCc1ccc2c(n1)NCCC2)c1cnc2ccccc2c1,0.0009999999999999
3151,CCc1cnc(C2=NC(C)(C(C)C)C(=O)N2)c(C(=O)O)c1,0.29
3152,C#CCC(Cc1cnc2nc(N)nc(N)c2n1)c1ccc(C(=O)NC(CCC(=O)O)C(=O)O)cc1,0.3299999999999999
3153,CCSC(=O)N(CC(C)C)CC(C)C,0.0025
3154,COc1ccc(C(CC(=O)O)N2CCN(CCCc3ccc4c(n3)NCCC4)C2=O)cc1F,0.05
3155,CN(C)C(=O)C(=O)N(C)C1CCCCn2c1nc(C(=O)NCc1ccc(F)cc1)c(O)c2=O,0.1899999999999999
3156,CC1(C)CCC2(NC(=O)C(C)(F)F)CCC3(C)C(C(=O)C=C4C5(C)C=C(C#N)C(=O)C(C)(C)C5CCC43C)C2C1,0.88
3157,Clc1cc(Cl)c(-c2cc(Cl)c(Cl)cc2Cl)cc1Cl,0.0
3158,CCC1(O)CC(OC2CC(N3CCOCC3)C(O)C(C)O2)c2c(O)c3c(c(O)c2C1O)C(=O)c1cccc(O)c1C3=O,0.09
3159,O=C(NCc1ccc(S(=O)(=O)c2cc(F)cc(F)c2)cc1)c1cnc2nccn2c1,0.122
3160,CCCN1CCC(c2nc3cccc(C(N)=O)c3[nH]2)CC1,0.43
3161,NC1(c2ccccc2Cl)CCC=CC1=O,0.28
3162,CC(C)S(=O)(=O)NC1Cc2ccc(-c3ccc(F)nc3)cc2C1,0.152
3163,CC1C(=O)CC2C(C(=O)OCCc3ccc(O)cc3)=COC(OC3OC(CO)C(O)C(O)C3O)C12,0.4499999999999999
3164,O=C(O)C=Cc1ccc(O)cc1,0.3491111077777777
3165,CN(C)c1ccc(C(=O)c2ccc(N(C)C)cc2)cc1,0.00959
3166,CC(=O)OCCOCCOCCOC(C)=O,0.8248
3167,Cc1cnc(NCCc2ccccn2)c(=O)n1CC(O)=NCc1cc(Cl)ccc1OCC(O)=NC1CCCNC1,0.12
3168,O=C(NC1CCCCC1)c1ncc([N+](=O)[O-])[nH]1,0.01
3169,CC(=O)OC1C(=O)C2(C)C(O)CC3OCC3(OC(C)=O)C2C(OC(=O)c2ccccc2)C2(O)CC(OC(=O)C(O)C(N=C(O)c3ccccc3)c3ccccc3)C(C)=C1C2(C)C,0.025
3170,CC(=O)Nc1cc(Nc2cc(NC3CC3)n3ncc(C#N)c3n2)ccc1N1CCC(N(C)C)C1,0.29
3171,O=C(C(=O)N1CCN(C(=O)c2ccccc2)CC1)c1c[nH]c2c(-n3cncn3)ncc(F)c12,0.03
3172,Cn1cnc2c(F)c(Nc3ccc(Br)cc3F)c(C(=O)NOCCO)cc21,0.03
3173,CNc1noc2c(-c3ccc4c(N5CCOCC5C)nncc4c3)c(C)ccc12,0.0799999999999999
3174,CCCC(NC(=O)C1C2CCCC2CN1C(=O)C(NC(=O)C(NC(=O)c1cnccn1)C1CCCCC1)C(C)(C)C)C(=O)C(=O)NC1CC1,0.3324999999999999
3175,O=C(Nc1ccnc(NC(=O)C2CC2F)c1)c1c(F)cccc1Cl,0.0659999999999999
3176,CN(C)C1C(O)=C(C(N)=O)C(=O)C2(O)C(O)=C3C(=O)c4c(O)cccc4C(C)(O)C3CC12,0.6692499999999999
3177,Cc1c(F)cccc1C(=O)Nc1ccccn1,0.3209999999999999
3178,CN(C)c1cc(-c2ccc(Cn3cc(C(=O)O)c(=O)c4cccc(F)c43)cc2)ccn1,0.015
3179,OCCOc1ccc(C(=C(CCCl)c2ccccc2)c2ccccc2)cc1,0.01
3180,CN1CCN(CCCCN2C(=O)CN(N=Cc3ccc(-c4ccc(Cl)cc4)o3)C2=O)CC1,0.0599999996666666
3181,O=C(O)CCCOc1ccc(Cl)cc1Cl,0.0068999999999999
3182,CC(C)NC(=O)C1CCC(n2c(=NC(=O)c3ccc(F)cc3)[nH]c3ccc(CN4CCC(C(C)(C)O)CC4)cc32)CC1,0.0529999999999999
3183,CN1C(=O)CCC1c1cccnc1,9.76e-07
3184,Cc1ccc(-n2nccn2)c(C(=O)N2CCN(c3ncc4c(C)csc4n3)CCC2C)c1,0.0059999999999998
3185,CC(C)N(CCC(O)c1ccc2ccccc2c1)Cc1ccccc1,0.0999999999999999
3186,O=C(NCc1ncc(C(F)(F)F)cc1Cl)c1c(Cl)cccc1Cl,0.0248
3187,CC(C)(C)N=C(O)c1c[nH]c2ncc(-c3nn(CCC(O)CO)c4cc(F)ccc34)nc12,0.012
3188,O=C(OC1C[N+]2(Cc3cc(-c4ccccc4)on3)CCC1CC2)C1(C2=CC=CC2)CCCCCC1,0.005
3189,CN(C)C(=O)CN(C)c1nc(C(O)=NCc2ccc(F)cc2)c(O)c2ncccc12,0.1669999999999999
3190,Cc1ccc(-c2cc(-c3ccc(S(C)(=O)=O)cc3)cnc2N)cc1C(F)(F)F,0.0309999999999999
3191,FC(F)(Cl)Cl,0.7731
3192,CN(C)c1cccc(-c2ccc(Cn3cc(C(=O)O)c(=O)c4cccc(F)c43)cn2)c1,0.022
3193,CNCc1c(NC(=O)OCC(Oc2cccc3sc(C(=N)N)cc23)c2ccccc2)c(C)nn1C,0.05
3194,COCCOc1cc2[nH]cc(C(=N)O)c(=Nc3cccc(Cl)c3F)c2cc1N1CCN(C)CC1,0.39
3195,Cc1[nH]c(C(O)=NC2CCN(c3ncc(C(=O)O)s3)CC2N=[N+]=[N-])c(Cl)c1Cl,0.0379999999999999
3196,COCCOc1ccc(N(Cc2cnccc2C)C2CCN(C(C)CCNC(=O)c3c(C)cc(Cl)nc3C)CC2)cc1,0.15
3197,COc1cc2nc(N3CCc4c(cccc4NS(C)(=O)=O)C3)[nH]c(=N)c2c(-c2ccccn2)c1OC,0.0699999999999999
3198,CCS(=O)(=O)c1ccc(CC(=O)Nc2cc(-c3cc(C#N)ccc3OC)cs2)cc1,0.0009999999999998
3199,Cc1nc2sc(C(=O)NC3CC3)c(N)c2c(C)c1Cl,0.0109999999999998
3200,Cc1noc(C)c1C(=O)Nc1c(N2CCC(Cc3ccccc3)CC2)c(=O)c1=O,0.005
3201,N=c1nc(O)c2ncn(COCCO)c2[nH]1,0.79
3202,O=C1c2cccc3c2C(CCC3)CN1C1CN2CCC1CC2,0.38
3203,CC(=O)NS(=O)(=O)c1ccc(N)cc1,0.1800000033333333
3204,N=C(c1ccc(C(=O)Nc2ccccc2C(=O)Nc2ccc(Cl)cn2)cc1)N1CCCCC1,0.1099999999999999
3205,O=C(C1CC12CCN(C1CCOCC1)CC2)N1CCN(C2CCC2)CC1,0.91
3206,Nc1ccncc1N,0.747
3207,CCOc1cc2[nH]cc(C(=N)O)c(=Nc3cccc(Cl)c3Cl)c2cc1N1CCCN(C)CC1,0.019
3208,CCc1occc(=O)c1O,0.606
3209,N#Cc1cnc(Nc2cc(CN3CCNCC3)ccn2)s1,0.694
3210,O=C(C1=C(c2ccc(CCCOc3c(F)ccc(F)c3Cl)cc2)CC2CNCC1N2)N(Cc1cccc(Cl)c1Cl)C1CC1,0.01
3211,Cn1c2c(c(=O)n(C)c1=O)C(C(F)(F)F)(C(F)(F)F)N=C(c1cccc([N+](=O)[O-])c1)N2,0.005
3212,Cc1cc(Nc2ccc(C(F)(F)F)cc2)n2ncnc2n1,0.1309999999999999
3213,COc1ccc(S(=O)(=O)N2C(=O)C(c3ccccc3OC)([NH+]3CC(O)CC3C(=O)N(C)C)c3cc(Cl)ccc32)c(OC)c1,0.0608
3214,CC(NC1=CC(=O)CCC1)c1ccc(Nc2ncc3cc(-c4ccncc4)ccc3n2)cc1,0.013
3215,Cc1nc2n(c(=O)c1CCN1CCC(c3noc4cc(F)ccc34)CC1)CCCC2O,0.2371666666666666
3216,CC(=O)Nc1cc(Nc2cc(NC3CCC3)n3ncc(C#N)c3n2)c(F)cc1C,0.0429999999999999
3217,COc1ccc(-c2ccc3c(N4CCOCC4C)nc(N4CCOCC4C)nc3n2)cc1CO,0.13
3218,O=C1c2ccccc2-n2c1nc1c(c2=O)CCCC1,0.0429999999999999
3219,CCc1cccc(O)c1,0.255
3220,O=c1cc(-c2ccc(O)c(O)c2)oc2c(C3OC(CO)C(O)C(O)C3O)c(O)cc(O)c12,0.14
3221,CCN=C(O)Nc1nc2cc(-c3ccc(=O)n(CCOC)c3)c(=O)n(C(C)C)c2s1,0.0699999999999999
3222,CN1CCN(c2cc3c(cc2F)c(=O)c(C(=O)O)cn3-c2ccc(F)cc2)CC1,0.62
3223,O=C(C1CC(F)(F)C1)N1CCc2nc(C#Cc3ccccc3)sc2C1,0.0109999999999998
3224,CC1OC(OC2C(CO)OC(OC3C(CO)OC(O)C(O)C3O)C(O)C2O)C(O)C(O)C1NC1C=C(CO)C(O)C(O)C1O,0.8500000066666668
3225,Cc1ccc(N(C)C)cc1,0.05499
3226,CCNC(=O)Nc1ccc(-c2nc3c(c(N4CCOCC4C)n2)CC2CCC3N2C(C)=O)cc1,0.16
3227,OC(=NC1CCCC(N=C(O)c2cccc(Cl)c2)C1)c1cccc(F)c1,0.039
3228,CCc1cccc2cc(C(O)CNC(C)(C)C)oc12,0.1895624999999999
3229,CC(O)c1nc2cnc3[nH]ccc3c2n1C1CCCOC1,0.4599999999999999
3230,O=C(O)CC(N=C(O)Cn1c(C2CC2)cnc(NCc2ccc3c(n2)NCCC3)c1=O)c1cccc(F)c1,0.025
3231,Cc1sc2ncnc(N3CCC(C(=O)N4CCC(F)C4)CC3)c2c1C,0.05
3232,O=C(C=Cc1ccc(CN(CCO)CCc2c[nH]c3ccccc23)cc1)NO,0.23
3233,O=C(C1CC(N2CCN(c3ncccn3)CC2)CN1)N1CCC(F)(F)C1,0.8
3234,COc1cccc2c1c(NS(=O)(=O)c1ccc(Cl)s1)nn2Cc1cccc(CNC(C)=O)c1,0.005
3235,COc1ccc(-c2c(C)nn3c(C(F)(F)F)cc(C)nc23)cc1,0.0059999999999998
3236,CCOc1cc2nccc(Oc3cnc(CC(O)=Nc4n[nH]c(CC)c4C)c(OC)c3)c2cc1OC,0.03
3237,CN(C)CC(=O)N1CCn2c(c(C3CCCCC3)c3ccc(C(=O)O)cc32)-c2ccc(F)cc2C1,0.02
3238,CC1(C)OC2C=C(C(=O)O)CC(O)C2O1,0.89
3239,CC(C(O)c1ccc(O)cc1)N1CCC(O)(c2ccccc2)CC1,0.63
3240,CCCCC1CC(=O)C2(O)OC3C(NC)C(O)C(NC)C(O)C3OC2O1,0.62034
3241,CCCC(CCC)(CCC)C(=O)NC1C(=O)N2C1SC(C)(C)C2C(=O)O,0.0685
3242,CN(C)c1nc(=O)n(C2CCCCC2)c(=O)n1C,0.613
3243,CC(Oc1cc2onc(CCC(=O)O)c2cc1Cl)c1ccc(Cl)cn1,0.002
3244,O=C(O)COc1ccc(Cl)cc1C#Cc1ccc2c(c1)S(=O)(=O)c1ccccc1-2,0.0009999999999999
3245,Cc1nn(C)c2cc(N3CCN(C(=O)C4CCCCC4C(O)=NC4(C#N)CC4)C(C)C3)ccc12,0.28
3246,COc1ccc(N(Cc2ccsc2)C2CCN(C(C)CCN=C(O)c3c(C)ncnc3C)CC2)cc1,0.91
3247,Nc1ncnc2c1C(=O)N(c1ccc(-c3ccc(CN4CCC(O)C4=O)cc3Cl)cc1)CCO2,0.123
3248,CC(NC(=O)N1CCc2cnc(NC3CCOCC3)nc2C1)c1ccc(Cl)c(F)c1,0.0949999999999999
3249,CS(=O)(=O)c1ccc(-c2cnc(N)c(-c3ccc(C(F)(F)F)cc3)c2)cc1,0.0379999999999999
3250,COC1CN(c2nc(CO)c(C(=O)O)s2)CCC1N=C(O)c1[nH]c(C)c(Cl)c1Cl,0.0289999999999999
3251,CN1C(=O)CN=C(c2ccccc2)c2cc([N+](=O)[O-])ccc21,0.187
3252,CC(CCC(=O)O)C1CCC2C3CCC4CC(O)CCC4(C)C3CC(O)C12C,0.02
3253,CS(=O)(=O)NCC1CCC(N=c2[nH]c3c(s2)CCSc2ccccc2-3)CC1,0.018
3254,[O-][N+]1=C(c2ccccc2)c2cc(Cl)ccc2NCC1,0.064
3255,O=C(CCCCCCC(=O)Nc1ccccc1)NO,0.2899999966666666
3256,CN1CCN2c3ccccc3Cc3ccccc3C2C1,0.0699999999999999
3257,Cc1cccc(NC(=O)c2cc(F)cc(C#N)c2)c1,0.017
3258,CCCCC(CC)COC(=O)CCCCCCCC(=O)OCC(CC)CCCC,0.0312799999999999
3259,CC(C(=O)OC1C[N+]2(CC(N)=O)CCC1CC2)(c1ccccc1)N1CCCCC1,0.362
3260,O=C(C=Cc1cccnc1)NCCCCC1CCN(C(=O)c2ccccc2)CC1,0.007
3261,Cn1nc(-c2cnc(N)c(-c3ccc(C(N)=O)c(F)c3)n2)nc1C1(c2ccccc2)CC1,0.1999999999999999
3262,O=C(O)c1cn(Cc2ccc(-c3ccc(F)cc3)nc2)c2c(F)cccc2c1=O,0.009
3263,COc1ccc2ncc(=O)n(CC(N)C3CCC(NCc4ccc5c(n4)N=C(O)CO5)CC3)c2c1,0.7
3264,CN1CC(c2ccccc2)n2nc(C(=O)NCc3ccc(F)cc3)c(O)c2C1=O,0.989
3265,Cc1cc2cc(Nc3ncnn4cc(-c5nnc(C)o5)c(C(C)C)c34)cnc2[nH]1,0.028
3266,CC(C(=O)OC1C[N+]2(CC(=O)Nc3cnccn3)CCC1CC2)(c1ccccc1)N1CCCCC1,0.1779999999999999
3267,Cc1cccc(CN2C(=O)c3cc(-c4nc(Nc5ccnn5C)ncc4C)cn3CC2C)n1,0.127
3268,CCN1CCN(C(=O)NC(C(=O)NC2C(=O)N3C2SC(C)(C)C3C(=O)O)c2ccccc2)C(=O)C1=O,0.6205277844444445
3269,Cc1nc(C)c(-c2ccc(-c3ccc(CC(=O)O)cc3Cl)cc2)nc1C(N)=O,0.015
3270,CCCC(O)=Nc1cccc(NCc2ccccc2Br)c1,0.01
3271,O=[N+]([O-])N=C1NCCN1Cc1ccc(Cl)nc1,0.7476499999999999
3272,N#Cc1ccccc1-c1cc(-c2ccccn2)cn(-c2ccccc2)c1=O,0.05
3273,CC(c1nnc2c(F)cc(-c3cnn(C)c3)cn12)n1ccc2ncccc2c1=O,0.478
3274,CC(NCc1ccc(OCc2cccc(F)c2)cc1)C(N)=O,0.1149999999999999
3275,c1cc[n+]2c(c1)-c1cccc[n+]1CC2,0.59
3276,Cc1ccc(-c2ccc(C(=O)NC(CN)c3ncc(CO)s3)[nH]2)cc1F,0.04
3277,N=C(N)NCCCNC(=O)C1CCCCN1C(=O)C(CC1CCCCC1)NCC(=O)O,0.7600000000000001
3278,CNC(=O)Oc1ccccc1OC(C)C,0.2159749999999999
3279,CC(C)Cc1ccc(C(C)C(=O)NCCCN2CCCCC2)cc1,0.149
3280,O=C(O)c1cc(CN2CCc3cc(Cl)ccc3C2)c2ccccn2c1=O,0.02
3281,Cc1cc(NC(=O)C[N+]23CCC(CC2)C(OC(=O)C2(C4=CC=CC4)CCCCCC2)C3)no1,0.03
3282,CN1C2CCC1CC(OC(=O)c1c[nH]c3ccccc13)C2,0.2171111144444444
3283,CCNC(=O)C1CCCN1C(=O)C(CCCN=C(N)N)NC(=O)C(CC(C)C)NC(=O)C(CC(C)C)NC(=O)C(Cc1ccc(O)cc1)NC(=O)C(CO)NC(=O)C(Cc1c[nH]c2ccccc12)NC(=O)C(Cc1c[nH]cn1)NC(=O)C1CCC(=O)N1,0.5400000066666667
3284,N#Cc1ccc(NCC(F)(F)c2cccc(Cl)c2)c(F)c1CC(O)=NCCONC(=N)N,0.0479999999999999
3285,CCOC(=O)c1cc(C#N)c(N2CC(N=C(O)NS(=O)(=O)Cc3ccccc3)C2)nc1C,0.015
3286,CC(NCCc1ccc(O)cc1)C(O)c1ccc(O)cc1,0.6644444511111111
3287,O=C(NCc1ccc([S+](O)c2cc(F)cc(F)c2)cn1)c1cc2ccncc2o1,0.14
3288,CC(Cl)(Cl)C(=O)O,0.8640000000000001
3289,O=c1cc(-c2ccc(O)c(O)c2)oc2cc(OC3OC(CO)C(O)C(O)C3O)cc(O)c12,0.25
3290,CC1Cn2c(nnc2C(F)(F)F)CN1C(=O)c1cccc(Cc2n[nH]c(=O)c3ccccc23)c1,0.1899999999999999
3291,Oc1ccc(Cl)cc1Cl,0.23
3292,CCCCc1cc(OC2CCN(CCCCNS(=O)(=O)CC)CC2)c2ncccc2c1,0.018
3293,Cc1nn(C)cc1-c1ccc2cc(CCN3CCCC3C)ccc2n1,0.375
3294,CCS(=O)(=O)c1ccc(C(NC(C)=O)C(=O)Nc2cc(-c3cc(C#N)cnc3OCC(F)(F)F)cs2)cc1,0.002
3295,O=S(=O)(Cl)C(F)(F)C(F)(F)C(F)(F)C(F)(F)C(F)(F)C(F)(F)C(F)(F)C(F)(F)F,0.0109
3296,Cc1ccc(-n2nccn2)c(C(=O)N2CCCN(c3ncc4ccccc4n3)CC2)c1,0.024
3297,C[N+]1([O-])CCN(C2=Nc3cc(Cl)ccc3Nc3ccccc32)CC1,0.246
3298,COc1cccc(-c2c(C)n(Cc3c(F)cccc3C(F)(F)F)c(=O)n(CC(NCCCC(=O)O)c3ccccc3)c2=O)c1F,0.1999999999999999
3299,CC(C)(C)NC(=O)c1c[nH]c2ncc(-c3nn(C4CCNCC4)c4cc(F)ccc34)nc12,0.0095
3300,CC(=O)Nc1cccc(N2CCN(CCCCNS(=O)(=O)CC3CCCCC3)CC2)c1,0.0799999999999999
3301,COC(=O)C=CC(=O)OCCN1C(=O)CCC1=O,0.64
3302,CCCNS(=O)(=O)Nc1ncnc(OCCOc2ncc(Br)cn2)c1-c1ccc(Br)cc1,0.01
3303,N#Cc1c(Cl)c(Cl)c(Cl)c(C#N)c1Cl,0.3779999999999999
3304,N#Cc1cnc(NCC(F)(F)c2ccccc2)c(=O)n1CC(O)=NCCONC(=N)N,0.51
3305,COc1cc(N2C(=O)N(c3ccc(-c4ccc(C(=O)O)cc4C)cc3)C(=O)C23CCN(Cc2ncccc2C)CC3)ncn1,0.003
3306,Fc1cccc(COc2ccc(Nc3ncnc4ccc(-c5nccc(N6CCOCC6)n5)cc34)cc2Cl)c1,0.002
3307,COc1cc(C2c3cc4c(cc3C(OC3OC5COC(C)OC5C(O)C3N(C)C)C3COC(=O)C23)OCO4)cc(OC)c1O,0.011125
3308,CNC(=C[N+](=O)[O-])NCCSCc1ccc(CN(C)C)o1,0.891457569090909
3309,CS(=O)(=O)c1cccc(CC(NC(=O)c2c(Cl)cc3c(c2Cl)CCN(C(=O)c2ccc4ccoc4c2)C3)C(=O)O)c1,0.01
3310,C=CC(=O)Nc1cc(Nc2nccc(-c3c[nH]c4ccccc34)n2)c(OC)cc1N(C)CCN(C)C,0.0656999999999999
3311,Cn1cc(-c2ccc(Cn3cc(C(=O)O)c(=O)c4c(F)ccc(F)c43)nc2)cn1,0.2299999999999999
3312,COc1ccc(C(Oc2ccc3c(cnn3-c3ccc(F)cc3)c2)C(C)NC(=O)C2CC2)cn1,0.0015
3313,CC(C)C(N)C(=O)OCCOCn1cnc2c(O)nc(N)nc21,0.82333333
3314,CC(C)Oc1cccc(NC(=O)c2ccccc2C(F)(F)F)c1,0.0189499999999999
3315,O=C(CO)NC1CCN(Cc2ccc(Oc3nc4ccccc4s3)cc2)CC1,0.05
3316,O=C(O)C(F)(F)C(F)(F)C(F)(F)C(=O)O,0.532
3317,CNC(C)C(O)=NC1CCCC2CC3CCN(S(=O)(=O)c4ccccc4)CC3N2C1=O,0.1999999999999999
3318,NC(C(=O)N1CCCC1C(O)=NCc1cc(Cl)ccc1Cl)C1CCCCC1,0.04
3319,NC1CCN(c2c(F)cc3c(=O)c(C(=O)O)cn(C4CC4)c3c2Cl)C1,0.9595833283333334
3320,Cc1nc(NCCCN2CCOCC2)cc(Nc2ncc(C(=O)Nc3c(C)cccc3Cl)s2)n1,0.0799999999999999
3321,CCCCCN=C(N)NNC=C1C=Nc2ccc(CO)cc21,0.02
3322,O=C(O)c1c[nH]c2cc(Cl)c(-c3ccc(C4(O)CCC4)cc3)cc12,0.017
3323,CC(C)(C)c1ccc(C=C2SC(=S)N(CCC(=O)O)C2=O)cc1,0.0009999999999998
3324,C=CC1(C)OC(=O)N(c2cc(Cl)cc(Cl)c2)C1=O,0.5939
3325,CC(C)CC1C(=O)NC(C2Cc3ccccc3C2)C(=O)N1C(C(=O)NC(C)C)c1ccc(F)cc1F,0.0699999999999999
3326,CC(C(=O)OC1C[N+]2(Cc3nc(-c4ccccc4)no3)CCC1CC2)(c1ccccc1)N1CCCCC1,0.024
3327,CC(C(=O)OC1C[N+]2(CCOCc3ccccc3)CCC1CC2)(c1ccccc1)N1CCCCC1,0.0159999999999999
3328,CC(CN(C)C)CN1c2ccccc2Sc2ccccc21,0.1500000033333333
3329,CN1CCC23c4c5ccc(OCCN6CCOCC6)c4OC2C(O)C=CC3C1C5,0.7599999966666667
3330,CC(O)CN1C(=O)c2c3c(c(O)c(=O)n2C12CCC1CC12)C(=O)N(Cc1ccc(F)c(Cl)c1)CC3,0.025
3331,Cc1nc(C#Cc2ccnc(Cl)c2)c(C)n1-c1ccc(OC(F)(F)F)cc1,0.003
3332,NCC(NC(=O)c1ccc(-c2cc(F)c(Cl)c(F)c2)[nH]1)c1ncc(CO)s1,0.0999999999999999
3333,Cc1ccc(N)cc1,0.5849
3334,c1ccc2c(c1)oc1ccccc12,0.0
3335,CC(Oc1ccc(CNC(=O)c2cccnc2Oc2ccc3c(c2)OCO3)c(F)c1)C(=O)O,0.0414
3336,CCc1ccc(Cc2cc(C3SC(CO)C(O)C(O)C3O)c(OC)cc2Cl)cc1,0.0059999999999998
3337,CN(C)S(=O)(=O)c1cccc(-n2sc3ccccc3c2=O)c1,0.435
3338,CCOc1cnc2ccccc2c1C(=O)NC1C(=O)N2C1SC(C)(C)C2C(=O)O,0.3005000033333333
3339,CC(C)c1nc(N2CCN(c3ncc(OCc4ccncc4C#N)cn3)C(C)C2)no1,0.013
3340,Cc1nc2c(c(-c3ccc(Cl)cc3Cl)c1CN)C(=O)N(CC(=O)N(C)C)C2,0.495
3341,CC1(C)SC2C(NC(=O)C(Br)c3ccccc3)C(=O)N2C1C(=O)O,0.1783333366666666
3342,O=C(O)c1cc(Cc2ccc(-c3cccnc3)cc2)c2ccccn2c1=O,0.003
3343,Cc1cc(C2CCN(C(=O)C3CN(C(C)(C)C)CC3c3ccc(F)cc3F)CC2)n(-c2ccc(F)c(F)c2)n1,0.25
3344,N#CCN=C(O)C1CCCCC1C(=O)N1CCN(c2ccc(F)cc2)CC1,0.39
3345,Cc1nc(=O)c2cc(CN(C)c3ccc(C(=O)NC(CCC(=O)O)C(=O)O)s3)ccc2[nH]1,0.0599999999999999
3346,CC12CCC(O)CC1=CCC1C2CCC2(C)C(c3cccnc3)=CCC12,0.01
3347,COc1c(-c2cn(C3CCc4c(F)cccc4N(CC(F)(F)F)C3=O)nn2)ccc(-n2cnc(C)c2)c1F,0.009
3348,CC(=O)OC1Cc2ccccc2N(C(N)=O)c2ccccc21,0.5520499999999999
3349,CC1(C)C(NC(=O)C(=NOC(CS(C)(=O)=O)c2cc(=O)c(O)cn2O)c2csc(N)n2)C(=O)N1OS(=O)(=O)O,0.0063999999999999
3350,Cc1nn(C2CCOCC2)c(NS(=O)(=O)c2ccc(C3CC3)cc2)c1C(=O)NC(C)C(C)(C)C,0.0749999999999999
3351,Cc1nn(C(F)F)cc1S(=O)(=O)N=c1c(N2CCC(Cc3ccccc3)CC2)c(O)c1=O,0.005
3352,COc1nn2cc(-c3ccc(OC(F)(F)F)cc3)nc2s1,0.0059999999999998
3353,Cc1cccc(S(=O)(=O)Nc2ccc(C)n(CC(=O)NCCONC(=N)N)c2=O)c1,0.5429999999999999
3354,CC1(C)SC2C(NC(=O)C(C(=O)O)c3cccs3)C(=O)N2C1C(=O)O,0.55
3355,CNC(=O)C12CC1C(n1cnc3c(NC)nc(C#Cc4ccc(Cl)s4)nc31)C(O)C2O,0.0267
3356,CC(C)NCC(O)c1ccc(NS(C)(=O)=O)cc1,0.809695015
3357,Cc1cccc(C2CN(C3CCOCC3)C(=O)N2C2CCN(Cc3ccc(Oc4ccc(C(=O)O)cc4)nc3C)CC2)c1,0.0429999999999999
3358,Cc1noc2c(Cl)c3c(cc12)CC1(C(O)=NC(=O)N=C1O)C1C(C)OC(C)CN31,0.03
3359,OC(=Nc1cc(-c2cc3c([nH]2)C2(CCNCC2)CN=C3O)ccn1)c1cccc(OC(F)(F)F)c1,0.042
3360,CN=c1[nH]oc2c(-c3ccc4c(N5CCOCC5C)nncc4c3)c(C)ccc12,0.0799999999999999
3361,CC(NC(=O)C(CC(=O)N1CCC(N2CCCCC2)CC1)N1C(=O)C(N2C(=O)OCC2c2ccccc2)C1C=Cc1ccccc1)c1ccccc1,0.014
3362,CON=C(C(=O)NC1C(=O)N2C(C(=O)O)=C(C[N+]34CCC(C(N)=O)(CC3)CC4)CSC12)c1nsc(N)n1,0.915
3363,CC1C(N=C(O)C(=NOC(C)(C)C(=O)O)c2csc(=N)[nH]2)C(=O)N1C(O)=NS(=O)(=O)N1CC(N(C)C(O)=NCc2cc(=O)c(O)cn2O)CC1=O,0.27
3364,CC1CN2c3c(cc4c(N)noc4c3F)CC3(C(=O)NC(=O)NC3=O)C2C(C)O1,0.13
3365,OC(COc1cccc(Cl)c1)=NC1CCN(Cc2ccn(-c3ccc(C(F)(F)F)cc3)c2)CC1,0.012
3366,CNC1CCC(c2ccc(Cl)c(Cl)c2)c2ccccc21,0.0192045454545454
3367,Cc1nnc(-c2ccc(N3CCC(Oc4ccccc4C(F)(F)F)CC3)nn2)s1,0.124
3368,Cc1cc(C(=O)Nc2nc3cccc(Cl)c3n2C2CCCCN(C(=O)C=CCN(C)C)C2)ccn1,0.0894
3369,O=C(Nc1n[nH]c2ccc(Cc3cc(F)cc(F)c3)cc12)c1ccc(N2CCNCC2)cc1NC1CCOCC1,0.01
3370,CNS(=O)(=O)c1cc(-c2sc(NC(C)=O)nc2C)cc2c1C(=O)N(C(C)C1CC1)C2,0.0899999999999999
3371,c1ccc(Nc2ccccc2)cc1,0.004225
3372,CCc1ccccc1C(=O)N(C1CCC2(CC1)OCCO2)C(CCN1CCOCC1)Cc1ccc(Cl)cc1,0.027
3373,COc1cc(N2CCC(N3CCN(C)CC3)CC2)ccc1Nc1ncc(Cl)c(Nc2ccccc2P(C)(C)=O)n1,0.3399999999999999
3374,CC1C(c2ccccc2)CC(NC(=O)c2cnc3c(c2)CC2(C3)C(=O)Nc3ncccc32)C(=O)N1CC(F)(F)F,0.13
3375,Cc1c(-c2c(F)cc(C(N)=O)c3[nH]c4c(c23)CCC(C(C)(C)O)C4)cccc1-n1c(=O)c2cccc(F)c2n(C)c1=O,0.012
3376,CC(CCn1ccc(-c2ccccc2)cc1=O)(C(O)=NO)S(C)(=O)=O,0.14
3377,C=CCN1CCC23c4c5ccc(O)c4OC2C(OCCOCCOCCOCCOCCOCCOCCOC)CCC3(O)C1C5,0.958
3378,O=C1C(=C(O)C=Cc2ccc(O)cc2)C(O)=C(C2OC(CO)C(O)C(O)C2O)C(=O)C1(O)C1OC(CO)C(O)C(O)C1O,0.22
3379,CCOC(=O)C(CCc1ccccc1)NC(C)C(=O)N1Cc2ccccc2CC1C(=O)O,0.0319999996666666
3380,O=[N+]([O-])c1cn2c(n1)OCC(OCc1ccc(N3CCSCC3)cc1)C2,0.255
3381,CC(C)(c1ccccc1)c1ccc(Nc2ccc(C(C)(C)c3ccccc3)cc2)cc1,3.09e-08
3382,CC(C(=O)OC1C[N+]2(CCCOc3ccc(F)cc3)CCC1CC2)(c1cccs1)N1CCCCC1,0.019
3383,N=c1[nH]cnc2c1sc1cc(-c3cccc(-c4nn[nH]n4)c3)ccc12,0.012
3384,CN(C)NC(=O)CCC(=O)O,0.939
3385,CC(=O)N1C2C=C(CN3CCC(Nc4ccc5cc(OC(F)(F)F)ccc5n4)CC3)CC1CCC2,0.045
3386,COc1cc2ccc(C#N)cc2cc1C(c1cccc(F)c1)C(O)(CCN(C)C)c1cccc2ccoc12,0.0
3387,Cc1ccc2c(c1)c(-c1ccnc3c(S(C)(=O)=O)cccc13)c(C)n2CC(=O)O,0.064
3388,CC(O)C1C(=O)N2C(C(=O)O)=C(SC3CNC(CNS(N)(=O)=O)C3)C(C)C12,0.9196666666666669
3389,CCN=C(NS(=O)(=O)c1cccc(Cl)c1)N1CC(C)(C)C=N1,0.37
3390,CCC(NC(=O)N1CCc2cnc(NC(C)CO)nc2C1)c1ccc(OC)c(Cl)c1,0.0809999999999999
3391,COc1c(C)cnc(Cn2cnc3c(Cl)[nH]c(=N)nc32)c1C,0.114
3392,CCc1c(CCCC(=O)O)cccc1-c1nnc(-c2ccc(OC(C)C)c(C#N)c2)s1,0.0051
3393,CC(C)(O)C1CCC(C)(C2C(O)CC3(C)C4CC(OC5OC(CO)C(O)C(O)C5O)C5C(C)(C)C(OC6OCC(O)C(O)C6O)CCC56CC46CCC23C)O1,0.14
3394,CNC(C)C(=O)NCc1cccc(Cn2nc(NS(=O)(=O)c3ccc(Cl)s3)c3c(OC)cccc32)c1,0.054
3395,Fc1ccc(-c2nc(=Nc3cc(C4CC4)[nH]n3)c3ccccc3[nH]2)cc1,0.01
3396,CN(Cc1ccc(-c2ccc(N3CCOc4ncnc(N)c4C3=O)cc2)c(Cl)c1)S(C)(=O)=O,0.0859999999999999
3397,CC1=NN(c2ccc(C)c(C)c2)C(=O)C1=NNc1cccc(-c2cccc(C(=O)O)c2)c1O,0.01
3398,Cc1ccc(O)c(CNCC23CC4CC(CC(C4)C2)C3)n1,0.878
3399,CN(CC=CCN)CC1OC(n2cnc3c(N)ncnc32)C(F)C1O,0.7180499999999999
3400,CC(CO)Nc1cc(NS(=O)(=O)N2CCC2)nc(SCc2cccc(F)c2F)n1,0.01
3401,O=C(O)c1cn(Cc2ccc(-n3ccnc3)cc2)c2cccc(F)c2c1=O,0.119
3402,Cc1nn(C2CCCC2)c(C)c1S(=O)(=O)NC(C)CNc1cccc2c1cnn2-c1ccc(F)nc1,0.0
3403,CN1CCN(c2ccc(C(=O)Nc3n[nH]c4ccc(Cc5cc(F)cc(F)c5)cc34)c(NC3CCOCC3)c2)CC1,0.01
3404,Cc1c(F)cc(C(O)=NC2CC2)cc1-c1ccn2c(C(C)(C)C)nnc2c1,0.16
3405,CC(=O)N1CCCn2nc(COc3ccccc3)cc21,0.26
3406,CS(=O)(=O)c1ccc(F)c(C#Cc2cc(Cl)ccc2OCC(=O)O)c1,0.013
3407,CCOc1c2c(c(OCC)c3ccccc13)C(=O)N(c1ccc(CC(=O)O)c(F)c1)C2,0.0009999999999998
3408,Cc1nnc2sc(C(=O)NCc3ccc(S(=O)(=O)C(F)F)cc3)c(N)c2c1C,0.0529999999999999
3409,Cc1cccc(O)c1,0.363
3410,Cc1noc(C)c1S(=O)(=O)Nc1c(N2CCC(CCc3ccccc3)CC2)c(=O)c1=O,0.01
3411,Cc1cc(Cl)ccc1OC1CCN(CC(O)CNC(=O)c2c[nH]nc2C(F)(F)F)CC1,0.04
3412,ClC1=C(Cl)C2(Cl)C3C4C=CC(C4)C3C1(Cl)C2(Cl)Cl,0.0134
3413,CCCN=C(O)NS(=O)(=O)c1ccc(Cl)cc1,0.03
3414,CC(C)C(N)C(=O)OCCOCn1cnc2c(=O)[nH]c(N)nc21,0.843
3415,N#Cc1ccc(NCC(F)(F)c2ccccn2)c(F)c1CC(=O)NCCONC(=N)N,0.4399999999999999
3416,CCOC(=O)CCN=C(O)C1CCn2c(C(=O)c3ccccc3)ccc21,0.621
3417,CN=C(O)Oc1cccc2c1OC(C)(C)C2,0.4213
3418,CN1CCN(C(=O)c2cc(F)ccc2CN=C(O)c2nc(C(C)(C)C)n(C)c(=O)c2O)CC1,0.3399999999999999
3419,COc1ncnc(Cn2cc(C(O)=NCC(F)F)c3ncc(C)cc32)c1C,0.05
3420,O=C(NC1Cc2ccccc2N(CC(O)CO)C1=O)c1cc2cc(Cl)ccc2[nH]1,0.002
3421,COCCOC(=O)C1=C(C)NC(C)=C(C(=O)OCC=Cc2ccccc2)C1c1cccc([N+](=O)[O-])c1,0.02
3422,OC(c1cccnc1)(c1cccnc1)C(c1ccccc1)N1CCCC1,0.25
3423,COc1ccc(C(=O)c2ccccc2)c(O)c1,0.0095199999999999
3424,c1ccc2c(c1)Sc1ccccc1N2CC1CN2CCC1CC2,0.0999999999999999
3425,Oc1ccc(Cl)cc1Cc1ccccc1,0.002501625
3426,COCC(C)n1c(C)c(C(=O)NCc2c(C)cc(C)nc2O)c2ccccc21,0.0899999999999999
3427,CCCC1N(C(=O)c2cnccc2C(F)(F)F)CCCC1(Oc1csc(C(F)(F)F)c1)C(=O)N1CCN(c2ccccc2OCCCC(=O)O)CC1,0.04
3428,O=C(O)c1cn(Cc2ccc(-c3ccccc3)cc2)c2nccnc2c1=O,0.023
3429,CC(C)N1CC(c2nc(C(=O)NCc3ccc(F)cc3)c(O)c3ncccc23)CC1=O,0.022
3430,CC(=Cc1csc(C)n1)C1CC2OC2(C)CCCC(C)C(O)C(C)C(=O)C(C)(C)C(O)CC(=O)O1,0.22
3431,CN1CCN(C(=O)CC(NC(=O)C=Cc2cc(Cl)ccc2-n2cnnn2)c2nc(-c3ccc4[nH]c(=O)cc(O)c4c3)c(Cl)[nH]2)CC1,0.0799999999999999
3432,COc1cc2[nH]cc(C(=N)O)c(=Nc3ccc(Cl)c(Cl)c3)c2cc1N1CCN(C)CC1,0.0359999999999999
3433,Fc1ccc(Oc2ccc(-c3noc(-c4[nH]ncc4Cl)n3)cc2)cc1,0.055
3434,CCOc1ccc(Cc2cc(C34OCC(CO)(O3)C(O)C(O)C4O)ccc2Cl)cc1,0.05
3435,O=C(O)P(=O)(O)O,0.849531255
3436,COC(=O)NC1=NC2=CC(C(=O)c3ccccc3)=CCC2=N1,0.0749999999999999
3437,CCCC(CC1(C(=O)Nc2nnc(CC)s2)CCCC1)C(=O)O,0.0209999999999999
3438,Cc1c(Cc2ccc(=O)n(Cc3ccc(C(O)(C(F)(F)F)C(F)(F)F)cc3)n2)c2cc(F)ccc2n1CC(=O)O,0.02
3439,CC(C)(C)NC(=O)C1CN(Cc2cccnc2)CCN1CC(O)CC(Cc1ccccc1)C(=O)NC1c2ccccc2CC1O,0.3743333333333333
3440,Cc1cccc(-n2cc(C(=O)O)c(=O)c3cc(F)c(N4CCNCC4)cc32)c1C,0.627
3441,CN(c1nc2ccccc2s1)C1CCN(CC(O)COc2ccc(F)c(F)c2)CC1,0.003
3442,CC(=CC=CC(C)C(=O)O)C1CNC(C(=O)O)C1CC(=O)O,0.92
3443,N#CC1(c2cccnn2)CCN(Cc2cc3c(c4ccccc24)CN(C2CCCCC2O)C3=O)CC1,0.144
3444,COC1CN(c2nc(C(O)=NN3CCOCC3)c(C(=O)O)s2)CCC1N=C(O)c1[nH]c(C)c(Cl)c1Cl,0.0709999999999999
3445,Cn1cc2c(-c3cc(F)c(CN4C=CC5=NCCN5C4=O)c(F)c3)cccc2n1,0.04
3446,CCC(Nc1ncnc2[nH]cnc12)c1nc2cccc(F)c2c(=O)n1-c1ccccc1,0.16
3447,CCCC(O)=Nc1cccc(N=C(O)c2ccccc2Br)c1,0.03
3448,N#Cc1cccc(S(=O)(=O)c2cnc3cc(F)ccc3c2-c2ccc(Cl)cc2)c1,0.0039
3449,COc1cccc(OC)c1-c1nc(C(=O)NC(CC(C)C)C(=O)O)cn1-c1cccc2ccccc12,0.0204999999999999
3450,O=C1COCCN1c1ccc(C2CC(c3ccc([N+](=O)[O-])o3)=NO2)cc1F,0.292
3451,CC(C(=O)OC1C[N+]2(CCOc3ccccc3)CCC1CC2)(c1ccccc1)N1CCCCC1,0.044
3452,Cn1c(CO)c(-c2ccccc2)c2cc([N+](=O)[O-])ccc21,0.0059999999999998
3453,Cn1nc(-c2cnc3[nH]cc(C(=O)NC(C)(C)C)c3n2)c2cc(OC(F)F)ccc21,0.0009999999999998
3454,CC(C)CC1C(=O)NC(C2Cc3ccccc3C2)C(=O)N1C(C(=O)NC(C)C)c1ccc(C(F)(F)F)o1,0.03
3455,CN(C)C(=O)C(c1ccccc1)c1ccccc1,0.301
3456,CN1CCC(c2ccc3nc(Nc4ccc(C(F)(F)F)cn4)[nH]c3c2)CC1,0.134
3457,CCNc1nc2c(c(C(N)=O)n1)CN(C(=O)CCc1ccc(OC(F)(F)F)cc1)CC2,0.0829999999999999
3458,FC(F)(F)C(Cl)Cl,0.5388000000000001
3459,CS(=O)(=O)c1cccc(-c2ccc(Cn3cc(C(=O)O)c(=O)c4cccc(F)c43)nc2)c1,0.045
3460,O=S(=O)(O)CCC(F)(F)C(F)(F)C(F)(F)C(F)(F)F,0.005
3461,CC(C)Cc1ccc(C(C)(C)C(=O)O)cc1,0.01
3462,CC(Nc1cc(F)cc(F)c1)c1cc(C(=O)N(C)C)cc2c(=O)cc(N3CCOCC3)oc12,0.1899999999999999
3463,CN(c1ccccc1)c1ccc2c(c1)CCCC2CNc1cnccc1C(=O)O,0.0009999999999998
3464,O=C(O)CCC(=O)N1CCc2cc(-c3noc(-c4cc(C(F)(F)F)cc(C(F)(F)F)c4)n3)ccc21,0.0059999999999998
3465,O=C(c1ccc(F)c(F)c1)N1CCN2C(=O)c3ccccc3C12C1CCCCC1,0.008
3466,O=C(O)c1cn(-c2cccc(C(F)(F)F)c2)c2cc(N3CCNCC3)c(F)cc2c1=O,0.38
3467,Cc1ccc(-c2ccc3ncc4c(c3n2)n(C2CCN(C(=O)C(C)O)CC2)c(=O)n4C)cn1,0.0875
3468,CSc1ccc(C=C2C(C)=C(CC(=O)O)c3cc(F)ccc32)cc1,0.0599999996666666
3469,O=C(c1cccn2ccnc12)N1CCN(CCc2ccc(F)cc2F)CC1,0.3259999999999999
3470,Cc1nc(C)c(-c2ccc(C34CCC(C(=O)O)(CC3)CC4)cc2)nc1C(N)=O,0.0059999999999998
3471,COc1ncnc(Cn2cc(C(=O)NCCF)c3ncc(C)cc32)c1C,0.06
3472,O=C(O)c1cn(-c2cc(O)ccc2O)c2cc(N3CCNCC3)c(F)cc2c1=O,0.647
3473,COC(=O)N1CCN(C2CCN(c3cc(C)c4nc(-c5c(NCCc6ncn(C)c6Cl)cc[nH]c5=O)[nH]c4c3)CC2)CC1,0.1099999999999999
3474,COC(=O)NS(=O)(=O)c1ccc(N)cc1,0.456
3475,OCC1OC(Oc2cc(O)cc(C=Cc3ccc(O)cc3)c2)C(O)C(O)C1O,0.13
3476,COc1cc2c(Nc3ccc(NC(=O)c4ccccc4)cc3)nc(N)nc2cc1O,0.023
3477,Fc1ccc2c(CN3CCOC(COc4cccc(F)n4)C3)c[nH]c2c1,0.009
3478,O=C1C2C3CCC(C3)C2C(=O)N1CC1CCCCC1CN1CCN(c2nsc3ccccc23)CC1,0.01
3479,O=c1ccccn1-c1ccc(N=C(O)C2CN(CC(F)F)CC2C(O)=Nc2ccc(Cl)cn2)c(F)c1,0.2299999999999999
3480,CNc1cc(Nc2cc(F)cc(F)c2OC)nn2c(C(=O)NCC(C)(O)CO)cnc12,0.27
3481,CC(CO)Nc1nc(SCc2ccccc2F)nc2nc(O)sc12,0.0015999999999999
3482,c1cn2cc(-c3ccc4cn[nH]c4c3)nc(Nc3ccc(N4CCOCC4)cc3)c2n1,0.028
3483,CC(C)(C)NCC(O)COc1cccc2c1CCC(=O)N2,0.8500000066666668
3484,CN1CCC(=C2c3ccccc3CCc3sccc32)CC1,0.0904761918095237
3485,Cc1c(Cc2ccc(=O)n(Cc3ccncc3F)n2)c2cc(F)ccc2n1CC(=O)O,0.02
3486,O=C(Nc1nc(C(F)(F)F)co1)C1c2ccccc2Oc2ccccc21,0.014
3487,CC(C(=O)OC1CC[N+](C)(C)CC1)(c1ccccc1)C1CCCC1,0.42
3488,CC(=O)Nc1ccc(OCC(O)CNC(C)C)c(C(C)=O)c1,0.925
3489,CCOc1cc2[nH]cc(C(=N)O)c(=Nc3ccc(C)cc3F)c2cc1N1CCN(C)CC1,0.06
3490,CCCN1CCOC(c2cccc(O)c2)C1,0.35
3491,CN(C)C(=O)N1CCN(Cc2ccnc(Nc3ncc(C#N)s3)c2)CC1,0.0409999999999999
3492,Cc1cc(C)n(-c2cccc(C(CC(=O)O)CN3CCC(CCc4ccc5c(n4)NCCC5)C3)c2)n1,0.0359999999999999
3493,N#Cc1cc(OC(F)(F)F)cc(-c2nc(-c3ccc4c(c3)CCN4C(=O)CCC(=O)O)no2)c1,0.003
3494,Cc1nc(N2CCC(O)(C3CC3)CC2)nc2ccc(N=C(O)C=Cc3ccc(Cl)cc3)cc12,0.005
3495,CCN(CC)CCNC(=O)c1ccc(NS(C)(=O)=O)cc1,0.9586363586363637
3496,O=C(O)CC1CCC2(CC1)CCN(c1cc(OC(F)(F)F)ccc1Cl)CC2,0.0028
3497,COc1ccc(C#Cc2ccc(C(=O)N3CCCC(O)C3)c(F)c2)cc1,0.265
3498,COC(=O)c1c(Cl)nn(C)c1S(=O)(=O)NC(=O)Nc1nc(OC)cc(OC)n1,0.009125
3499,COc1ccccc1N1CCN(CC(O)COc2cccc3ccccc23)CC1,0.008
3500,CCN(CC)CCS(=O)(=O)C1CCN2C(=O)c3coc(n3)CC(=O)CC(O)C=C(C)C=CCNC(=O)C=CC(C)C(C(C)C)OC(=O)C12,0.645
3501,O=C(Nc1ccc(F)c(F)c1F)NC1C2CC3CC(C2)CC1C3,0.012
3502,Cc1ccc(-c2ncc[nH]2)cc1NC(=O)c1ccc(OCc2ccccn2)cc1,0.0559999999999999
3503,COc1ccc2ncc(=O)n(CCN3CCC(NCc4ccc5c(n4)NC(=O)CO5)C(F)C3)c2c1,0.04
3504,CC1CN(c2ccc3c(n2)NC(=O)CO3)C(c2ccccc2)CO1,0.15
3505,O=C(COc1c(Cl)cc(Cl)cc1Cl)NN=Cc1ccc[nH]1,0.012
3506,Cc1cccnc1CN1CCC2(CC1)C(=O)N(c1ccc(-c3ccc(N4CCOCC4)cc3)cc1)C(=O)N2c1cc(O)ncn1,0.027
3507,Cn1nnc(-c2c(F)cc(Cl)cc2-c2cnc(CN=C(O)N(O)C3CCC(F)(F)CC3)c(F)c2)n1,0.013
3508,N#Cc1ccc2ccc(=O)n(CCN3CCC(NCc4ccc5c(n4)NC(=O)CO5)C(O)C3)c2c1,0.195
3509,CC(C)c1ccc(NC(=O)N(C)C)cc1,0.258
3510,Clc1cccc(Cl)c1N=C1NCCN1,0.67
3511,CC(N=c1nc(C(=O)N2CCCC2)c2sccc2[nH]1)c1cccnc1,0.15
3512,Nc1ccc(Cc2ccc(N)cc2)cc1,0.261
3513,Cc1nn(C)c(CNC(C)C)c1NC(=O)OCC(Oc1cccc2sc(C(=N)N)cc12)c1ccccc1,0.04
3514,Nc1nc(C(=O)NCc2cccc3cccnc23)c2ccccc2n1,0.0359999999999999
3515,CN(C)CCn1nnnc1SCC1=C(C(=O)O)N2C(=O)C(NC(=O)Cc3csc(N)n3)C2SC1,0.56875
3516,C#Cc1c[nH]nc1-c1nc(-c2ccc(Oc3ccc(C(F)(F)F)cc3)cc2)no1,0.0359999999999999
3517,N#Cc1ccc(-c2cnc3ccc(-c4ccc(C(=O)N5CCOCC5)cc4)cn23)cc1,0.003
3518,CC(=O)N1CC(F)CC1c1nc(C(O)=NCc2ccc(C)c(Cl)c2)c(O)c(=O)n1C,0.022
3519,O=[N+]([O-])c1ccc2c(c1)CCN2c1ccc(OC2OC(CO)C(O)C(O)C2O)cc1,0.05
3520,O=C(NCc1ccc(F)cc1)c1ncc2cccnc2c1O,0.0085
3521,CCN1CC(c2nc(C(=O)NCc3ccc(F)cc3S(C)(=O)=O)c(O)c3ncccc23)CC1=O,0.04
3522,COC(=O)N(C)c1c(N)nc(-c2nn(Cc3ccccc3F)c3ncccc23)nc1N,0.05
3523,COc1ccc2ncc(=O)n(CCN3CCC(NCc4ccc5c(n4)NC(=O)CO5)CC3)c2c1,0.26
3524,CCN(CC)CC#CCOC(=O)C(O)(c1ccccc1)C1CCCCC1,0.0544666659999999
3525,NC(C(=O)NC1C(=O)N2C(C(=O)O)=C(Cl)CSC12)c1ccccc1,0.7439333333333332
3526,CC1(C)CC(CN2CCC(F)(CNC(=O)c3cc(Cl)cc(Cl)c3)CC2)CCO1,0.025
3527,Clc1cc(Cl)cc(CNc2ncncc2-c2ccc3c(c2)OCO3)c1,0.0021999999999999
3528,COC(=O)N1CCN(C2CCN(c3cc(C)c4[nH]c(-c5c(NCCc6ncn(C)c6Cl)ccnc5O)nc4c3)CC2)CC1,0.1099999999999999
3529,Cc1nc(Oc2ccc(C(=O)O)cc2)ccc1CN1CCC(N2C(=O)N(C3CCOCC3)CC2c2cccc(F)c2)CC1,0.052
3530,CC1CNCCc2ccc(Cl)cc21,0.3
3531,C=CC(=O)Nc1cc(Nc2ncc(C(=O)OC(C)C)c(-c3cn(C)c4ccccc34)n2)c(OC)cc1N(C)CCN(C)C,0.007
3532,C=CC(=O)N1CCC(Oc2nc(Nc3ccc(N4CCC(N5CCN(C)CC5)CC4)cc3)c(C(N)=O)nc2CC)C1,0.0698
3533,CCCN(CCC)c1c([N+](=O)[O-])cc(C(C)C)cc1[N+](=O)[O-],0.0025000146
3534,O=C1CC(c2ccccc2)CC(O)=C1Sc1ccccc1Cl,0.0009999999999999
3535,CC12CCC3c4ccc(O)cc4CCC3C1CC(O)C2O,0.106
3536,Cc1onc(-c2ccccc2)c1C(O)=NC1C(=O)N2C1SC(C)(C)C2C(=O)O,0.0699999999999999
3537,Cc1ccc(-c2ncc(C(F)(F)F)[nH]2)cc1NC(=O)c1ccc(OCc2ccccn2)cc1,0.012
3538,COc1c(C)c2c(c(O)c1CC=C(C)CCC(=O)OCCN1CCOCC1)C(=O)OC2,0.0299999996666666
3539,COc1ccc(-c2cnc3[nH]cc(C(=O)NC(C)CO)c3n2)cc1OC,0.04
3540,[O-][n+]1ccc(Cl)cc1C1OC2(CCN(Cc3ccc(OC(F)(F)F)cc3)CC2)c2ccccc21,0.0059999999999998
3541,CCCCCCCC1(CC)C(=O)NC(=O)NC1=O,0.066
3542,COc1nc(CO)c(Cl)nc1NS(=O)(=O)c1cccc(Cl)c1Cl,0.004
3543,O=C1CSCCN1c1ccc(COC2COc3nc([N+](=O)[O-])cn3C2)cc1F,0.2240000000000001
3544,Cn1cc2cc(-c3cc(F)c(Cn4c(=O)cnc5ncccc54)c(F)c3)ccc2n1,0.04
3545,Cc1cc(-c2c(Cl)cccc2Cl)cc2nnc(Nc3ccc(OCCN4CCCC4)cc3)nc12,0.002
3546,CCN=C(O)Nc1cc(-c2nc(C(F)(F)F)cs2)c(-c2cncc(-c3nnc(C)o3)c2)cn1,0.1099999999999999
3547,CCCCCCCOC1OC(CO)C(O)C(O)C1O,0.1899999999999999
3548,COc1cc(C(O)P(=O)(O)CCC(N)C(=O)O)cc([N+](=O)[O-])c1O,0.73
3549,CC(c1ccc(-c2ccn(C)c(=O)c2)cc1)N1CCC(CC(C)(C)O)(c2ccccc2)OC1=O,0.084
3550,CC(=O)Nc1cc(Nc2cc(NC3CC3)n3ncc(C#N)c3n2)ccc1C(C)C,0.04
3551,COc1ccc(-c2nn3c(-c4ccccn4)nnc3s2)cc1OC,0.0629999999999999
3552,CC1CN(C(C)CO)C(=O)c2cccc(NC(=O)c3ccccn3)c2OC1CN(C)Cc1ccc(-c2ccccc2)cc1,0.03
3553,N#Cc1ccc(-c2cnc3ccc(-c4ccc(C(=O)N5CCOCC5)cc4)nn23)cc1,0.0009999999999998
3554,COc1cc2nccc(Oc3ccc(NC(=O)NC4CC4)c(Cl)c3)c2cc1C(N)=O,0.0174999999999999
3555,O=c1[nH]c2ccccc2n1CCCN1CCC(n2c(=O)[nH]c3cc(Cl)ccc32)CC1,0.0813331249999999
3556,Cc1ccc(C2OC(CO)C(O)C(O)C2O)cc1Cc1ccc(-c2ccc(F)cc2)s1,0.01
3557,CNCc1ccc(-c2[nH]c3cc(F)cc4c3c2CCNC4=O)cc1,0.3
3558,N#Cc1ccc2c(c1)N(CCN1CCC(NCc3ccc4c(n3)NC(=O)CO4)CC1)C(=O)CO2,0.2299999999999999
3559,CC1CCC2C(C)C(OC(=O)CCC(=O)O)OC3OC4(C)CCC1C32OO4,0.2485714285714285
3560,CC(CO)N=C(O)c1c[nH]c2ncc(-c3nn(C)c4cc(Cl)ccc34)nc12,0.008
3561,CC1(C)SC2C(NC(=O)C(NC(=O)c3ccc(S(N)(=O)=O)cc3)c3ccccc3)C(=O)N2C1C(=O)O,0.5799999933333333
3562,O=C(O)CCCC=CCC1C(O)CC(O)C1C=CC(F)(F)COc1ccccc1,0.01
3563,Cc1nc(C2CCN(C(=O)C3CC(N(C)C)CC3c3ccc(F)cc3F)CC2)n(-c2ccc(Cl)c(C)c2)n1,0.2199999999999999
3564,COc1c(N2CCNC(C)C2)c(F)cc2c(=O)c(C(=O)O)cn(C3CC3)c12,0.7998455907352942
3565,CC(Nc1cccc(Cl)c1F)c1cc(C(O)=NCCN(C)C)cn2c(=O)cc(N3CCOCC3)nc12,0.0329999999999999
3566,CN(C)CC(c1ccc(O)cc1)C1(O)CCCCC1,0.6999999966666666
3567,COCCN=c1[nH]c2ccc(C#CC3(O)CCCCC3)cc2n1-c1cc[nH]c(=N)n1,0.04
3568,CC(=O)SC(C(=O)NC1Cc2ccccc2C2CCCC(C(=O)O)C2C1=O)C(C)C,0.319
3569,CCOc1ccccc1OCC1CNCCO1,0.0999999999999999
3570,CC(=O)N1CC(F)CC1c1nc(C(=O)NCc2ccc(F)cc2)c(O)c(=O)n1C,0.2099999999999999
3571,CCC(O)CN1C(=O)C(NC(=O)c2cc3cc(Cl)sc3[nH]2)Cc2ccccc21,0.4999999999999999
3572,CN(Cc1ccc(C(F)(F)F)cc1)c1cc(C(=O)Nc2ccccc2)ncn1,0.0010999999999999
3573,Cc1cccc(C(CCCN)(c2ccccc2)c2ccccc2)c1,0.0006999999999999
3574,CC(C)(C)c1ccccc1O,0.000115
3575,O=C(O)C(F)(F)C(F)(F)F,0.3107999999999999
3576,O=C(Nc1ncc(Cl)s1)C(CC1CCOCC1)n1ncc2c(S(=O)(=O)C3CC3)cccc21,0.0004
3577,Cn1ccc2c(Cc3ccc(-c4nccs4)cc3)cc(C(=O)NC3CCOCC3O)nc21,0.02
3578,CC(C)(C)NS(=O)(=O)c1ccc(-c2cc3c(N)ncc(C(=O)NCCN4CCOCC4)c3s2)cc1,0.1009999999999999
3579,CC(C(=O)OC1C[N+]2(CC(=O)[NH+]=c3cco[n-]3)CCC1CC2)(c1ccccc1)N1CCCCC1,0.1929999999999999
3580,N#Cc1c[nH]c(=Nc2cc(CN3CCN(C(=N)O)CC3)ccn2)s1,0.092
3581,Cc1cc(C(=O)NCCc2ccc(S(=O)(=O)NC(=O)NN3CCCCCC3)cc2)no1,0.0699999999999999
3582,COC1C=COC2(C)Oc3c(C)c(O)c4c(c3C2=O)C2=NC3(CCN(CC(C)C)CC3)NC2=C(NC(=O)C(C)=CC=CC(C)C(O)C(C)C(O)C(C)C(OC(C)=O)C1C)C4=O,0.2199999999999999
3583,CC(Nc1cc(=O)n(C(C)C)c(=O)[nH]1)c1ccccc1,0.025
3584,CCC(CC)Nc1c([N+](=O)[O-])cc(C)c(C)c1[N+](=O)[O-],0.0025
3585,O=C(NC(c1ccccn1)C1CC1)c1ccc2[nH]nc(-c3ccc(N4C5CCC4CC(O)C5)cc3)c2c1,0.022
3586,CC(C)(NS(=O)(=O)c1ccc2c(Cl)cnc(NC(=N)N)c2c1)C(=O)O,0.0329999999999999
3587,OCC1OC(Oc2ccc(-n3ccc4cc(C(F)(F)F)ccc43)cc2Cl)C(O)C(O)C1O,0.01
3588,O=C1Nc2cccc3c4c(cc(c23)O1)N(C(=O)c1cc2cc(NC(=O)c3cc5ccccc5[nH]3)ccc2[nH]1)CC4CCl,0.05
3589,Nc1c(C(=O)c2cccc(OCC(O)CO)c2)cnn1-c1ccc(F)cc1,0.888
3590,O=C(Nc1ccccc1)c1ccccc1I,0.075115
3591,COc1cc2nnc(C(=N)O)c(Nc3ccc(F)cc3F)c2cc1OC,0.045
3592,Cn1c(-c2ccccn2)c(C2CCCC2)c2ccc(C(O)=NC3(C(=O)Nc4ccc(C=CC(=O)O)cc4)CCC3)cc21,0.008
3593,CCCc1c(C(=O)Nc2cc(S(=O)(=O)N(C)C)ccc2C)cnn1-c1cccnc1,0.26
3594,N=c1nc(O)c2ncn(COC(CO)CO)c2[nH]1,0.985
3595,NC(=O)c1cc(-c2ccnc(N)n2)[nH]c1-c1ccccc1,0.36
3596,CC(C(=O)OC1C[N+]2(CCc3cccc(Cl)c3)CCC1CC2)(c1ccccc1)N1CCCCC1,0.035
3597,O=C(C[N+]12CCC(CC1)C(OC(=O)C1(C3=CC=CC3)CCCCCC1)C2)Nc1cccnc1,0.04
3598,Cn1cc(N=C(O)c2cnn3ccc(=N)[nH]c23)c(-c2cccc(Cl)c2)n1,0.0109999999999998
3599,N#Cc1c(N2CC3NCCOC3C2)c(F)cc2c(=O)c(C(=O)O)cn(C3CC3)c12,0.75
3600,CC(c1ccc(F)cc1)N1C(=O)OC(Cc2ccccc2)(c2nc3cc(-c4cccnc4)ccc3[nH]2)C1=O,0.002
3601,CC(CCc1cc(-c2ccccc2)no1)(C(O)=NO)S(C)(=O)=O,0.013
3602,CCC1(CCC(C)C)C(O)=NC(=O)N=C1O,0.4499999999999999
3603,COc1c(N2CCCC(=C(F)CN)C2)c(F)cc2c(=O)c(C(=O)O)cn(C3CC3)c12,0.34
3604,CCc1c(CCN2CC(C(=O)O)C2)cccc1-c1nsc(-c2ccc(OC(C)C)c(Cl)c2)n1,0.0067
3605,CCc1cccc2c3c([nH]c12)C(CC)(CC(=O)O)OCC3,0.0096625
3606,CCn1cc(C(=O)O)c(=O)c2cc(F)c(N3CCNC(C)C3)c(F)c21,0.8208333333333333
3607,CC(C)(ON=C(C(=O)NC1C(=O)N2C(C(=O)O)=C(C[N+]3(CCNC(=O)c4ccc(O)c(O)c4Cl)CCCC3)CSC12)c1csc(N)n1)C(=O)O,0.5
3608,Cc1ccc(CNC(=O)c2nn(-c3ccc(F)cc3)c(CCC(O)CC(O)CC(=O)O)c2C(C)C)cc1,0.0509999999999999
3609,O=C(OC1COc2nc([N+](=O)[O-])cn2C1)N1CCN(c2ccc(OC(F)(F)F)cc2)CC1,0.0899999999999999
3610,OC1=NCCc2[nH]c(-c3ccnc(-c4cnc5ccccc5c4)c3)cc21,0.003
3611,Oc1cc(COc2cc(Cl)cc(Cl)c2)[nH]n1,0.02
3612,CCN=C(O)Nc1nc2cc(-c3cccnc3)c(=O)n(CC3CCOCC3)c2s1,0.14
3613,Cc1cccc(Cl)c1Oc1nn(-c2ccc(C(=O)O)cc2)c2ccc(C(=O)N(C)C)cc12,0.024
3614,COc1ccc(-n2nc(C(N)=O)c3c2C(=O)N(c2ccc(N4CCCCC4=O)cc2)CC3)cc1,0.13
3615,Nc1ccc(N=Nc2ccccc2)cc1,0.0170999999999999
3616,COc1ccc(-n2c(CCN3C(=O)c4cccc(OC(C)C)c4C3=O)nc3ncccc3c2=O)cc1,0.17
3617,C=CCOc1ccc(CC(=O)O)cc1Cl,0.01
3618,CC1C(N=C(O)C(=NOC(C)(C)C(=O)O)c2csc(=N)[nH]2)C(=O)N1C(O)=NS(=O)(=O)N1CC(n2cc(-c3cc(=O)c(O)c[nH]3)nn2)CC1=O,0.31
3619,COc1cc(C(=O)Nc2ccc(NC(=O)c3ccccn3)cc2)cc(-c2nc(=O)o[nH]2)c1,0.0159999999999999
3620,Cc1cc2c(OCC(CNC(C)(C)C)OC(=O)c3ccccc3)cccc2[nH]1,0.3499999966666666
3621,CC1Cc2cc(S(=O)(=O)c3ccc4c(c3)OCCO4)ccc2N1S(C)(=O)=O,0.0749999999999999
3622,COc1cc2c(cc1O)CCNC21CSC2c3c(OC(C)=O)c(C)c4c(c3C(COC1=O)N1C(O)C3Cc5cc(C)c(OC)c(O)c5C(C21)N3C)OCO4,0.0597499996666666
3623,Oc1ccc2c(c1)C13CCCCC1(O)C(C2)N(CC1CCC1)CC3,0.1889583333333332
3624,c1ccc2ccccc2c1,0.0078
3625,Cc1nnc(C(C)C)n1C1CC2CCC(C1)N2CCC(NC(=O)C1CCC(F)(F)CC1)c1ccccc1,0.2456249999999999
3626,O=C(OC1CN2CCC1CC2)C1(c2cccs2)CCCCCC1,0.05
3627,Oc1ccc(C(c2ccc(O)cc2)(C(F)(F)F)C(F)(F)F)cc1,0.00685
3628,NCC1CCC(C(=O)O)CC1,0.97000001
3629,Cc1cc(C(=O)NC2CCC(NC(=O)c3cc(F)cnc3Oc3cccc(-c4cccc(CN5CC(C)NC(C)C5)c4O)c3)CC2)nn1C,0.0909999999999999
3630,COc1nc(C)cnc1NS(=O)(=O)c1cccc(Cl)c1Cl,0.0034999999999999
3631,CC(=O)Nc1ccc2ccn(-c3cc(NC4COC4)n4ncc(C#N)c4n3)c2c1,0.1240000000000001
3632,CSC(=O)c1cccc2nnsc12,0.0232
3633,O=C1NC(c2cncc(C#Cc3ccccn3)c2)C(c2ccc(F)cc2)O1,0.064
3634,OC1(Cc2ccc(Cl)c(Cl)c2)c2ccccc2C2=NCCN21,0.0999999999999999
3635,FC(F)C(F)(F)OCC(Cn1cncn1)c1ccc(Cl)cc1Cl,0.02495
3636,COc1cnc2ccccc2c1C(=O)NC1C(=O)N2C1SC(C)(C)C2C(=O)O,0.4300000033333333
3637,Cc1cc(NC(=O)C2=C(O)c3ccccc3S(=O)(=O)N2C)no1,0.0377380949047618
3638,Fc1ccc2c(CN3CCOC(COc4ccccc4)C3)c[nH]c2c1,0.017
3639,COC=C(C(=O)OC)c1ccccc1Oc1cc(Oc2ccccc2C#N)ncn1,0.0479
3640,CC1=NN(c2ccccc2)C(=O)C1,0.0799999999999999
3641,CC(CO)Nc1nc(SCc2cccc(F)c2F)[nH]c2nc(=O)cnc1-2,0.012
3642,CC(Nc1cc(F)cc(Cl)c1)c1cc(C(=O)N(C)C)cc2c(=O)cc(N3CCOCC3)oc12,0.06
3643,C=CC(=O)Nc1ccc(S(=O)(=O)N2CCN(C(=O)C3CCCC3)CC2)cc1,0.0699999999999999
3644,COC(=O)c1ccccc1N,0.2239999999999999
3645,CC1=C(C(=O)O)N2C(=O)C(NC(=O)C(N)c3ccccc3)C2SC1,0.8651562583333332
3646,O=C(O)c1cn(-c2ccc(O)cc2O)c2cc(N3CCNCC3)c(F)cc2c1=O,0.65
3647,O=C(CO)NCCCOc1cccc(CN2CCCCC2)c1,0.95
3648,Cc1ccc(C)c(OCCCC(C)(C)CC(=O)O)c1,0.0299999994999999
3649,CC(C)(C)NCC(O)COc1nsnc1N1CCOCC1,0.8999999949999999
3650,CCSC(=O)N(CC)C1CCCCC1,0.0025
3651,Cc1ccncc1CN(c1ccc(OCC(N)=O)cc1)C1CCN(C(C)CCNC(=O)c2c(C)cc(C#N)nc2C)CC1,0.1099999999999999
3652,Cc1nc(Oc2ccc(C(N)=O)cc2)ccc1CN1CCC(N2C(=O)N(C3CCOCC3)CC2c2ccccc2)CC1,0.1059999999999999
3653,Cc1ccc(O)c(C(CCN(C(C)C)C(C)C)c2ccccc2)c1,0.0379999997499999
3654,CCC(CC)OC1C=C(C(=O)O)CC(NC(C)=N)C1N=C(C)O,0.963
3655,Cc1ncc(Cl)c(N2CCC(C)N(C(=O)c3ccccc3-n3nccn3)CC2)n1,0.05
3656,CC1(C)SC2C(N=C(O)Cc3ccccc3)C(=O)N2C1C(=O)O,0.425
3657,CCNc1cccc(C)c1,0.1413999999999999
3658,CS(=O)(=O)c1ccc(-c2cnc(N)c(-c3ccc(C(F)(F)F)nc3)c2)cc1,0.139
3659,O=C1c2cc(CN3CCC(F)(c4ccccn4)CC3)c3ccccc3c2CN1C1CCCCC1O,0.03
3660,Cc1cccc(C)c1NC(O)=NCCCNC(C)C,0.86
3661,Cn1cc2c(-c3cc(F)c(Cn4cnc5cnccc5c4=O)c(F)c3)cccc2n1,0.01
3662,O=C(O)c1cn(Cc2ccc(-c3ccc(F)nc3)nc2)c2c(F)cccc2c1=O,0.024
3663,CCOc1ccc(Cc2cc(C3SC(CO)C(O)C(O)C3O)c(OC)cc2C)cc1,0.0379999999999999
3664,CNCCC(Oc1ccccc1C)c1ccccc1,0.0299999996666666
3665,CN(C)C(=O)c1cc(CN2CCOc3c(F)cccc32)c2oc(N3CCOCC3)cc(=O)c2c1,0.3
3666,Cc1c(F)c(N2CCNC(C)C2)cc2c1c(=O)c(C(=O)O)cn2C1CC1,0.605
3667,Cc1cn2c(-c3cn[nH]c3)cnc2c(Nc2cc(C(NC(C)(C)C)c3ccccn3)ns2)n1,0.012
3668,Cc1cc(I)cc(CNCCCN(C)C)c1O,0.5
3669,CCC(C)c1ccc(O)cc1,0.0607999999999999
3670,CNC(=O)c1ccc(Oc2ccc(C#CC3(O)CN4CCC3CC4)cc2)cc1,0.24
3671,COC(=O)C1=C(C)NC(C)=C(C(=O)OCC(C)=O)C1c1ccccc1[N+](=O)[O-],0.1049999999999999
3672,OCC(Nc1ncc(Cl)c(Nc2cc(C3CC3)[nH]n2)n1)c1ccc(F)cc1,0.044
3673,CN(C)CCOc1cncc(-c2cccc(-c3cn4cccc(C(N)=O)c4n3)c2)c1,0.0729999999999999
3674,CC1CCC(Oc2nc(N)c3ncn(C4OC(C)C(O)C4O)c3n2)CC1,0.27
3675,COCC1CCCN1C(=O)c1cc(C)cc(C(=O)NC(Cc2cc(F)cc(F)c2)C(O)C2CC(Oc3ccccc3)CN2)c1,0.04
3676,CCc1cnc(C2=NC(=O)C(C)(C(C)C)N2)c(C(=O)O)c1,0.2895
3677,CC(S)C(=O)NCC(=O)O,0.45
3678,COP(=O)(OC)SCn1c(=O)oc2cc(Cl)cnc21,0.5529999999999999
3679,CC1CC2C3CC(F)C4=CC(=O)C=CC4(C)C3(F)C(O)CC2(C)C1(O)C(=O)SCF,0.0899999999999999
3680,CC(C(=O)[O-])c1ccc2c(c1)[NH2+]c1ccc(Cl)cc1-2,0.01
3681,COc1ccc(C(CCCN)(c2ccccc2)c2ccccc2)cc1,0.0929999999999999
3682,CC(CCc1cc(-c2ccccc2)no1)(C(=O)NO)S(C)(=O)=O,0.013
3683,CCNc1nc(Cl)nc(NC(C)(C)C#N)n1,0.315875
3684,CCOc1cc2nnc(C(=N)O)c(Nc3cccc(Cl)c3F)c2cc1N1CCN(C)CC1,0.019
3685,Cc1nc2c(c(CO)nn2C(C)c2ccc(C(F)(F)F)cc2)c(=O)[nH]1,0.0999999999999999
3686,CCc1nc2ccccc2n1-c1nc(N2CCOCC2)c2nc(CN3CC(C4CCOCC4)C3)n(C)c2n1,0.0899999999999999
3687,CC1(C)C2CC=C(CN3CCC(NC(=O)Nc4cc(C(F)(F)F)cc(C(F)(F)F)c4)CC3)C1C2,0.0009999999999998
3688,CNC(=O)c1ccccc1Sc1ccc2c(C=Cc3ccccn3)n[nH]c2c1,0.007
3689,CCC(C)C(=O)OC1CC(O)C=C2C=CC(C)C(CCC(O)CC(O)CC(=O)O)C21,0.50328125
3690,CCC(C(N)=O)(C(N)=O)c1ccccc1,0.9133333333333334
3691,Cc1cc2cc(NC(=NC#N)NC3CCCCN(CC(=O)N4CCCC4)C3=O)ccc2o1,0.5
3692,O=S(=O)(Nc1cncc(C(F)(F)F)c1)c1ccccc1C(F)(F)F,0.0034
3693,Cc1ncc(C(N)=O)nc1-c1ccc(C2CCC(CC(=O)O)CC2)cc1,0.057
3694,O=C(c1cccc(Cc2n[nH]c(=O)c3ccccc23)c1)N1CCn2c(nnc2C(F)(F)F)C1,0.27
3695,CNC(=O)OCCC1CC1c1cncc(OCC2CCN2)c1,0.916
3696,Oc1cccc2ccccc12,0.09995
3697,O=C(O)c1cn(Cc2ccc3[nH]ncc3c2)c2cccc(F)c2c1=O,0.3409999999999999
3698,CCCN(CCC)CCc1cccc2c1CC(=O)N2,0.6000000066666668
3699,CCOc1ccccc1C(N)=O,0.5449999999999999
3700,Cc1ccn(-c2ccc(Cn3cc(C(=O)O)c(=O)c4c(F)cccc43)cc2)n1,0.077
3701,Cc1cccc2nc(C(O)=NC3CCC(NC(=O)c4cc(F)cnc4Oc4cccc(-c5ccc(CN6CC(C)NC(C)C6)cc5)c4)CC3)cn12,0.012
3702,COc1cc(C2OCC3C(c4ccc(OC5OC(CO)C(O)C(O)C5O)c(OC)c4)OCC23)ccc1OC1OC(CO)C(O)C(O)C1O,0.76
3703,CC(CO)Nc1cc(NS(C)(=O)=O)nc(SCc2ccccc2)n1,0.019
3704,CCN=C(O)Nc1cc(-c2nc(C(F)(F)F)cs2)c(-c2cncc(-c3nc(C)no3)c2)cn1,0.0629999999999999
3705,COC(=O)NC(C)CNc1nccc(-c2cn(C(C)C)nc2-c2cc(Cl)cc(NS(C)(=O)=O)c2F)n1,0.14
3706,N=c1[nH]cnc2c1sc1cc(-c3cccc(C(O)=NCC(=O)N4CCOCC4)c3)ccc12,0.0529999999999999
3707,Cc1ccc(CO)cc1N(C)c1ccnc(Nc2cc(N3CCOCC3)cc(N3CCOCC3)c2)n1,0.1099999999999999
3708,Nc1cccc(-c2ccc(Cn3cc(C(=O)O)c(=O)c4cccc(F)c43)cc2)c1,0.0359999999999999
3709,CNC(=N[N+](=O)[O-])NCc1cnc(Cl)s1,0.506
3710,NS(=O)(=O)c1cc2c(cc1Cl)NC(CSCc1ccccc1)=NS2(=O)=O,0.7
3711,O=C(O)C=Cc1ccccc1,0.0499
3712,CCCOCCn1c(=O)c(N2CCNCC2)nc2cnc(-c3ccc(OC)nc3)cc21,0.185
3713,CN1CC(C(O)=NC2(C)OC3(O)C4CCCN4C(=O)C(Cc4ccccc4)N3C2=O)C=C2c3cccc4[nH]cc(c34)CC21,0.02
3714,O=S(=O)(c1ccc2ccccc2c1)N1CCCN(Cc2c(F)cccc2Cl)CC1,0.0999999999999999
3715,Nc1cccc(-c2ccc(Cn3cc(C(=O)O)c(=O)c4cccc(F)c43)nc2)c1,0.045
3716,Cc1ccc(Oc2ccc(Cl)cc2NC(=O)CN(C)CC(=O)N(C)C)cc1,0.885
3717,CCc1c(CCCC(=O)O)cccc1-c1nsc(-c2ccc(OC(C)C)c(Cl)c2)n1,0.0015
3718,C#CCOS(=O)OC1CCCCC1Oc1ccc(C(C)(C)C)cc1,0.0133
3719,Cc1noc(C)c1S(=O)(=O)N1CCN(c2ccc(N3CCCC(C)(C)C3)nn2)CC1,0.0799999999999999
3720,Cc1c(Nc2ccc(C#N)cc2Cl)ncnc1OC1CC2CCC(C1)N2S(=O)(=O)C1CC1,0.0009999999999998
3721,CNC(=O)ON=CC(C)(C)S(C)(=O)=O,0.948
3722,CNc1ncnc(-c2cccnc2Oc2ccc(F)c(C(=O)Nc3cc(C(F)(F)F)ccc3N(C)CCCN(C)C)c2)n1,0.0779999999999999
3723,c1cc(-c2ccncc2)ccn1,0.319
3724,COc1ccc2c(C(=O)NCc3ccc(F)cc3)c(O)n(O)c(=O)c2c1,0.0009999999999998
3725,COc1cc(N2C(=O)N(c3ccc(-c4ccc(C(=O)O)cc4)nc3)C(=O)C23CCN(Cc2ncccc2C)CC3)ncn1,0.022
3726,COc1ccc2cc1Oc1cc3c(cc1OC)CCN(C)C3Cc1ccc(cc1)Oc1c(OC)c(OC)cc3c1C(C2)[N+](C)(C)CC3,0.65
3727,COc1cc2[nH]cc(C(=N)O)c(=Nc3ccc(F)cc3F)c2cc1N1CCN(C)CC1,0.25
3728,Cc1ccc(CNC(=O)c2cc(C#CC(C)(C)O)cnc2NCc2ccc3c(c2)OCO3)cc1C(F)F,0.01
3729,Clc1cc(Cl)c(-c2c(Cl)cc(Cl)cc2Cl)c(Cl)c1,0.0
3730,COc1ccc(-n2cc(C(=O)O)c(=O)c3cc(F)c(N4CCNCC4)cc32)cc1,0.69
3731,CSc1cn2c(-c3cn[nH]c3)cnc2c(Nc2cc(C)ns2)n1,0.0059999999999998
3732,Cc1c(C(O)CN2CCC3(CC2)CCN(c2ccc(=O)n(C)n2)C3=O)ccc2c1COC2=O,0.4559999999999999
3733,Fc1ccccc1-c1cc(NCOc2cccnc2)n2ncc(Br)c2n1,0.05
3734,CN1CCN(C(=O)c2ccc(-c3cn4c(-c5ccc(C#N)cc5)cnc4cn3)cc2)CC1,0.0159999999999999
3735,Nc1ncnc2c1C(=O)N(c1ccc(-c3ccccc3)cc1)CCO2,0.0959999999999999
3736,O=[N+]([O-])c1ccccc1,0.3843999999999999
3737,NC(=O)N1c2ccccc2C(O)C(O)c2ccccc21,0.8200000000000001
3738,COc1ccc(Cl)cc1-c1cc(=O)[nH]c(=S)n1CC(N)=O,0.376
3739,OC(=Nc1cc(-c2cc3c([nH]2)C2(CCCNC2)CN=C3O)ccn1)c1cccc(OC(F)(F)F)c1,0.013
3740,CNCCC(Oc1cccc2ccccc12)c1cccs1,0.0799999999999999
3741,O=C(O)c1ccc(Sc2ncc(CN3CCC(N4C(=O)N(C5CCOCC5)CC4c4cccc(Cl)c4)CC3)cn2)cc1,0.0359999999999999
3742,Cc1ccc(N=CN(C)C=Nc2ccc(C)cc2C)c(C)c1,0.0025000151
3743,CCOc1cc(CN2CCC3(CC2)CC(=O)N(c2ccc(C(=O)O)cc2)C3)cc(OCC)c1-c1ccc(F)cc1,0.022
3744,O=C(NC1CCCC(O)C1)c1noc(-c2ccc(C(F)(F)F)cc2)c1CNC1CC1,0.118
3745,N#Cc1cc(Cl)c(C(O)=Nc2ccnc(N=C(O)C3CC3F)c2)c(Cl)c1,0.0679999999999999
3746,COC1CC2CCC(C)C(O)(O2)C(=O)C(=O)N2CCCCC2C(=O)OC(C(C)CC2CCC(n3cnnn3)C(OC)C2)CC(=O)C(C)C=C(C)C(O)C(OC)C(=O)C(C)CC(C)C=CC=CC=C1C,0.26
3747,COc1ccc2[nH]ccc(=NC(=O)C3(O)CCC(NCc4cc5c(cn4)OCCO5)CC3)c2n1,0.2739999999999999
3748,CON=C(C(=O)NC1C(=O)N2C(C(=O)O)=C(CSc3nc(C)c(CC(=O)O)s3)CSC12)c1csc(N)n1,0.2149833333333333
3749,C=C(CC(=O)c1ccc(-c2ccccc2Cl)cc1)C(=O)O,0.0185416666666666
3750,CCCCCCCCOc1ccc(C(=O)c2ccccc2)c(O)c1,6.85e-09
3751,CC(C(=O)NC1C(=O)N2C1SC(C)(C)C2C(=O)O)c1ccccc1,0.3199999966666666
3752,C=CC(O)=Nc1cc(Nc2ncc(Cl)c(-c3cnn4ccccc34)n2)c(OC)cc1N1CC(N(C)C)C1,0.025
3753,CC(=O)N1C2C=C(CN3C4CCC3CC(Nc3ccc5cc(OC(F)(F)F)ccc5n3)C4)CC1CCC2,0.0579999999999999
3754,O=C(C[N+]12CCC(CC1)C(OC(=O)C1(C3=CC=CC3)CCCCCC1)C2)Nc1cc[nH]n1,0.05
3755,CC1CN2c3c(cc4c(C5CC5)noc4c3F)CC3(C(O)=NC(=O)N=C3O)C2C(C)O1,0.052
3756,CON=C1CCCC(C(NS(=O)(=O)c2ccc(-c3ccc(OC)cc3)cc2)C(=O)O)C1,0.003
3757,Fc1ccc(CN2CCN(c3ccc4nnc(C(F)(F)F)n4n3)CC2)cc1,0.02
3758,COC(=O)C1=C(C)NC(C)=C(C(=O)OCCN2CCN(C(c3ccccc3)c3ccccc3)CC2)C1c1cccc([N+](=O)[O-])c1,0.01
3759,CCCCC1C(=O)NC(=O)NC1=O,0.61
3760,O=C(C[N+]12CCC(CC1)C(OC(=O)C1(C3=CC=CC3)CCCCCC1)C2)Nc1ccon1,0.18
3761,COc1cc(-c2nc3n(n2)CCCC3c2ccc(F)cc2C)ccc1-n1cnc(C)c1,0.027
3762,COC(=O)c1ccc(O)cc1,0.07058
3763,CC(Nc1nc(-c2cccc(C(=O)O)c2)cnc1N)c1ccccc1,0.01
3764,Cc1nc2ccc3c(=O)cc(-c4ccc(N5CCCC5)cc4)oc3c2[nH]1,0.0009999999999998
3765,COc1ccc(-c2ccc(S(=O)(=O)NC(C(=O)O)C3CCC(N4C(=O)CN=C4O)CC3)cc2)cc1,0.099
3766,COc1ncnc(Cn2cc(C(=O)NCC3CC3)c3ncccc32)c1C,0.05
3767,CC(C(=O)OC1C[N+]2(CCc3cccc(Cl)c3)CCC1CC2)(c1cccs1)N1CCCCC1,0.022
3768,COc1cc2nccc(Oc3ccc4c(C(=O)Nc5ccc(Cl)cc5)cccc4c3)c2cc1OC,0.0069999999999999
3769,COCc1cnc(C2=NC(=O)C(C)(C(C)C)N2)c(C(=O)O)c1,0.4548
3770,Fc1ccc(C2(Cn3cncn3)OC2c2ccccc2Cl)cc1,0.0575
3771,COc1ccc2c3c1OC1C(=O)CCC4C(C2)N(C)CCC314,0.745
3772,CN(C)C1C(=O)C(C(N)=O)=C(O)C2(O)C(O)=C3C(=O)c4c(O)cccc4C(C)(O)C3C(O)C12,0.745000005
3773,O=C(O)c1cccc(Oc2ccccc2)c1,0.00358
3774,Cc1noc2cc(N3CCN(C(=O)C4CCCCC4C(O)=NC4(C#N)CC4)C(C)C3)ccc12,0.1999999999999999
3775,O=P(NCCCl)(NCCCl)OC1OC(CO)C(O)C(O)C1O,0.71
3776,COc1ccc2ccc(=O)n(CCN3CCC(NCc4cc5c(cn4)OCCO5)CC3)c2c1,0.31
3777,CCS(=O)(=O)c1ccc(C(NC(C)=O)C(=O)Nc2cc(-c3cc(C#N)cc(F)c3OC)cs2)cc1,0.013
3778,COC(=O)c1ccc(I)cc1S(=O)(=O)NC(=O)Nc1nc(C)nc(OC)n1,0.007
3779,CN(C)C(=N)N=C(N)N,0.7000000000000001
3780,CC(C)C(C(=O)OC(C#N)c1cccc(Oc2ccccc2)c1)c1ccc(Cl)cc1,0.0025000179
3781,CNC(C)C(O)=NC(C(=O)N1CCC2CCN(CCc3ccccc3)CC21)C1CCCCC1,0.057
3782,O=C(C[N+]12CCC(CC1)C(OC(=O)C1(C3=CC=CC3)CCCCCC1)C2)[NH+]=c1cccn[n-]1,0.0999999999999999
3783,CC(Oc1cc(-c2cnn(C3CCNCC3)c2)c[nH+]c1N)c1c(Cl)ccc(F)c1Cl,0.0899999999999999
3784,CN1CCN(c2ccc(C3CC(c4ccc([N+](=O)[O-])o4)=NO3)cc2F)C(=O)C1,0.391
3785,COc1ncnc(Cn2cc(C(O)=NCCO)c3ncc(C)cc32)c1C,0.2199999999999999
3786,Cn1cnc2c(F)c(Nc3ccc(Br)cc3Cl)c(C(=O)NOCCO)cc21,0.0159999999999999
3787,CCCN1CC(CSC)CC2c3cccc4[nH]cc(c34)CC21,0.0999999999999999
3788,Oc1ccccc1Cl,0.5052000000000001
3789,CS(=O)(=O)N1Cc2ccc(S(=O)(=O)c3ccc4c(c3)OCCO4)cc2C1,0.0909999999999999
3790,CC(O)C(=O)N1CCC(n2c(=O)n(C)c3cnc4ccc(-c5cccc6[nH]ncc56)nc4c32)CC1,0.1009999999999999
3791,Oc1ccc(C2CNCCc3c2cc(O)c(O)c3Cl)cc1,0.12
3792,CCOC(=O)c1c(N)sc2c1CCN(Cc1ccccc1)C2,0.0799999993333333
3793,CC(C)Oc1cc(N=c2[nH]c3c(cc2F)ncn3C(CO)c2ccc(F)cn2)[nH]n1,0.0579999999999999
3794,CC(C)(C)NCC(O)COc1cccc2c1SCCC2,0.0500000003333333
3795,COCCC(CC1(C(=O)NCCCc2ccc(Cl)cc2)CCCC1)C(=O)O,0.017
3796,CC(NC(=O)c1c(N)nn2cccnc12)c1cc2cccc(C#Cc3cnn(C)c3)c2c(=O)n1-c1ccccc1,0.0109999999999998
3797,C#CCNC1CCc2ccccc21,0.0899999999999999
3798,O=P(O)(O)C(Sc1ccc(Cl)cc1)P(=O)(O)O,0.0999999999999999
3799,CC1C(NC(=O)C(=NOC(C)(C)C(=O)O)c2csc(N)n2)C(=O)N1C(=O)NS(=O)(=O)n1nc(-c2cc(=O)c(O)c[nH]2)n(CCCS(=O)(=O)c2ccccc2)c1=O,0.03
3800,COc1ccc2c(c1)C1CC1(C(=O)N1C3CCC1CN(C)C3)Cn1c-2c(C2CCCCC2)c2ccc(C(=O)NS(=O)(=O)N(C)C)cc21,0.01
3801,Fc1ccc(C2CN(CCc3ccccc3)CCC2c2cc(-c3ccc(Cl)cc3)n[nH]2)cc1,0.03
3802,CCN=c1nc(C(N)=O)c2c([nH]1)CCN(C(=O)CCc1ccc(OC(F)(F)F)cc1)C2,0.917
3803,OC(=NC(c1ccccn1)C1CC1)c1ccc2[nH]nc(-c3ccc(N4C5CCC4CC(O)C5)cc3)c2c1,0.022
3804,Nc1c(-c2ccccc2)nn(-c2nc(C(=O)O)cs2)c1-c1ccccc1,0.01
3805,Cc1cc2cc(NC(=NC3CCCCN(CC(=O)N4CCCC4)C3=O)N=C(O)c3ccc(C(=O)N(C)C)nc3)ccc2o1,0.12
3806,O=C(c1ccccc1)N1CCC(CCCCN=C(O)C=Cc2cccnc2)CC1,0.0069999999999999
3807,CN(C)c1ccc(N=Nc2ccccc2C(=O)O)cc1,0.0304
3808,CNC(=O)c1c(-c2ccc(F)cc2)oc2ccc(-c3cc(C(=O)NC4(c5ncccn5)CC4)ccc3C)c(F)c12,0.018
3809,O=S(=O)(c1ccc(-c2ccc3nccc(Nc4ccncn4)c3c2)cc1)N1CCOCC1,0.044
3810,CN(C)CCC(c1ccccc1)n1cc(NC(=O)c2n[nH]c3cc(-c4cn[nH]c4)ccc23)cn1,0.03
3811,O=C(O)c1ccc(-c2ccc(OC3OC(CO)C(O)C(O)C3O)c(Cl)c2)cc1,0.1099999999999999
3812,COC1COCCC1NC1CCC(C(=O)N2CCN(c3cc(C(F)(F)F)cnn3)CC2)(C(C)C)C1,0.79
3813,CC1NC(=O)C(C(C)C)OC(=O)C(C)(C)C=Cc2cc3cc(ccc3cn2)C(C)NC(=O)C2CCCN(N2)C1=O,0.2299999999999999
3814,Cc1cc2ccc1C(C)COC(=O)Nc1ccc(C3(C(=O)O)CC3)c(c1)CN(C)C(=O)C2Nc1ccc2c(N)ncc(F)c2c1,0.044
3815,CC(C)NCC(O)c1cccc(NS(C)(=O)=O)c1,0.62
3816,Cc1cccc(Cl)c1NC(=O)c1cnc(Nc2cccc(NCCO)n2)s1,0.0799999999999999
3817,CN1C=CCC(OC(=O)N(C)C)=C1,1.0
3818,CCOc1ccc(Cc2cc(C3OC(SC)C(O)C(O)C3O)ccc2Cl)cc1,0.02
3819,O=C(Nc1ccc2[nH]c(C(=O)N3CC(CCl)c4c3cc3c5c(cccc45)N=C(O)O3)cc2c1)c1cc2ccccc2[nH]1,0.05
3820,CS(=O)(=O)NCc1ccc(-c2ccc(N3CCOc4ncnc(N)c4C3=O)cc2)c(Cl)c1,0.122
3821,Cc1noc(C)c1S(=O)(=O)Nc1c(N2CCC(N(C)Cc3ccc(OC(F)F)cc3)CC2)c(=O)c1=O,0.062
3822,CCn1cc(C(=O)O)c(=O)c2cc(F)c(N3CCN(C)CC3)cc21,0.7352777827777778
3823,Cn1cnc(S(=O)(=O)N2CC3C(C2)C3(CN=C(O)c2cc(Cl)cc(Cl)c2)CC2CC2)c1,0.02
3824,Cn1c(C(C)(C)C)nc(C(O)=NCc2ccc(F)cc2C(=N)O)c(O)c1=O,0.06
3825,S=c1nc(-c2ccccc2Cl)[nH]n1Cc1cccc(Cl)c1,0.01
3826,CCOc1ccc(Cc2cc(C3OC(CO)C(O)C(O)C3O)ccc2Cl)cc1,0.0899999999999999
3827,NC(N)=NCCCNC(=O)C1CCCCN1C(=O)C(CC1CCCCC1)NCC(=O)O,0.76
3828,Cc1ncc(OCC2(c3cccc(F)c3)CC2C(=O)Nc2ccc(F)cn2)c(C)n1,0.06
3829,Cc1ccc(-c2noc(COc3ccc(CCC(=O)O)cc3)n2)cc1,0.015
3830,Cc1ccc2c(c1)C(c1ccccc1)=NCC(=O)N2,0.027
3831,C=C1CC2C3CCC4=CC(=O)CCC4C3CCC2(C)C1(OC(C)=O)C(C)=O,0.05
3832,Cc1c(Cc2ccccc2S(=O)(=O)c2ccccc2)c(-c2ccccc2)nn1CC(=O)O,0.0069999999999999
3833,CON=C(C(=O)NC1C(=O)N2C(C(=O)O)=C(C[N+]3(C)CCCC3)CSC12)c1csc(N)n1,0.7887500000000001
3834,COC1C=COC2(C)Oc3c(C)c(O)c4c(O)c(cc(O)c4c3C2=O)NC(=O)C(C)=CC=CC(C)C(O)C(C)C(O)C(C)C(OC(C)=O)C1C,0.1277
3835,Nc1nc(=O)c2c(CCc3ccc(C(=O)NC(CCC(=O)O)C(=O)O)cc3)c[nH]c2[nH]1,0.1899999999999999
3836,CC(=O)N1CCC(CN2CCC(N=C(O)Nc3cc(C(F)(F)F)cc(C(F)(F)F)c3)CC2)CC1,0.05
3837,CCn1c(-c2nonc2N)nc2cnc(Oc3cccc(NC(=O)c4ccc(OCCN5CCOCC5)cc4)c3)cc21,0.414
3838,Cc1cc(C(=O)NC2CCC(NC(=O)c3cc(F)cnc3Oc3cccc(-c4cccc(CN5CC(C)NC(C)C5)c4)c3)CC2)nn1C,0.18
3839,CN(C)C(=O)c1cccc(S(=O)(=O)N2CCCC2C(=O)OC(Cc2c(Cl)c[n+]([O-])cc2Cl)c2ccc(OC(F)F)c(OCC3CC3)c2)c1,0.0034999999999999
3840,O=C(c1ccc(F)cc1)N1CCc2nc(COc3ccccc3)oc2C1,0.968
3841,CC(C)(C)NCC(O)COc1ccc(NC(O)=NC2CCCCC2)cc1,0.39
3842,N#Cc1ccc(N2CCN(Cc3cc(C(=O)O)c(=O)n4ccccc34)CC2)cc1,0.134
3843,CC(C)(NC(=O)C1=C(O)C2Oc3c(O)ccc4c3C23CCN(CC2CC2)C(C4)C3(O)C1)c1nc(-c2ccccc2)no1,0.0649999999999999
3844,CC(C)(C)C(CO)NC(=O)c1nn(-c2c[n+]([O-])ccn2)c2c1CC1CC21,0.0999999999999999
3845,CCCCCCOC(C)c1cccc(-c2csc(NC(=O)c3cc(Cl)c(C=C(C)C(=O)O)c(Cl)c3)n2)c1OC,0.0009999999999998
3846,CN(C)C1C(=O)C(C(=O)NCN2CCCC2)=C(O)C2(O)C(=O)C3=C(O)c4c(O)cccc4C(C)(O)C3CC12,0.5
3847,Cc1[nH]c(=O)n(C(C)(C)C)c(=O)c1Cl,0.102975
3848,O=C(CC1(c2ccccc2)C2CC3CC1CC(C2)C3O)N1CC(O)C1,0.4599999999999999
3849,C=CCNc1nc(NCC=C)nc(N2CCN(C(c3ccc(F)cc3)c3ccc(F)cc3)CC2)n1,0.01
3850,O=C(O)CCc1cc(F)c(OCc2c(-c3ccc(Cl)cc3)noc2C(F)(F)F)c(F)c1,0.0006999999999999
3851,CN=C(O)c1cc(F)ccc1CN=C(O)c1nn2c(c1O)C(=O)N(C)CC2c1ccccc1,0.88
3852,c1cc(OCCCN2CCCCC2)ccc1CN1CCCCC1,0.4599999999999999
3853,CN(C)Cc1nccn1-c1ccc(N2CCC(NS(=O)(=O)c3ccc4cc(Cl)ccc4c3)C2=O)c(F)c1,0.0529999999999999
3854,COC1C(OC(N)=O)C(O)C(Oc2ccc3c(O)c(NC(=O)c4ccc(O)c(CC=C(C)C)c4)c(=O)oc3c2C)OC1(C)C,0.0999999999999999
3855,COc1cc2c(cc1OC)C1CC(=O)C(CC(C)C)CN1CC2,0.1504761938095237
3856,COc1ncc2ccc(=O)n(CCN3CCC(NCc4cc5c(cn4)OCCO5)CC3)c2n1,0.27
3857,CNC(C)C(O)=NC1CCCC2CC3CCN(CC(C)c4ccccc4)CC3N2C1=O,0.18
3858,N#CCC(C1CCCC1)n1cc(-c2ncnc3[nH]ccc23)cn1,0.03
3859,O=S(=O)(c1ccc2ccccc2c1)N1CC=C(c2ccccc2)CC1,0.05
3860,NN=c1[nH]ncc2ccccc12,0.12
3861,C[N+]12CCC(CC1)C(OC(=O)C1(C3=CC=CC3)CCCCCC1)C2,0.27
3862,Cc1[nH]c(=N)ccc1CN=C(O)Cn1c(C)cc(S(=O)(=O)Cc2ccccc2)c(N)c1=O,0.78
3863,CC(C(=O)OC1C[N+]2(Cc3cc(-c4ccccc4)no3)CCC1CC2)(c1cccs1)N1CCCCC1,0.023
3864,COC1CN(c2nc(C(C)=O)c(C(=O)O)s2)CCC1N=C(O)c1[nH]c(C)c(Cl)c1Cl,0.019
3865,CNC(=O)c1cc(F)ccc1CNC(=O)c1ncc2cccnc2c1O,0.02
3866,COCCc1nc2nc(C)cc(Nc3ccc(C(F)(F)F)cc3)n2n1,0.263
3867,CCOP(=O)(SC(C)CC)N1CCSC1=O,0.4599749999999999
3868,O=C(Nc1ccc(F)cn1)c1cc(Oc2cncc(F)c2)cn2ccnc12,0.02
3869,CC(CCc1cc(-c2ccccc2)on1)(C(O)=NO)S(C)(=O)=O,0.0159999999999999
3870,CC(CO)Nc1ncc2c(n1)CN(C(O)=NC(C)c1ccc(C(F)(F)F)c(F)c1)CC2,0.013
3871,O=C(Cn1cnc([N+](=O)[O-])n1)N1CCN(Cc2ccc(C(F)(F)F)cc2)CC1,0.179
3872,COC(=O)c1ccc2c(c1)NC(=O)C2=C(Nc1ccc(N(C)C(=O)CN2CCN(C)CC2)cc1)c1ccccc1,0.022
3873,CC(NC(=Nc1ccncc1)NC#N)C(C)(C)C,0.6
3874,CN(c1ncnc2[nH]ccc12)C1CCN(C(=O)CC#N)C1,0.853
3875,COc1cccc2c1c(NS(=O)(=O)c1ccc(Cl)s1)nn2Cc1cccc(CNC(=O)C(C)(C)O)c1,0.01
3876,CNCCCCOc1ccccc1Cc1ccccc1,0.0500000003333333
3877,CC(C)O,0.79555
3878,CC(C)c1noc(N2CCN(c3ncc(OCc4ccncc4C#N)cn3)C(C)C2)n1,0.018
3879,O=C(O)COc1ccc(Cl)cc1C1CCCCCC1,0.2517499999999998
3880,Cn1cnc(S(=O)(=O)N2CC3C(C2)C3(CN=C(O)c2cccc(C(F)(F)F)c2)CC2CC2)c1,0.04
3881,O=C1CC2(CCCCC2)C(=O)N1c1ccc(N=C(O)c2ccccn2)cc1Cl,0.0062
3882,Cc1cc(F)ccc1-c1c(Oc2ccc(C=CC(=O)O)cc2)c2ccc(O)cc2oc1=O,0.0024999999999999
3883,COc1cc(C(=O)NS(=O)(=O)c2ccccc2C)ccc1Cc1cn(C)c2ccc(NC(=O)OC3CCCC3)cc12,0.01
3884,O=C1C(NS(=O)(=O)C=Cc2ccc(Cl)s2)CCN1c1ccc(-n2ccnc2CN2CCOCC2)cc1F,0.121
3885,Cc1[nH]c2c([nH+]1)CCN(C(=O)c1ccc(NC(=O)c3ccccc3-c3ccccc3)cc1)c1ccccc1-2,0.01
3886,CCOC(=O)CC(N=C(O)C1CCn2c(C(=O)c3ccccc3)ccc21)C(=O)OCC,0.55
3887,Cn1c([N+](=O)[O-])cnc1C(=O)NCc1ccc(F)cc1,0.05
3888,OCc1c(C(O)=NC2CCCC(O)C2)noc1-c1ccc(C(F)(F)F)cc1,0.0809999999999999
3889,CC1(C)C(=O)NC(=O)N1CO,0.921
3890,CC(=O)Nc1cc(Nc2cc(NC3CC3)n3ncc(C#N)c3n2)ccc1N(C)CCN1CCOCC1,0.18
3891,Cc1cnc(C2=NC(C)(C(C)C)C(=O)N2)c(C(=O)O)c1,0.54695
3892,O=C(O)C(F)(F)C(F)(F)C(F)F,0.1714
3893,CCS(=O)(=O)N1CC(CC#N)(n2cc(C3=NC=NC4=NC=CC43)cn2)C1,0.5
3894,CC(C)NCC(O)COc1ccc(O)cc1,0.9599999933333332
3895,c1ccc(C(C(c2ccccc2)N2CCCC2)N2CCCC2)cc1,0.17
3896,CC(C)(C)c1ccc(CSc2cnn(C(C)(C)C)c(=O)c2Cl)cc1,0.0025
3897,CC(Nc1ccc(F)cc1)c1cc(C(=O)N(C)C)cn2c(=O)cc(N3CCOCC3)nc12,0.2099999999999999
3898,CNC1CCN(c2nc(=N)[nH]c3c2oc2ncc(Cl)cc23)C1,0.43
3899,CC(C(=O)OC1C[N+]2(CCC3=CC4CCOC4C=C3)CCC1CC2)(c1ccccc1)N1CCCCC1,0.004
3900,O=C(O)C=CC(F)(C(F)(F)F)C(F)(F)F,0.1003
3901,CNC(=O)c1cc(Oc2ccc(NC(=O)Nc3ccc(Cl)c(C(F)(F)F)c3)c(F)c2)ccn1,0.0049666666666666
3902,N#CCN1CCC(n2c(=O)cnc3cnc4ccc(-c5ccc(N)nc5)cc4c32)CC1,0.36
3903,CN(C)C1C(=O)C(=C(O)NCNCCCCC(N)C(=O)O)C(=O)C2(O)C(=O)C3=C(O)c4c(O)cccc4C(C)(O)C3CC12,0.55
3904,Cc1c(-c2ccccc2)nn(-c2nc(C(=O)O)cs2)c1-c1ccccc1,0.0029
3905,CC1C(N=C(O)C(=NOC(C)(C)C(=O)O)c2csc(=N)[nH]2)C(=O)N1C(O)=NS(=O)(=O)NCc1cc(=O)c(O)c[nH]1,0.61
3906,O=C(O)c1cc(C(F)(F)F)ccc1N1CCC(OCc2ccccn2)C1,0.0459999999999999
3907,CCCC(=O)Nc1cccc(NCc2ccccc2Br)c1,0.01
3908,Cc1cccc(C)c1NC(=O)C1CCCCN1,0.5549999999999999
3909,CC(C)(C)n1nc(-c2cnc3cc(OC4CC4)ccc3c2)c(C(N)=O)c1N,0.84
3910,N=C(N)N=C(N)NCCc1ccccc1,0.8399999899999999
3911,Cc1[nH]c(C(O)=NC2CCN(c3ncc(C(=O)O)s3)CC23OCCO3)c(Cl)c1Cl,0.0749999999999999
3912,CC(C)Oc1cc(N=c2[nH]c(NC(C)c3ccc(F)cn3)ncc2Cl)[nH]n1,0.069
3913,CC(C)COc1ccc(CNC(=O)N(Cc2ccc(F)cc2)C2CCN(C)CC2)cc1,0.05
3914,O=C(O)c1nc(Cl)ccc1Cl,0.4379999999999999
3915,CCCS(=O)(=O)N1CCN(C2(CN=C(O)c3c(F)cccc3F)CCC(F)(F)CC2)CC1,0.13
3916,O=C1Cc2cc(CCN3CCN(c4nsc5ccccc45)CC3)c(Cl)cc2N1,0.0070666666666666
3917,Cc1ccc(OC2CCN(c3c(C#N)cnc4ccc(F)cc34)CC2)cn1,0.024
3918,O=C(Nc1ccc(N2C(=O)CC3(CCCCC3)C2=O)c(Cl)c1)c1ccccn1,0.0062
3919,O=C(Nc1cccc(OC(F)(F)F)c1)c1ccccn1,0.008
3920,COc1ccc2cc1Oc1ccc(cc1)CC1c3cc(c(OC)cc3CCN1C)Oc1c(OC)c(OC)c(Br)c3c1C(C2)N(C)CC3,0.22
3921,O=C(C[N+]12CCC(CC1)C(OC(=O)C1(C3=CC=CC3)CCCCCC1)C2)Nc1ncco1,0.15
3922,O=C(OC1CN2CCC1CC2)N1CCc2ccccc2C1c1ccccc1,0.0199444444444444
3923,O=C(c1cc2cc(Cl)ccc2[nH]1)N1CCNCC1,0.42
3924,CNC1CCN(c2cc(NCC3CC3)[nH]c(=N)n2)C1,0.84
3925,O=C(C[N+]12CCC(CC1)C(OC(=O)C1(C3=CC=CC3)CCCCCC1)C2)Nc1ccccn1,0.04
3926,Cc1c(Cl)nc(NCc2ccc3c(n2)NCCC3)c(=O)n1CC(O)=NC(CC(=O)O)c1cccc(F)c1,0.015
3927,CCCCc1ccc(O)cc1,0.0358
3928,Cc1cc(OCC2CCN2)on1,0.918
3929,Cc1ccoc1C(=O)Nc1ccc(N2C(=O)c3cccc(C)c3C2=O)cc1F,0.009
3930,COc1cnc(C(=O)Nc2ccc(F)c(C3(C)COCC(N)=N3)c2)cn1,0.56
3931,CCc1nc2nc(C)cc(Nc3ccc(S(F)(F)(F)(F)F)cc3)n2n1,0.0359999999999999
3932,N=c1nc(N2CCNCC2)c2c([nH]1)C(c1ccccc1)CCCC2,0.41
3933,Cc1ccc(C(C)Oc2cc3onc(CCC(=O)O)c3cc2Cl)nc1,0.003
3934,CC12CCC3c4ccc(OC(=O)N(CCCl)CCCl)cc4CCC3C1CCC2OP(=O)(O)O,0.5
3935,COc1ccc2nccc(NC(=O)C3(O)CCC(NCc4cc5c(cn4)OCCO5)CC3)c2n1,0.274
3936,O=C(O)c1ccc(-n2nc(-c3ccccc3O)nc2-c2ccccc2O)cc1,0.007
3937,CC(C)(C)c1ncc2c(n1)-c1sc(NC(=O)N3CCC4CC43C(N)=O)nc1CC2,0.087
3938,O=C(O)c1cn(Cc2ccc(-c3ccccc3)nc2)c2c(F)cccc2c1=O,0.018
3939,CCCN1CC(CS(=O)(=O)N(CC)CC)CC2Cc3c(O)cccc3CC21,0.0999999999999999
3940,Cc1cc(Nc2ccc(C(C)C)cc2)n2ncnc2n1,0.087
3941,CCCOCCn1c(=O)c(NCCN)nc2cnc(-c3ccc(OC)nc3)cc21,0.2587499999999999
3942,CCN(CC)CCNC(=O)c1ccc(N)cc1C(C)=O,0.9
3943,COC(=O)c1cccc(-n2sc3ccccc3c2=O)c1,0.5075000000000001
3944,O=C(C[N+]12CCC(CC1)C(OC(=O)C1(C3=CC=CC3)CCCCCC1)C2)Nc1ccncn1,0.1099999999999999
3945,O=S(=O)(c1ccc(CN=C(O)c2cnc3nccn3c2)cc1)c1cc(F)cc(F)c1,0.122
3946,COC1CN(c2ncc(C(=O)O)s2)CCC1N=C(O)c1[nH]c(C)c(Cl)c1Cl,0.0709999999999999
3947,CON=C(O)Nc1ccc(-c2sc3c(c2CN(C)Cc2ccccc2)c(=O)n(-c2ccccc2)c(=O)n3Cc2c(F)cccc2F)cc1,0.02
3948,CC1(C)Cc2cccc(O)c2O1,0.364
3949,FC(C(F)(F)F)C(F)(F)F,0.4582
3950,CCc1cccc(CC)c1N,0.0896099999999999
3951,CC(CO)Nc1nc(SCc2cccc(F)c2F)nc2nc(N)sc12,0.0259999999999999
3952,CC(C)Oc1ccc(-c2nc(-c3cccc4c3CCC4=O)no2)cc1C#N,0.002
3953,CN(C)Cc1nccn1-c1ccc(N2CCC(NS(=O)(=O)c3cc4ccc(Cl)cc4s3)C2=O)c(F)c1,0.032
3954,COc1cc2ccc(Br)cc2cc1C(c1cccc(C)c1)C(O)(CCN(C)C)c1cccc2c1OCCO2,0.0
3955,CC(C)NCC(O)COc1cccc2[nH]ccc12,0.5518399949999999
3956,CCCCc1cc(S(F)(F)(F)(F)F)cc2c1OC(C(F)(F)F)C(C(=O)O)=C2,0.0008
3957,CNCCN1CCCc2cc(NC(=N)c3cccs3)ccc21,0.6
3958,CCN=C(O)Nc1ccc(-c2nc(N3CCOCC3)c3c(n2)C(C)(CC(C)(C)O)OC3)cc1,0.2299999999999999
3959,CN1Cc2ccccc2-c2c(C3CCCCC3)c3ccc(C(=O)O)cc3n2CC1=O,0.003
3960,CC(ON=C(C(=O)NC1C(=O)N(OS(=O)(=O)O)C1(C)C)c1nsc(N)n1)c1cc(=O)c(O)cn1O,0.0037
3961,CCCS(=O)(=O)N1CCN(C2(CNC(=O)c3c(F)cccc3F)CCC(F)(F)CC2)CC1,0.13
3962,N=C(N)N=C(O)c1cnn(-c2cccc3ncccc23)c1C1CC1,0.3399999999999999
3963,O=C(OCc1ccccc1)c1ccc(O)cc1,0.00674
3964,Cc1cnc(NC(=O)C[N+]23CCC(CC2)C(OC(=O)C2(C4=CC=CC4)CCCCCC2)C3)cn1,0.04
3965,O=C(NCc1ccc(S(=O)(=O)c2cc(F)cc(F)c2)cn1)c1cc2ccncc2o1,0.0999999999999999
3966,Cc1c(Cl)nc(NCc2ccc3c(n2)NCCC3)c(=O)n1CC(=O)NC(CC(=O)O)c1cccc(F)c1,0.015
3967,CCN=C(O)Nc1ccc(-c2nc3c(c(N4CCOCC4C)n2)CCN(c2nc(C)ns2)C3)cc1,0.03
3968,CC1(C)Cc2c(c(C(=O)Nc3ccc(C(F)(F)F)cn3)cc3nc(Nc4c(Cl)cccc4Cl)[nH]c23)O1,0.005
3969,COc1ccc(-c2cc(CN3CCSCC3)c(C)n2-c2ccc(F)cc2)cc1,0.004
3970,CN(C)CCS(=O)(=O)NC(=O)c1ccc2c(C3CCCCC3)c(-c3ccccc3)n(CC(=O)N(C)C)c2c1,0.019
3971,N#Cc1ccc(NCC(F)(F)c2ccccn2)c(F)c1CC(=O)NCc1ccc2c(N)noc2c1,0.013
3972,O=C(O)c1cn(Cc2ccc(-n3cccn3)cc2)c2c(c1=O)C(O)CCC2,0.4389999999999999
3973,Cc1ccc(C(C)(C)O)cc1-c1ccc2c(n1)n(C)c(=O)n2CC(C)(C)C,0.06
3974,O=C(Nc1nc2cccc(-c3ccc(CN4CCS(=O)(=O)CC4)cc3)n2n1)C1CC1,0.6819999999999999
3975,Cc1csc(NC(=O)NC23CC4CC(CC(C4)C2)C3)n1,0.003
3976,CCN(CC)CCn1c(=O)nc(-c2ccccc2F)c2cc(Cl)ccc21,0.0299999994999999
3977,CC1c2cccc(O)c2C(=O)C2=C(O)C3(O)C(O)=C(C(N)=O)C(=O)C(N(C)C)C3C(O)C21,0.1091666666666666
3978,N#Cc1ccc(NCC(F)(F)c2cccc(Cl)c2)c(F)c1CC(=O)NCCONC(=N)N,0.0479999999999999
3979,CSc1ccc(CC2(O)c3ccccc3C3=NCCN32)cc1,0.0999999999999999
3980,Cc1cc(C(=O)O)ccc1-c1ccc(N2C(=O)N(c3ccncn3)C3(CCN(Cc4ncccc4C)CC3)C2=O)cc1,0.04
3981,CCc1c(C(=O)NN2CCCCC2)nn(-c2ccc(Cl)cc2Cl)c1-c1ccc(Br)cc1,3.63e-08
3982,O=C(O)c1cn(Cc2ccc(-n3cnc(-c4ccccc4)c3)cc2)c2cccc(F)c2c1=O,0.009
3983,CC(C)Oc1cc(Nc2nc(NC(C)c3ccc(F)cn3)ncc2Cl)n[nH]1,0.069
3984,CN1Cc2nc(C(=O)NC3CC(C(=O)N(C)C)CCC3NC(=O)c3ccc4cc(Cl)ccc4c3)sc2C1,0.3
3985,O=C1OC2(CCc3c(-c4ccccc4)cccc32)CC(O)=C1Sc1ccccc1Cl,0.01
3986,CCNC(=O)Nc1ccc(-c2nc3c(c(N4CCOCC4C)n2)CN(c2ncccn2)CC3)cc1,0.02
3987,CN(C)CCOC(c1ccccc1)c1ccc(Br)cc1,0.04
3988,O=C(NC1CCCC1)C1CCN(c2nc3cc(Cl)ccc3o2)CC1,0.005
3989,CCN(CC)CCCN(c1ccccc1)C1Cc2ccccc2C1,0.0500000003333333
3990,Cc1c(COC(=O)C2C(C=C(Cl)C(F)(F)F)C2(C)C)cccc1-c1ccccc1,0.0025
3991,Cc1cc2nc(NCCCO)n(CC(=O)c3cc(C(C)(C)C)c(O)c(C(C)(C)C)c3)c2cc1C,0.0009999999999998
3992,CCNC(=O)C1CC(n2ccc3c(NC(CC)Cc4sccc4Cl)ncnc32)C(O)C1O,0.03
3993,Cn1cc2c(-c3cc(F)c(Cn4c(=O)cnc5ccccc54)c(F)c3)cccc2n1,0.01
3994,O=[N+]([O-])c1ccc(C2=NOC(c3ccc(N4CCS(=O)CC4)cc3)C2)o1,0.2229999999999999
3995,Nc1ncc(-c2cccc(C(F)(F)F)c2)c(C2CCCCN2C(=O)c2ccccc2)n1,0.903
3996,CC1(COc2ccc(OC(F)(F)F)cc2)Cn2cc([N+](=O)[O-])nc2O1,0.0609999999999999
3997,CC(C)c1cc(C(=O)N2Cc3ccc(NC4CCN(C)CC4)cc3C2)c(O)cc1O,0.36
3998,CCc1cccc(CC)c1N(COC)C(=O)CCl,0.13305
3999,COc1cccc2c1c(NS(=O)(=O)c1ccc(Cl)s1)nn2Cc1cccc(CNC(=O)C2COCCN2)c1,0.018
4000,CCONC(CC)=C1C(=O)CC(c2c(C)cc(C)cc2C)CC1=O,0.1689999999999999
4001,CC(O)(c1ccc(C(=O)N(C2CC2)C2CCN(CC3(C(=N)O)CC3)CC2)cc1)C(F)(F)F,0.48
4002,C#CCN(C)C(CF)Cc1ccccc1,0.1679999999999999
4003,O=C(Nc1ncc(C2(O)CCC2)s1)c1ccc(F)c(Cl)c1,0.035
4004,Oc1ccc2c(c1)-c1ccccc1C2,0.0248899999999999
4005,COc1ccccc1OCC(O)CN1CCN(CC(=O)Nc2c(C)cccc2C)CC1,0.38
4006,O=C(O)CCCN1CCC(OC(c2ccc(Cl)cc2)c2ccccn2)CC1,0.448
4007,N#CC1(c2ccccc2F)CCN(Cc2cc(C(=O)O)c(=O)n3ccccc23)CC1,0.055
4008,CN1CCN(c2ccc3nc(Nc4ccc(Br)cn4)[nH]c3c2)CC1,0.1149999999999999
4009,CCn1cc2c(Oc3cnc(C(=O)N4CCC4)c(F)c3)cc(C(O)=Nc3cnc(C)cn3)cc2n1,0.1999999999999999
4010,Oc1ccc2ccccc2c1,6.98e-07
4011,CC1c2ncn(-c3ccccn3)c2CCN1C(=O)c1cccc(C(F)(F)F)c1Cl,0.047
4012,CC(=O)CC(c1ccccc1)c1c(O)oc2ccccc2c1=O,0.0126666666666666
4013,CNC(=O)c1c(C(N)=O)nc2n1CCOc1ccc(C#CC(C)(O)c3cc(C)on3)cc1-2,0.06
4014,COc1ccc2c(c1)CN(c1ccc(C(C)C(=O)O)cc1)C2=O,0.02
4015,O=C(O)c1ccccc1,0.53965
4016,O=C1CN=C(c2ccccc2F)c2cc(Cl)ccc2N1,0.039
4017,CC1CCCN1CCCOc1ccc(-c2ccc(O)nn2)cc1,0.56
4018,Cn1ncc(C(=O)N2CCC(Nc3cc(=O)n(C)c4ccccc34)CC2)c1Cl,0.03
4019,O=c1c(=NCC(F)(F)c2cccc[n+]2[O-])[nH]cc(Cl)n1CC(O)=NCc1ncccc1Cl,0.5
4020,O=C(O)c1ccccc1Nc1cccc(C(F)(F)F)c1,0.0999999999999999
4021,CC(CO)Nc1ncc2c(n1)CN(C(O)=NC(C)c1ccc(Cl)c(Cl)c1)CC2,0.03
4022,O=C(Nc1c(Cl)c[n+]([O-])cc1Cl)c1ccc(OC(F)F)c(OCC2CC2)c1,0.035
4023,CC1C(NC(=O)C(=NOC(C)(C)C(=O)O)c2csc(N)n2)C(=O)N1C(=O)NS(=O)(=O)n1nc(-c2cc(=O)c(O)c[nH]2)n(CCCNS(C)(=O)=O)c1=O,0.0799999999999999
4024,CCc1c(CCCC(=O)O)cccc1-c1cnc(-c2ccc(OC(C)C)c(C#N)c2)nc1,0.0019
4025,CNCCCN1c2ccccc2CCc2ccc(Cl)cc21,0.045
4026,N#Cc1ccc(CCNC(=O)C2CCN2c2cc(-c3ccc(C4CCC(C(=O)O)CC4)cc3)nc(C(F)(F)F)n2)cc1,0.0009999999999998
4027,COc1cc(NC(C(=O)c2c[nH]c3ccccc23)c2ccccc2)cc(OC)c1,0.002
4028,CC(NC(=O)N1CCc2cnc(Nc3ccnn3C)nc2C1)c1ccc(Cl)c(Cl)c1,0.01
4029,CC(C)(C)N=C(O)c1c[nH]c2ncc(-c3nn(CCCS(C)(=O)=O)c4ccc(OC(F)F)cc34)nc12,0.0069999999999999
4030,CS(=O)(=O)c1ccc(Cl)c(C#Cc2cc(Cl)ccc2OCC(=O)O)c1,0.0069999999999999
4031,CC(N)Cc1ccccc1,0.76833334
4032,O=C(O)CC1CCC(NC(=O)Cc2cccs2)B(O)O1,0.67
4033,COC(=O)NC(=S)Nc1ccccc1NC(=S)NC(=O)OC,0.427
4034,Cc1cccc(OCCCCCCN2CC(O)C(O)C(O)C2CO)c1,0.1999999999999999
4035,O=C(O)c1ccc(-c2ccc(OC3OC(CO)C(O)C(O)C3O)cc2)cc1,0.27
4036,CCN=C(O)OC1CCN(c2nncc3cc(OC)c(OC)cc23)CC1,0.0799999999999999
4037,Cc1cc2c(OCC(O)CNC(C)C)cccc2[nH]1,0.5022222222222222
4038,CC(CO)Nc1nc(SCc2cccc(F)c2F)nc2[nH]c(=O)sc12,0.003
4039,COc1cc2ccc(Br)cc2cc1C(c1cccc(C)c1)C(O)(CCN(C)C)c1cccc2c1OCO2,0.0
4040,COCC(=O)N1CCN(C(=O)C2CCC(Cn3c(=O)c4cc(OC)ccc4n(C)c3=O)CC2)CC1,0.06
4041,COc1ccc2c(c1)N(CCN1CCC(NCc3ccc4c(n3)NC(=O)CO4)CC1)C(=O)CC2,0.04
4042,CNCC(O)c1cccc(O)c1,0.3433333366666666
4043,Cn1cnc(S(=O)(=O)N2CC3C(C2)C3(CNC(=O)c2ccc(Cl)c(Cl)c2)CC2CC2)c1,0.02
4044,COC(=O)C(c1ccccc1Cl)N1CCc2sccc2C1,0.02
4045,CN(C)CCC1CCN(c2cc(C(=O)NCC3CCC(CNC(=O)OC(C)(C)C)CC3)c3ccccc3n2)CC1,0.034
4046,CNC(=O)c1ccccc1SC1=CC=C2C(C=Cc3ccccn3)=NN=C2C1,0.01
4047,c1ccc2c(N=c3cc(C4CC4)[nH][nH]3)nc(=NC3CCCCC3)[nH]c2c1,0.01
4048,N#CC1(NC(=O)C(Cc2ccc(OC(F)(F)F)c(Cl)c2)NC(=O)c2cnn(-c3ccc(F)nc3)n2)CC1,0.0148
4049,CN(CCO)S(=O)(=O)C(F)(F)C(F)(F)C(F)(F)C(F)(F)C(F)(F)C(F)(F)C(F)(F)C(F)(F)F,0.0803
4050,Cc1nc(NC(=O)N2CCCC2C(N)=O)sc1-c1ccnc(C(C)(C)C(F)(F)F)c1,0.1099999999999999
4051,Cc1cc(=Nc2[nH]c(=NC(C)c3ccc(F)cn3)c(C#N)cc2F)[nH][nH]1,0.0529999999999999
4052,CS(=O)(=O)c1ccc(-c2cnc(NCc3ccco3)n3cnnc23)cc1,0.13
4053,CC(C)C(ON=C(C(=O)NC1C(=O)N(OS(=O)(=O)O)C1(C)C)c1nsc(N)n1)c1cc(=O)c(O)cn1O,0.0027499999999999
4054,CC(C)(ON=C(C(O)=NC1C(=O)N(S(=O)(=O)O)C1CNC(O)=NCc1cc(=O)c(O)cn1O)c1csc(=N)[nH]1)C(=O)O,0.999975
4055,CC(C)(C)NC(=O)C1CCC2C3CC=C4C=C(C(=O)O)CCC4(C)C3CCC12C,0.0299999996666666
4056,CS(=O)(=O)N(CC(=O)NCC1CC1)c1cc(C(F)(F)F)ccc1Cl,0.0999999999999999
4057,Cc1ccc([N+](=O)[O-])cc1[N+](=O)[O-],0.0960099999999999
4058,CC(C)c1ccc(Cc2cc(C3SC(CO)C(O)C(O)C3O)ccc2Cl)cc1,0.003
4059,COc1cc2ccc(Br)cc2cc1C(c1ccccc1)C(O)(CCN(C)C)c1cccc2c1CCN2C,0.014
4060,COCCCN1CCC(NC(=O)c2cc(Cl)c(N)c3c2OCC3)CC1,0.7016666666666667
4061,C=CCOC(=O)c1ccccc1C(=O)OCC=C,0.96209
4062,CC(=O)Nc1cccc(-c2ccc(O)c(C(=O)O)c2)c1,0.0379999999999999
4063,OCC1C(O)C(O)C(O)CN1CCCCCCOC1CCCCCC1,0.29
4064,ClC(Cl)Cl,0.5672
4065,COCCCN1CCN(C2CCC(n3nc(-c4ccc5nc(Cc6ccccc6OC)[nH]c5c4)c4c(N)ncnc43)CC2)CC1,0.0329999999999999
4066,CC(Oc1ccc(Cl)cc1Cl)C(=O)O,0.0088749999999999
4067,O=S(=O)(Nc1ccc(C(F)(F)F)nc1)c1ccccc1C(F)(F)F,0.0084
4068,COc1ccc(N(Cc2cnccc2C)C2CCN(C(C)CCN=C(O)c3c(C)cc(F)nc3C)CC2)cc1,0.2099999999999999
4069,N=C(N)c1ccc(CNC(=O)C2CCN2C(=O)C(NCC(=O)O)C2CCCCC2)cc1,0.9160264583597884
4070,Cc1ccc(NC(=O)C2CC=CC3CCN(Cc4ccccc4F)C(=O)C32)cc1C(F)(F)F,0.008
4071,O=C1NC(=O)C(c2cnc3ccccn23)=C1c1cn2c3c(cc(F)cc13)CN(C(=O)N1CCCCC1)CC2,0.025
4072,Cc1cnc(NCC(F)(F)c2ccccc2)c(=O)n1CC(=O)NCCONC(=N)N,0.3299999999999999
4073,CCc1nc(=N)[nH]c(N)c1-c1ccc(Cl)cc1,0.1176999999999999
4074,Cc1ccccc1C1(C#N)CCN(Cc2cc(C(=O)O)c(=O)n3ccccc23)CC1,0.0379999999999999
4075,O=C(NCC1(N2CCN(c3ccccc3)CC2)CCOCC1)c1cccnc1Sc1ccccc1,0.022
4076,Cc1ccc(O)cc1,0.3259000000000001
4077,COc1ccc(C(=O)NCc2cc(C(C)C)no2)cc1OC1CCN(C)CC1,0.6699999999999999
4078,CC(O)CON=C(O)c1ncc2cncn2c1Nc1ccc(I)cc1F,0.0999999999999999
4079,c1ccc(Nc2nc3c(s2)CCc2n[nH]cc2-3)nc1,0.008
4080,CCN=C(O)Nc1ccc(-c2nc(N3CCOCC3)c3c(n2)C(C)(CCO)OC3)cc1,0.2199999999999999
4081,CC(N)CNc1nc(-c2ccncc2)cc2cnccc12,0.42
4082,CN1CCN(Cc2ccc(-c3cnc4[nH]cc(-c5ccc6[nH]ccc6c5)c4c3)cc2)CC1,0.017
4083,CCOC(=O)COc1cc(-n2ncc(C(F)(F)F)c(C)c2=O)c(F)cc1Cl,0.769
4084,O=C(O)c1cccnc1,0.7496666566666667
4085,CCOc1cc2oc(=O)n(CCC(=O)O)c2cc1Cl,0.042
4086,O=[N+]([O-])c1c(Cl)c(Cl)c(Cl)c(Cl)c1Cl,0.0025
4087,COc1ccc(N(Cc2cccc(C#N)n2)C2CCN(C(C)CCNC(=O)c3c(C)cc(Cl)nc3C)CC2)cc1,0.16
4088,CCN=C(O)Nc1cc(-c2nc(C(F)(F)F)cs2)c(-c2cncc(C(=N)NO)c2)cn1,0.35
4089,CCN(CC)C(=O)C(C)Oc1cccc2ccccc12,0.0025
4090,CCC(C(O)=NC(C=CC(=O)OC1CCC1)CC1CCN=C1O)n1cccc(NC(=O)c2cc(C)on2)c1=O,0.6699999999999999
4091,CC(=O)C1(O)CCC2C3CCC4=CC(=O)CCC4=C3C(c3ccc(N(C)C)cc3)CC21C,0.06
4092,CSc1nc(-c2ccc(F)cc2)c(-c2ccnc(NC(C)=O)c2)n1C,0.037
4093,COc1ccc(N2CCN(C(=O)C3CCCCC3C(O)=NC3(C#N)CC3)CC2)cc1,0.4599999999999999
4094,O=c1c2ccccc2c(Cc2ccc(Cl)cc2)nn1C1CCCNCC1,0.03
4095,COc1ccc(N(Cc2cnccc2C)C2CCN(C(C)CCNC(=O)c3c(C)ccnc3Cl)CC2)cc1,0.12
4096,O=C(O)C1CCN(c2ncc(C(O)=Nc3nc(-c4cccc(C(F)(F)F)c4F)cs3)cc2Cl)CC1,0.005
4097,c1ccccc1,0.48605
4098,O=P(O)(O)C(Cl)(Cl)P(=O)(O)O,0.6399999966666666
4099,CCCCNc1cccc(NC(=O)c2ccccc2Br)c1,0.03
4100,CC(C)Oc1ccc(Cl)c(C2CC(=O)C(Sc3cc(O)ccc3C#N)=C(O)C2)c1Cl,0.0009999999999998
4101,O=S(=O)(Nc1nnc2cc(OCC34CC5CC(CC(C5)C3)C4)c(C3CC3)cn12)C1CC1,0.0009999999999998
4102,Nc1ccc(C(=O)O)c(O)c1,0.3938333333333333
4103,OC(=Nc1ccc(Cl)c(Cl)c1)N1CCN(CC2CCCN(C3CC3)C2)CC1,0.05
4104,CC(COc1ccn(-c2ccc(F)cc2)c(=O)c1)Oc1ccccc1,0.18
4105,CN(C)C(=N)c1ccc(C(=O)Nc2ccccc2C(=O)Nc2ccc(Cl)cn2)cc1,0.27
4106,Cc1c(F)cccc1C(=O)Nc1cc(Cl)ccn1,0.2829999999999999
4107,O=c1[nH]c2ccccc2n1CCCN1CCN(C(c2ccccc2)c2ccccc2)CC1,0.0899999999999999
4108,COc1ccc(N(Cc2cccc(C#N)n2)C2CCN(C(C)CCNC(=O)c3c(C)cc(F)nc3C)CC2)cc1,0.2099999999999999
4109,CCN=C(O)Nc1ccc(-c2nc3c(c(N4CCOCC4C)n2)CN(c2cnccn2)CC3)cc1,0.03
4110,O=C(O)c1cc(Cc2ccc(Cl)cc2)c2ccccn2c1=O,0.0
4111,Nc1cnn(-c2ccccc2)c(=O)c1Cl,0.4373916666666667
4112,CCOP(=O)(OCC)Oc1ccc([N+](=O)[O-])cc1,0.46
4113,Nc1nc(O)c2ncn(C3OC(COP(=O)(O)OP(=O)(O)OP(=O)(O)O)C(O)C3O)c2n1,0.75
4114,CCCCN=C(O)N1Cc2[nH][nH]c(=NC(=O)C(C)c3ccc4ccccc4c3)c2C1,0.01
4115,OC(=Nc1cc(-c2cc3c([nH]2)C2(CCCNC2)CN=C3O)ccn1)c1ccc2ccccc2c1,0.004
4116,C[S+]([O-])CCN1C(=O)C(NC(=O)c2cc3cc(Cl)sc3[nH]2)Cc2ccccc21,0.0110999999999999
4117,O=C(CCl)Nc1ccccc1,0.401
4118,CCN=C(O)Nc1ccc(-c2nc(N3CCOCC3C)c3c(n2)C(C)(CCO)OC3)cc1,0.135
4119,CC1=C(C(=O)Nc2ccccc2)SCCO1,0.175
4120,CC(=O)c1c(C)c2cnc(Nc3ccc(N4CCNCC4)c[nH+]3)nc2n(C2CCCC2)c1=O,0.15
4121,NC(=O)C[N+]12CCC(CC1)C(OC(=O)C1(C3=CC=CC3)CCCCCC1)C2,0.18
4122,Fc1cccc(Cl)c1CSc1nnc(-c2ccco2)n1-c1ccc(OCc2ccccc2)cc1,0.05
4123,Cn1c([N+](=O)[O-])cnc1C(=O)NC1CCCCC1,0.06
4124,CNC(=O)Oc1cccc2c1OC(C)(C)O2,0.1970249999999999
4125,COc1nccnc1NS(=O)(=O)c1scc(Cl)c1Cl,0.025
4126,Cn1cc(-c2ccc(Cn3cc(C(=O)O)c(=O)c4sccc43)cc2)cn1,0.0659999999999999
4127,O=C(O)C(Cc1ccc2ccccc2c1)N=C(O)C1CCCN1S(=O)(=O)c1cc(Cl)cc(Cl)c1,0.004
4128,COc1ccnc(C2(C#N)CCN(Cc3cc(C(=O)O)c(=O)n4ccccc34)CC2)c1,0.217
4129,Cc1oc(=O)oc1COC(=O)C1=C(C2CCCO2)SC2C(C(C)O)C(=O)N12,0.787
4130,COCCOc1cc2c(-n3nc(-c4ccccn4)nc3N)ncnc2cc1OC,0.204
4131,c1ccc(C(OC2CCCN(CCc3ccc4c(c3)OCO4)C2)c2ccccc2)cc1,0.001107
4132,CCCCNC(=O)NS(=O)(=O)c1ccc(C)cc1,0.0466100003333333
4133,COc1ccc(CCN2CCC(Nc3nc4ccccc4n3Cc3ccc(F)cc3)CC2)cc1,0.0301428568095237
4134,COCCOc1cc2[nH]cc(C(=N)O)c(=Nc3ccc(F)cc3F)c2cc1N1CCN(C)CC1,0.4599999999999999
4135,COc1ccc(N2CCN(C(=O)C3CCCCC3C(O)=NCC#N)CC2)cc1,0.5
4136,NC(=O)OCC(N)Cc1ccccc1,0.837
4137,COCC1=C(C(=O)O)N2C(=O)C(NC(=O)C(=NOC)c3csc(N)n3)C2SC1,0.7366666666666667
4138,CC(C)C(ON=C(C(=O)NC1C(=O)N(OS(=O)(=O)O)C1(C)C)c1csc(N)n1)c1cc(=O)c(O)cn1O,0.0030999999999999
4139,CCn1c(C(C)NS(=O)(=O)c2ccc(C#N)nc2)nc2cnc(C3CC3)cc21,0.1899999999999999
4140,O=C(C(=O)N1CCN(C(=O)c2ccccc2)CC1)c1c[nH]c2c(-n3ccnn3)ncc(F)c12,0.047
4141,N#Cc1ccc(-c2ccc(CC(C#N)NC(=O)C3CNCCCO3)cc2)cc1,0.0899999999999999
4142,CC(=O)NCCn1c([N+](=O)[O-])cnc1C,0.8893
4143,C=C(C)C(=O)OCCC(F)(F)C(F)(F)C(F)(F)C(F)(F)C(F)(F)C(F)(F)F,0.026515
4144,COCCOC(=O)N(C)C1CCC(C(NS(=O)(=O)c2ccc(-c3ccc(OC)cc3)cc2)C(=O)O)CC1,0.023
4145,COc1cc2ccc(Br)cc2cc1C(c1ccccc1)C(O)(CCN(C)C)c1cccc2c1CCC2,0.0
4146,CCCNC(C)C(=O)Nc1c(C)csc1C(=O)OC,0.38
4147,CC(C)N(Cc1ccccc1)C(=O)c1ccc2ccccc2c1,0.0429999999999999
4148,Nc1nc(-n2cc(C(=O)O)c(=O)c3cc(F)c(N4CC(O)C4)c(Cl)c32)c(F)cc1F,0.16
4149,CC(c1ccc(F)cc1)N1C(=O)OC(Cc2ccccc2)(c2nc3c(C(F)(F)F)cccc3[nH]2)C1=O,0.002
4150,CC(O)C1C(=O)N2C(C(=O)O)=C(SC3CC(C(=O)N4CCC(N=C(O)CNC(=N)N)C4)N(C)C3)C(C)C12,0.9
4151,CON=C(O)N(Cc1ccsc1)C1CCN(C(C)CCN=C(O)c2c(C)cc(Cl)nc2Cl)CC1,0.53
4152,CCN(CC)CCCC(C)N=c1c2ccc(Cl)cc2[nH]c2ccc(OC)cc12,0.1029999999999999
4153,CC(CO)Nc1nc(SCc2cccc(F)c2F)[nH]c2nc(=N)[nH]c1-2,0.023
4154,CC(C)C1(C)SC(NC2CC3CCC2C3)=NC1=O,0.15
4155,C=CC(=O)Nc1ccc(S(=O)(=O)N2CCNCC2)cc1,0.04
4156,CC(=O)N1CCC(N=C(O)NC23CC4CC(CC(C4)C2)C3)CC1,0.5
4157,Cc1noc(C)c1S(=O)(=O)N=c1c(N2CCC(c3ccccc3)CC2)c(O)c1=O,0.005
4158,CCCCN(CC)C(=O)SCCC,5.3600000000000004e-08
4159,CC(CO)Nc1cc(NS(=O)(=O)c2cn(C)cn2)nc(SCc2cccc(Cl)c2F)n1,0.019
4160,CC(C)NCc1c(C(O)=NC2CCCC(O)C2)noc1-c1ccc(C(F)(F)F)cc1,0.5
4161,CCCCCOc1ccc(C(=O)c2cccc3ccccc23)c2ccccc12,0.01
4162,O=C(O)c1ccc(-c2ccc(Cl)c(OC3OC(CO)C(O)C(O)C3O)c2)cc1,0.13
4163,CN(C(=O)CS(C)(=O)=O)C1CCCn2c1nc(C(O)=NCc1ccc(F)cc1)c(O)c2=O,0.3
4164,CCCCC(CC)CN1C(=O)C2C3C=CC(C3)C2C1=O,0.0025
4165,CC(O)C1C(=O)N2C(C(=O)O)=C(SCCN=CN)CC12,0.8444444477777778
4166,O=C(NCC(O)CN1CCC(Oc2ccc(Cl)c(Cl)c2)CC1)c1c[nH]nc1C(F)(F)F,0.02
4167,CSc1nc(N2CC3C(C2)C3C(=O)O)ccc1C(=O)NC12CC3CC(CC(C3)C1)C2,0.0109999999999998
4168,CCOC(=O)C1(c2ccccc2)CCN(CCC(C#N)(c2ccccc2)c2ccccc2)CC1,0.15
4169,O=C1N=S(=O)(NCc2ccccc2)c2ccccc21,0.12
4170,COC(=O)c1ccc2c(C(=Nc3ccc(N(C)C(=O)CN4CCN(C)CC4)cc3)c3ccccc3)c(O)[nH]c2c1,0.04
4171,Clc1ccc(CCCOCCCN2CCCCC2)cc1,0.0649999999999999
4172,N#CC1(c2ccccc2)CCN(Cc2cc3c(c4ccccc24)CN(C2CCCCC2O)C3=O)CC1,0.0109999999999998
4173,Cc1cn(Cc2ccc(Cl)cc2Cl)c2c(-c3cc(NS(=O)(=O)c4ccc(F)c(F)c4)no3)cc(F)cc12,0.0159999999999999
4174,CC(Oc1ccc(Oc2cnc3ccc(Cl)cc3n2)cc1)C(=O)O,0.0036
4175,C1CCC(C(CC2CCCCN2)C2CCCCC2)CC1,0.0899999999999999
4176,O=C(Nc1ccc(F)cn1)c1cc(Oc2cncc(F)c2)cn2cnnc12,0.0999999999999999
4177,CCOc1cc2[nH]cc(C(=N)O)c(=Nc3cccc(Cl)c3Cl)c2cc1N1CCN(C(=O)CO)CC1,0.16
4178,CC(C)NCC(O)COc1ccc(CCOCC2CC2)cc1,0.4580555555555555
4179,CCN=C(O)Nc1nc2cc(-c3ccc(OC)nc3)c(=O)n(C(C)C)c2s1,0.05
4180,COc1cc2c(Nc3ccc(Cl)c(Cl)c3F)ncnc2cc1OCC1CC2CN(C)CC2C1,0.0339
4181,N#Cc1cc(S(=O)(=O)Nc2ncns2)ccc1Oc1ccc(-c2cccc(C(F)(F)F)c2)cc1-c1ccnc(CNCCC2CCNCC2)c1,0.005
4182,O=C(N=c1c(Cl)cn(O)cc1Cl)c1ccc(OC(F)F)c(OCC2CC2)c1,0.03
4183,O=C(Cn1cnc([N+](=O)[O-])n1)Nc1ccc(N2CCCCC2)cc1,0.2329999999999999
4184,CNC(C)C(O)=NC1CCCC2CC3CCN(C(=O)Oc4ccccc4)CC3N2C1=O,0.51
4185,OCC1C(O)C(O)C(O)CN1CCCCCCOCc1ccccc1,0.48
4186,CC1NC(=O)C(C(C)C)OC(=O)C(CO)(CO)C=Cc2ccc3ccc(nc3c2)C(C)NC(=O)C2CCCN(N2)C1=O,0.6599999999999999
4187,CC(C(=O)OC1C[N+]2(CCc3cccc(Br)c3)CCC1CC2)(c1ccccc1)N1CCCCC1,0.0259999999999999
4188,O=C(O)COc1ccc(Cl)cc1Cl,0.0382933333333333
4189,CC(C)(C)c1ncc(CSc2cnc(NC(=O)C3CCNCC3)s2)o1,0.37
4190,O=C(CN1CCCCC1)Nc1ccc2oc(-c3ccco3)nc2c1,0.17
4191,O=C1NS(=O)(=O)c2ccccc21,0.37
4192,CC1(C#N)CN(c2cc(COc3ccc(F)c(F)c3F)nc(-c3ccccn3)n2)C1,0.0479999999999999
4193,Cc1cccc(Nc2cc(NC3CCCCC3N)nnc2C(N)=O)n1,0.0959999999999999
4194,CCN=C(O)Nc1cc(-c2nc(C(F)(F)F)cs2)c(-c2cncc(-c3nn[nH]n3)c2)cn1,0.14
4195,CC(C(=O)OC1C[N+]2(CC(O)=Nc3cncc(Cl)n3)CCC1CC2)(c1cccs1)N1CCCCC1,0.0289999999999999
4196,Oc1[nH]cnc2nncc1-2,0.9824944511111112
4197,CCCCC(CC)COC(=O)c1ccc(N(C)C)cc1,2.7700000000000003e-08
4198,O=C(CC1C(=O)Nc2ccccc2N1S(=O)(=O)c1ccc(Cl)c(Cl)c1)NCCc1ccc(C2=NCCN2)cc1,0.64
4199,Nc1ccc(C(=O)O)cc1,0.7329999999999999
4200,Nc1ccccc1,0.7197999999999999
4201,CN1CCN(c2nc(=N)[nH]c3c2CCc2ccccc2-3)CC1,0.2199999999999999
4202,CC(Cl)(Cl)Cl,0.6658
4203,NC1c2cccnc2C(OC(=O)N2CCC(n3c(O)nc4ncccc43)CC2)CCC1c1cccc(F)c1F,0.069
4204,O=C(O)C1=Cc2cc(S(F)(F)(F)(F)F)cc(Br)c2OC1C(F)(F)F,0.0004999999999999
4205,COc1cc2c(ccc(=O)n2CCN2CCC(NCc3cc4c(cn3)OCCO4)CC2)cn1,0.17
4206,CC(C)(C)CN1CCC2(CC1)CN(c1ccccc1N=C(O)Nc1nc3ccc(Cl)nc3s1)c1c(O)ccc(Cl)c12,0.0069999999999999
4207,Cc1[nH]c(C(O)=NC2CCN(c3ncc(C(=O)O)s3)CC2S(C)(=O)=O)c(Cl)c1Cl,0.13
4208,CC(CO)Nc1ncc2c(n1)CN(C(=O)NC(C)c1ccc(Cl)c(Cl)c1)CC2,0.03
4209,CC1=C(C(=O)O)N2C(=O)C(N=C(O)C(N)c3ccc(O)cc3)C2SC1,0.5545
4210,Cc1cnc(C(=O)O)c[n+]1[O-],0.9800000066666666
4211,COC(O)=C1C(C)=NC(C)=C(C(=O)OCCN(C)Cc2ccccc2)C1c1cccc([N+](=O)[O-])c1,0.02
4212,CC1(C)C(C=C(Cl)Cl)C1C(=O)OCc1cccc(Oc2ccccc2)c1,0.00250000945
4213,COc1cc(NC(C)CCCN)c2ncccc2c1,0.1999999999999999
4214,CC(Nc1ncc(Br)c(Nc2cc(C3CC3)[nH]n2)n1)c1ccc(F)cc1,0.01
4215,COc1cc2ncnc(Nc3ccc(F)c(Cl)c3)c2cc1NC(=O)C=CCN1CCCCC1,0.0301999999999999
4216,CNc1cc(Nc2cnc(C#N)c(OC(C)CN(C)C)n2)ncc1-c1cnn(C)c1,0.3
4217,Cc1cc(C(C)(O)C#Cc2cc3c(cc2F)C2CC(C2)n2cc(C(N)=O)nc2-3)no1,0.0899999999999999
4218,O=C(OC1C[N+]2(CC(O)=Nc3cnccn3)CCC1CC2)C1(C2=CC=CC2)CCCCCC1,0.0749999999999999
4219,CC(=O)N1CCN(CCOc2ccc(-c3cccc4c(=O)cc(N5CCOCC5)oc34)c3sc4ccccc4c23)CC1,0.0048999999999999
4220,CC(C)(O)C1CCN(Cc2ccc3nc(-c4c(F)ccc5[nH]ccc45)nc(N4CCOCC4)c3n2)CC1,0.14
4221,C=CN1CCCC1=O,0.953
4222,OCCOCCN1CCN(C2=Nc3ccccc3Sc3ccccc32)CC1,0.17
4223,Cc1nc(C2CCN(C(=O)C3CC(C)(N)CC3c3ccc(F)cc3F)CC2)n(-c2ccc(F)c(Cl)c2)n1,0.2049999999999999
4224,O=C1CN=C(c2ccccc2)c2cc(I)ccc2N1,0.0059999999999998
4225,O=C(c1ccccc1)c1ccccc1,0.065415
4226,CCCC1(C(=O)c2cc(F)c3[nH]ccc3c2)CCCN1,0.36
4227,CC(=O)CC(c1ccc([N+](=O)[O-])cc1)c1c(O)c2ccccc2oc1=O,0.0125
4228,N#CCN=C(O)C1CCCCC1C(=O)N1CCN(c2ccccc2)CC1,0.5
4229,CCS(=O)(=O)c1ccc(CC(=O)Nc2cc(-c3cc(C#N)cc(F)c3OC)cs2)cc1,0.0017
4230,Cc1cccc2nc(C(O)=NC3CCC(NC(=O)c4cc(F)cnc4Oc4cccc(-c5ccc(CN6CCC(N7CCCC7)CC6)cc5)c4)CC3)cn12,0.02
4231,Cc1c(N)nc(C(CC(N)=O)NCC(N)C(N)=O)nc1C(=O)NC(C(=O)NC(C)C(O)C(C)C(=O)NC(C(=O)NCCc1nc(-c2nc(C(=O)NCCC[S+](C)C)cs2)cs1)C(C)O)C(OC1OC(CO)C(O)C(O)C1OC1OC(CO)C(O)C(OC(N)=O)C1O)c1c[nH]cn1,0.9225
4232,CCCC(NC(C)C(=O)N1C(C(=O)O)CC2CCCCC21)C(=O)OCC,0.4000000033333333
4233,Cc1ccc(NC(=O)C2CCCN(C(=O)c3c(C)cccc3F)C2c2ccc(NC3CCCC3)cc2)cc1C(F)(F)F,0.0009999999999998
4234,OCC1C(O)C(O)C(O)CN1CCCCCCOc1cccc(F)c1,0.2199999999999999
4235,Cc1[nH]c(=N)ccc1CN=C(O)Cn1c(C)cc2c(c1=O)NCN(CC1CC1)S2(=O)=O,0.5
4236,COCCOc1ccc(N(Cc2cnccc2C)C2CCN(C(C)CCNC(=O)c3c(C)cc(C#N)nc3C)CC2)cc1,0.0799999999999999
4237,OC(=NC1CCCCC1)N1CCC(c2nc(-c3ccc4ccccc4n3)no2)CC1,0.005
4238,Cn1nnnc1SCC1=C(C(=O)O)N2C(=O)C(NC(=O)CSCC#N)C2SC1,0.2433333333333332
4239,O=C1C(O)=C(O)OC1C(O)CO,0.84333334
4240,Clc1ccc(-c2ccc(Cl)c(Cl)c2)cc1Cl,0.0
4241,CC1COc2c(C3(N)CC3)c(F)cc3c(=O)c(C(=O)O)cn1c23,0.79
4242,COc1nn(CSP(=S)(OC)OC)c(=O)s1,0.268125
4243,Cc1c(CN2CCOCC2)cc(-c2ccc(C(C)C)cc2)n1-c1ccc(F)cc1,0.0009999999999998
4244,CN(C)NN=C1N=CN=C1C(N)=O,0.975
4245,CC1(CS(=O)(=O)N2CCN(c3ncc(OCc4ccc(C(F)(F)F)o4)cn3)CC2)NC(=O)NC1=O,0.06
4246,COC(=O)N1CC2(CC2)CC(C(O)=NO)C1C(=O)N1CC=C(c2ccccc2)C1,0.3399999999999999
4247,NC(Cn1c(=O)cnc2ccc(F)cc21)C1CCC(NCc2ncc3c(n2)NC(=O)CO3)CC1,0.73
4248,Cn1cnc(S(=O)(=O)N2CC3C(C2)C3(CN=C(O)c2ccc(Cl)cc2Cl)CC2CC2)c1,0.05
4249,O=C(O)C1CC(Sc2cccc(Cl)c2)CN1,0.16
4250,COc1ccc(CN2CCOC(COc3cccc(F)c3)C2)cc1Cl,0.0059999999999998
4251,COc1ccc(-c2ccc(S(=O)(=O)NC(C(=O)O)C3CCCC(N4CCOC4=O)C3)cc2)cc1,0.024
4252,CCOc1ccc2ccccc2c1C(=O)NC1C(=O)N2C1SC(C)(C)C2C(=O)O,0.118829365079365
4253,CC1(O)CCN(c2nc(N3CC(O)C(O)C3)cc(C(F)(F)F)c2C#N)C1,0.13
4254,CC(C)NCC(O)COc1ccc(COCCOC(C)C)cc1,0.7011250025
4255,CC(C)Cc1sc(=N)[nH]c1-c1ccc(P(=O)(O)O)o1,0.0699999999999999
4256,COc1cccc(N=c2c(C(=N)O)c[nH]c3c(C)cc(S(=O)(=O)c4cccc(C(=O)N(C)C)c4)cc23)c1,0.015
4257,Cn1cnc2c1c(=O)[nH]c(=O)n2C,0.955
4258,COc1nc(Nc2cccc3c2nc(-c2ccc(F)cc2)n3C)ccc1-n1cnc(C)c1,0.0012999999999999
4259,CC(C)Nc1ccc(NC(C)C)c2c1C(=O)c1ccccc1C2=O,0.00728
4260,CC(C)(CO)CNCc1c(C(=O)NC2CCCC(O)C2)noc1-c1ccc(C(F)(F)F)cc1,0.361
4261,O=C(O)C=Cc1ccc(NC(=O)C2(NC(=O)c3ccc4c(c3)nc(-c3ccccn3)n4C3CCCCC3)CCCC2)cc1,0.1240000000000001
4262,CCOC(=O)c1cc(C#N)c(N2CCN(C(O)=NS(=O)(=O)c3ccc(Cl)s3)C(CCC(=O)O)C2)nc1C(F)(F)F,0.015
4263,COc1nc(C)nc(NC(=O)NS(=O)(=O)c2ccccc2OCCCl)n1,0.023
4264,CCNC(=NS(=O)(=O)c1cccc(Cl)c1)N1CC(C)(C)C=N1,0.37
4265,CCCN(CC)CC1COC2(CCC(C(C)(C)C)CC2)O1,0.0051
4266,Cc1ccc(CSc2nnc(-c3ccccn3)n2Cc2ccco2)cc1C(F)(F)F,0.005
4267,Cc1nnc(Nc2ncnc3ccc(-c4cccc(N5CCOCC5)c4)cc23)nc1C,0.059
4268,CCOC(=O)C(CCc1ccccc1)NC1CCc2ccccc2N(CC(=O)O)C1=O,0.0373333330833332
4269,CNc1nc(Nc2cnn(C3CCN(C4COC4)CC3F)c2Cl)ncc1C(F)(F)F,0.179
4270,C[Si]1(C)CCN(NCc2cc(-c3ccc(Cl)cc3)n(-c3ccc(Cl)cc3)n2)CC1,0.0069
4271,CC(=O)N1CCC(C(=O)N(CCCN2CCC(Cc3ccc(C(N)=O)cc3)CC2)c2ccc(C)c(Cl)c2)CC1,0.47
4272,CSc1ccc(-c2cc(CN3CCOCC3)c(C)n2-c2ccc(F)cc2)cc1,0.004
4273,COc1cc(OC)cc(N(CCNC(C)C)c2ccc3ncc(-c4cnn(C)c4)nc3c2)c1,0.002
4274,N#Cc1cc(S(=O)(=O)Nc2ccc(F)cn2)ccc1Oc1ccc(CO)c(Cl)c1,0.0082999999999999
4275,c1ccc(C2(N3CCCCC3)CCCCC2)cc1,0.3274805530555555
4276,O=C(Nc1cc(-c2cc3c([nH]2)C2(CCNC2)CNC3=O)ccn1)c1ccc2ccccc2c1,0.002
4277,Cc1ccccc1C(=O)Nc1ncccn1,0.024
4278,COc1ccc(OC)c(-n2cc(C(=O)O)c(=O)c3cc(F)c(N4CCNCC4)cc32)c1,0.69
4279,Cc1ccc(-c2ccc(N)nn2)cc1NC(=O)c1ccc(OCc2ccccn2)cc1,0.052
4280,[NH3+]C(CC(=O)N1CC[NH+]2C(=NN=C2C(F)(F)F)C1)Cc1cc(F)c(F)cc1F,0.62
4281,COc1ccc(-c2ccc(S(=O)(=O)NC(C(=O)O)C3CCC(N(C)C(=O)N4CCOCC4)CC3)cc2)cc1,0.045
4282,CN(C)CCC=C1c2ccccc2COc2ccc(CC(=O)O)cc21,0.4499999999999999
4283,CN(C)C(=O)c1cc(F)ccc1CNC(=O)c1nc(N2CCCCS2(=O)=O)c2cccnc2c1O,0.0999999999999999
4284,CNc1ncc(-c2ccc3c(=O)c(C(=O)O)cn(C4CC4)c3c2C)cc1C,0.175
4285,COc1cc(N2CCN(C(=O)C3CCCCC3C(O)=NC3(C#N)CC3)C(C)C2)ccc1C1CC1,0.0809999999999999
4286,OCC1OC(Oc2ccc(-n3ccc4ccccc43)cc2Cl)C(O)C(O)C1O,0.02
4287,O=C(OC1C[N+]2(Cc3nc4ccccc4o3)CCC1CC2)C1(C2=CC=CC2)CCCCCC1,0.023
4288,CN1CCN(c2cc(-c3ccc(C#N)cc3)[nH]c(=N)n2)CC1,0.65
4289,CC(C)(C)OC(=O)NCC1CCC(CNC(=O)c2cc(-c3cccc(CN)c3)nc3ccccc23)CC1,0.014
4290,CC1COCCN1c1nc(-c2ccc(Nc3cccc(O)n3)cc2)nc2c1COC2(C)C,0.02
4291,CC1CCCN1CCCOc1ccc(-c2cn[nH]c(=O)c2)cc1,0.8
4292,O=C(NC1CCC(c2cccc(F)c2F)CN(CC(F)(F)F)C1=O)N1CCC(n2c(O)nc3ncccc32)CC1,0.0409999999999999
4293,O=C(Cn1cnc([N+](=O)[O-])n1)Nc1cccc(-c2ccccc2)c1,0.028
4294,NCC1CCC([NH3+])C(OC2C(N)CC(NC(=O)C(O)CC[NH3+])C(OC3OC(CO)C(O)C(N)C3O)C2O)O1,0.92
4295,CN(C)c1cc(NC(=O)CNC(C)(C)C)c(O)c2c1CC1CC3C(N(C)C)C(=O)C(C(N)=O)=C(O)C3(O)C(=O)C1=C2O,0.1999999999999999
4296,CCNC(C)Cc1cccc(C(F)(F)F)c1,0.6566666766666667
4297,Cc1ccc(NC(=O)c2ccc3c(c2)OC(F)(F)O3)cc1C(=O)Nc1cnc(Nc2ccc(N3CCN(C)CC3)cc2)nc1,0.042
4298,CNC(=O)Oc1cccc2c1OC(C)(C)C2,0.4213
4299,CNC(C)C(=O)NC(C(=O)N1CCCC1C(=O)Nc1snnc1-c1ccccc1)C1CCCCC1,0.245
4300,Cc1cc(C)c2cc(C(=O)NC3CN(c4ccc(C(F)(F)F)nc4)C3)ccc2n1,0.005
4301,CC(C)(C)CC(C)(C)c1ccc(O)c(-n2nc3ccccc3n2)c1,0.01115
4302,Cc1ccc(CN2CCC(N3CCC(c4ccc(O)cc4)C(F)C3)C2=O)cc1,0.06
4303,Cc1ccc(-c2ccc(C)cn2)nc1,0.082
4304,N#CC1CC2CC2N1C(=O)C(N)C12CC3CC(CC(O)(C3)C1)C2,0.85555
4305,CCc1ccc(C(=O)C(C)CN2CCCC2)cc1,0.24
4306,Cc1c(C)c2ccc(OCCCN3CCN(Cc4ccc(Cl)cc4)CC3)cc2oc1=O,0.05
4307,CC(O)C1C(=O)N2C(C(=O)O)=C(SC3CNC(C(=O)N(C)C)C3)C(C)C12,0.920396832063492
4308,COc1ccc(-c2ccc(S(=O)(=O)NC(C(=O)O)C3CCC(N(Cc4ccccc4)C(C)=O)CC3)cc2)cc1,0.015
4309,C[Si]1(C)CCN(C(=O)c2cc(-c3ccc(Cl)cc3)n(-c3ccc(Cl)cc3)n2)CC1,0.0001000000000001
4310,CC(Nc1cccc(Cl)c1F)c1cc(C(=O)N(C)C)cc2c(=O)cc(N3CCOCC3)oc12,0.15
4311,Cc1ccc(-c2[nH]cnc2C)cc1NC(=O)c1ccc(OCc2ccccn2)cc1,0.0629999999999999
4312,CCN=C(O)Nc1cc(-c2nc(C(F)(F)F)cs2)c(-c2cncc(C#N)c2)cn1,0.059
4313,CC1(C)CCc2c(C(=O)Nc3cnn(C(c4ccccc4)C4CCS(=O)CC4)c3)n[nH]c2C1,0.06
4314,Cc1ccc([N+](=O)[O-])cc1N,0.182
4315,Cn1nc(-c2cnc(N)c(-c3cn[nH]c3)n2)nc1C1(c2ccccc2)CC1,0.39
4316,Cc1ccc(C2CC(C(F)F)n3ncc(C(=O)NCc4ccc(F)cc4)c3N2)nc1,0.0429999999999999
4317,N#Cc1ccc2ccc(=O)n(CCN3CCC(NCc4cc5c(cn4)OCCO5)C(O)C3)c2c1,0.2149999999999999
4318,COC1(NC(=O)C2SC(=C(C(N)=O)C(=O)O)S2)C(=O)N2C(C(=O)O)=C(CSc3nnnn3C)CSC21,0.153
4319,CC1(C)SC2C(NC(=O)C(N)c3ccc(Cl)cc3)C(=O)N2C1C(=O)O,0.4499999966666666
4320,COc1ccc(NC(=O)c2ccc(C(=N)N(C)C)cc2)c(C(O)=Nc2ccc(Cl)cn2)c1,0.6000000000000001
4321,Cc1ccc([N+](=O)[O-])cc1,0.2659
4322,Cc1nccnc1-c1ccc(CC(O)=NC(C)c2ccc(OCC(F)(F)F)cn2)cc1,0.032
4323,OCC(Nc1ncc(Cl)c(N=c2cc(C3CC3)[nH][nH]2)n1)c1ccc(F)cc1,0.044
4324,Cc1cc(C=CC#N)cc(C)c1N=c1ccnc(Nc2ccc(C#N)cc2)[nH]1,0.01
4325,N=C(NCCCOc1ccc(F)cc1)Nc1ccc(Cl)cc1,0.0659999999999999
4326,CC1(N)CC(C(=O)N2CCC(c3ccnn3-c3ccc(F)c(Cl)c3)CC2)C(c2ccc(F)cc2F)C1,0.0649999999999999
4327,Cc1n[nH]c(C)c1NC(=O)OCC(Oc1cccc2sc(C(=N)N)cc12)c1ccccc1,0.05
4328,CCOc1c(C)nc2ccccc2c1C(=O)NC1C(=O)N2C1SC(C)(C)C2C(=O)O,0.25833333
4329,Cc1cccnc1NS(=O)(=O)c1ccc(C#Cc2ccc(O)c(C(=O)O)c2)cc1,0.24
4330,CC1(C)C(C=C(Cl)Cl)C1C(=O)OC(C#N)c1ccc(F)c(Oc2ccccc2)c1,1.82e-08
4331,COCCOC(=O)N(C)C1CCCC(C(NS(=O)(=O)c2ccc(-c3ccc(OC)cc3)cc2)C(=O)O)C1,0.024
4332,CC(C)(ON=C(C(O)=NC1CN(C(O)=NS(=O)(=O)N2CCN(N=C(O)c3cc(=O)c(O)c[nH]3)C2=O)C1=O)c1csc(=N)[nH]1)C(=O)O,0.29
4333,O=C(NC1CCCCC1O)c1cc(CN2CCN(c3cc4scnc4cn3)CC2)c2ccccn2c1=O,0.0819999999999999
4334,Cc1ccc(N=C(O)c2cccc(N3CCOCC3)c2)cc1NC(=O)c1ccc(OCc2ccccn2)cc1,0.037
4335,NC(=O)c1cc(Cl)c2c(Cl)c(C3CC3)n(C3CCCNC3)c2n1,0.01
4336,COc1ccc(C(=O)OC(Cc2c(Cl)c[n+]([O-])cc2Cl)c2ccc(OC(F)F)c(OCC3CC3)c2)cc1NS(C)(=O)=O,0.0024999999999999
4337,COC1CN(c2nc(-c3cncc(NCCN4CCN(C)CC4)n3)c(C(=O)O)s2)CCC1N=C(O)c1[nH]c(C)c(Cl)c1Cl,0.027
4338,CC1(C)C(=CC=CC=CC=CC2=[N+](CCCCS(=O)(=O)O)c3ccc4ccccc4c3C2(C)C)N(CCCCS(=O)(=O)O)c2ccc3ccccc3c21,0.05
4339,CC(C)Oc1cc(-n2cnc3cnc(NC(C)c4ncc(F)cn4)nc32)[nH]n1,0.31
4340,CC(C)N(C(=O)SCC(Cl)=C(Cl)Cl)C(C)C,0.0025
4341,O=S(=O)(Nc1cccc(CCc2ccccn2)c1)c1cc(Cl)ccc1Cl,0.0999999999999999
4342,N#CC(C#N)=C(Nc1cccc2c(Cl)c[nH]c12)NC1CCCCN(CC(=O)N2CCCC2)C1=O,0.12
4343,CCc1ccc(N(CC(C)C)S(=O)(=O)c2ccc(OCC3CCOCC3)c(S(C)(=N)=O)c2)cc1,0.0484999999999999
4344,O=[N+](O)OC1COC2C(O)COC12,0.985
4345,CC(Nc1ccc2ncn(-c3cc(C4CC4)[nH]n3)c2n1)c1ncc(F)cn1,0.16
4346,CNC(=O)c1cc(S(=O)(=O)N2CCSC2C(=O)OC(Cc2c(Cl)c[n+]([O-])cc2Cl)c2ccc(OC(F)F)c(OCC3CC3)c2)cn1C,0.0015999999999999
4347,Cc1cc(N=c2nc(-c3ccc(F)cc3)[nH]c3ccccc23)n[nH]1,0.01
4348,O=C(NCc1ccc(F)cc1)c1cnn2c1NC(c1ccc(OC3COC3)cc1)CC2C(F)(F)F,0.027
4349,CC(C)(CCCCCC(O)CCCCCC(C)(C)C(=O)O)C(=O)O,0.0085
4350,O=C(O)CCCCC1SCC2NC(=O)NC21,0.8000000033333334
4351,CC(C(=O)OC1CC[N+](C)(C)C1)(c1ccccc1)C1CCCC1,0.2299999999999999
4352,CC1OC(OCC2OC(Oc3c(-c4ccc(O)c(O)c4)oc4cc(O)cc(O)c4c3=O)C(O)C(O)C2O)C(O)C(O)C1O,0.15
4353,CC(c1nnc(-c2cccc(F)c2)o1)N1CC(C)(C)C(Oc2ccc(C#N)c(C(F)(F)F)c2)C1=O,0.0082749999999999
4354,OCC(O)=NC1CCN(Cc2ccc(Oc3nc4ccccc4s3)cc2)CC1,0.05
4355,CCNC(=O)Nc1ccc(-c2nc(N3CC4CCC(C3)O4)c3c(n2)C(C)(CCO)OC3)cc1,0.27
4356,CCCCCC(O)C=CC1C(O)CC(=O)C1CC=CCCCC(=O)O,0.27
4357,COC1C=COC2(C)Oc3c(C)c(O)c4c(O)c(c(C=NN5CCN(C)CC5)c(O)c4c3C2=O)NC(=O)C(C)=CC=CC(C)C(O)C(C)C(O)C(C)C(OC(C)=O)C1C,0.2158999999999999
4358,C=CCC1(C(C)CCC)C(=O)N=C(S)NC1=O,0.854
4359,CCCC(N)C(=O)NC1C(=O)N2C1SC(C)(C)C2C(=O)O,0.6700000066666667
4360,CC(O)C1C(=O)N2C(C(=O)O)=C(COC(N)=O)SC12,0.64
4361,CCc1c(CCCC(=O)O)cccc1-c1nsc(-c2ccc(OC(C)C)c(C#N)c2)n1,0.0020999999999999
4362,CCC(C)OC(=O)N1CCCCC1CCO,0.2841
4363,CN1CC(Cn2nc(-c3cnc4[nH]cc(C(O)=NC(C)(C)C)c4n3)c3cc(OC(F)F)ccc32)C1,0.0109999999999998
4364,CC(=O)N1CCCc2ccc(NC(=O)c3ccccc3Br)cc21,0.01
4365,CC(C)n1nc(-c2cnc(N)c(OC(F)(F)F)c2)cc1C1C2CN(C3COC3)CC21,0.1755
4366,CC(COc1ccc(Oc2ccccc2)cc1)Oc1ccccn1,0.003
4367,O=CC(O)C(O)C(O)C(O)CO,0.7
4368,Cc1c(C(=O)N2CCOc3ccc(-c4ccc(=N)[nH]c4)cc3C2)ccc(S(C)(=O)=O)c1F,0.14
4369,COc1ccc(C(F)(F)F)cc1COc1ccc(CCC(=O)O)cc1C,0.0009999999999998
4370,C=CC(=O)N1CCCC(n2nc(-c3ccc(Oc4ccccc4)cc3)c3c(N)ncnc32)C1,0.0290875
4371,NCCS(=O)(=O)O,0.8
4372,NCCCNCCSP(=O)(O)O,0.9599999933333332
4373,CN1CCN(c2ccc3[nH]c(=N)n(CC(O)c4ccc(C(F)(F)F)cc4Cl)c3n2)CC1,0.2339999999999999
4374,O=C(NCc1ccc(S(=O)(=O)c2cccc(C(F)(F)F)c2)cc1)c1cc2cnccc2[nH]1,0.0059999999999998
4375,CN(C)Cc1nccn1-c1ccc(N2CCC(NS(=O)(=O)CCc3ccc(Cl)s3)C2=O)c(F)c1,0.0659999999999999
4376,CC(CO)Nc1nc(SCc2ccco2)nc2nc(O)sc12,0.018
4377,CS(=O)(=O)c1ccc(C(CC2CCCC2)C(O)=Nc2cnc(C(O)CO)cn2)cc1Cl,0.0999999999999999
4378,Cc1ncsc1C(=O)N1CCCCC1c1nc(N(C)C)ncc1-c1cccc(Cl)c1,0.826
4379,Cc1c(-c2ccc(-n3cccc3)cc2)[nH]c2cc(F)cc(F)c2c1=O,0.039
4380,CCC(C)N(C)C(=O)c1cc2ccccc2c(-c2ccccc2Cl)n1,0.01612
4381,CCOc1cc(C(CS(C)(=O)=O)N2C(=O)c3cccc(NC(C)=O)c3C2=O)ccc1OC,0.2099999999999999
4382,CN1CCc2nc(C(=O)NC3CC(C(=O)N(C)C)CCC3NC(=O)c3cc4cc(Cl)ccc4[nH]3)sc2C1,0.28
4383,CCN1CCCC1CNC(=O)c1cc(S(=O)(=O)CC)ccc1OC,0.84
4384,O=c1[nH]cnc2[nH]ncc12,0.985
4385,CCC(C)(CCN1CCOCC1)N(Cc1cc2ccccc2n(C)c1=O)C(=O)C1CCCCC1,0.2566666666499999
4386,CN1Cc2cccc(Oc3ncccc3N=C(O)Nc3ccc(OC(F)(F)F)cc3)c2C1C(C)(C)C,0.003
4387,N#Cc1cc(F)c(NS(=O)(=O)c2c[nH]c3cc(Cl)ccc23)cc1F,0.94
4388,CCN=C(O)Nc1ccc(-c2nc(N3CC4CCC(C3)O4)c3c(n2)C(C)(CCO)OC3)cc1,0.27
4389,Cc1cc(-n2cnc3ccc(=NC(C)c4ncc(F)cn4)[nH]c32)n[nH]1,0.39
4390,Clc1ccc(Cl)c(-c2c(Cl)ccc(Cl)c2Cl)c1Cl,0.0
4391,CC(C)N(Cc1ccccc1)C(=O)C(C)(C)C,0.2267
4392,N=c1nc(O)c2c([nH]1)NCC(CNc1ccc(C(=O)NC(CCC(=O)O)C(=O)O)cc1)N2C=O,0.087
4393,O=c1n(CC2CO2)c(=O)n(CC2CO2)c(=O)n1CC1CO1,0.402
4394,O=C(O)c1ccc(Oc2ccc(CN3CCC(N4C(=O)N(C5CCOCC5)CC4c4ccccc4)CC3)cn2)cc1,0.0819999999999999
4395,CCCNC(C)C(=O)Nc1ccccc1C,0.6089583366666668
4396,Cc1ccnc(NC(=O)c2ccccc2C)c1,0.299
4397,Nc1c(C(=O)NCC(O)(CN(CCO)C(=O)c2c(F)cccc2F)C(F)(F)F)cnn1-c1ccc(F)cc1,0.3199999999999999
4398,CC1C(N=C(O)C(=NOC(C)(C)C(=O)O)c2csc(=N)[nH]2)C(=O)N1C(O)=NS(=O)(=O)n1nc(-c2cc(=O)c(O)c[nH]2)n(CC(O)CO)c1=O,0.04
4399,Cn1ncc(C(=O)N2CCC(Nc3cc(=O)[nH]c4ccc(F)cc34)CC2)c1Cl,0.4
4400,CCc1nn(C2CCCC2)c2c1CCn1c(-c3cccs3)nnc1-2,0.02
4401,Cc1ccc(-n2nccn2)c(C(=O)N2CC3CC(C2)N(c2ncc4ccccc4n2)C3)c1,0.064
4402,CC(=O)N1C2C=C(CN3CCC(N=c4ccc5ccc(C(F)(F)F)cc5[nH]4)CC3)CC1CCC2,0.027
4403,CON=C(C(=O)NC1C(=O)N2C(C(=O)O)=C(C=Cc3scnc3C)CSC12)c1csc(N)n1,0.12
4404,N#CC1(c2ccccn2)CCN(Cc2cc(C(=O)NC3CCCCC3O)c(=O)n3ccccc23)CC1,0.48
4405,Cc1cc(C)c2cc(C(=O)NC3CN(c4ccnc(F)c4F)C3)ccc2n1,0.009
4406,CS(=O)(=O)N(CCO)c1c(Cl)c(Cl)cc2[nH]c(=O)c(=O)[nH]c12,0.13
4407,Nc1ncnc2c1C(=O)N(c1ccc(-c3ccc(CC(=O)N4CCN=C(O)C4)cc3Cl)cc1)CCO2,0.302
4408,Cn1nc(-c2cccc3ccccc23)cc1C(=O)N1CCC(CO)CC1,0.023
4409,N=C(N)c1ccc(CNC(=O)C2CCCN2C(=O)C(NCC(=O)O)C(c2ccccc2)c2ccccc2)s1,0.491675
4410,COc1ccc(-n2cc(C(=O)O)c(=O)c3cc(F)c(N4CCNCC4)cc32)c(OC)c1,0.65
4411,CC(C)(C)c1ccc(C(=O)CCCN2CCC(OC(c3ccccc3)c3ccccc3)CC2)cc1,0.02
4412,CS(=O)(=O)N(CC(=O)Nc1ccc(F)cn1)c1ccccc1Cl,0.0899999999999999
4413,CCOc1cc2[nH]cc(C(=N)O)c(=Nc3cccc(Cl)c3Cl)c2cc1N1CCN(C(C)C)CC1,0.015
4414,O=C(O)c1cc(=O)c2cc(OCC(O)COc3cccc4oc(C(=O)O)cc(=O)c34)ccc2o1,0.3199999999999999
4415,N=C(O)C(Cc1ccccc1)N=C(O)OCc1ccccc1,0.1899999999999999
4416,CC(C(=O)O)c1ccc2c(c1)[nH]c1ccc(Cl)cc12,0.0069999999999999
4417,Cc1cccc(Cl)c1Nc1nc2cc(C(=O)Nc3cc(C(F)(F)F)ccc3F)c3c(c2[nH]1)CC(C)(C)O3,0.0002999999999999
4418,O=C(O)c1cn(Cc2ccc(-n3ccc4cnccc43)cc2)c2cccc(F)c2c1=O,0.018
4419,N=C(N)Nc1nc(CSCCC(=N)NS(N)(=O)=O)cs1,0.8343999925000001
4420,NC(=O)C(Cc1ccccc1)NC(=O)OCc1ccccc1,0.1899999999999999
4421,Clc1ccc2c(c1)C(c1ccccc1)=NCCN2,0.0059999999999998
4422,CCOC(=O)C(C)CC(Cc1ccc(-c2ccccc2)cc1)NC(=O)CCC(=O)O,0.0516666666666667
4423,O=C1CCc2cc(-c3cccnc3)ccc21,0.78
4424,CCC(CC)OC1C=C(C(=O)O)CC(N)C1NC(C)=O,0.97
4425,Cc1nc2n(c(=O)c1CCN1CCC(c3noc4cc(F)ccc34)CC1)CCCC2,0.1064379166666666
4426,CC(CCn1cc(-c2ccccc2)cn1)(C(=O)NO)S(C)(=O)=O,0.0479999999999999
4427,c1ccc(OCC2CN(Cc3ccc4[nH]ccc4c3)CCO2)cc1,0.035
4428,Cc1c(Cc2ccc(=O)n(Cc3ccccc3)n2)c2ccccc2n1CC(=O)O,0.02
4429,O=C(CCN1CCCCC1)Nc1cc(-c2ccco2)c2oc(-c3ccco3)nc2c1,0.02
4430,Cc1ccc(NC(=O)c2cc(F)cc(C(F)(F)F)c2)cc1C(=O)Nc1cnc(Nc2ccc(N3CCN(C)CC3)cc2)nc1,0.0359999999999999
4431,CN(C)C1C(=O)C(C(N)=O)=C(O)C2(O)C(=O)C3=C(O)c4c(O)cccc4C(C)(O)C3C(O)C12,0.8150000000000001
4432,COP(=O)(OC)OC(C)=CC(=O)N(C)C,0.845925
4433,c1cc2c3c(cccc3c1)CC2,0.045315
4434,CCCN1CCN(c2cc3c(cc2F)c(=O)c(C(=O)O)cn3-c2cc(OC)ccc2OC)CC1,0.4629999999999999
4435,CN(C)CCN1CCC2Cn3c(c(C4CCCCC4)c4ccc(C(=O)O)cc43)-c3ccccc3C21,0.0849999999999999
4436,CC(C)(ON=C(C(O)=NC1C(=O)N(C(O)=NS(=O)(=O)N2CC(NC(O)=NCc3cc(=O)c(O)cn3O)CC2=O)C1(C)C)c1csc(=N)[nH]1)C(=O)O,0.2299999999999999
4437,O=C(NC1CCCCC1O)c1cc(CN2CCN(c3cc4ccccc4cn3)CC2)c2ccccn2c1=O,0.087
4438,NC(=O)c1csc(C2OC(CO)C(O)C2O)n1,0.47
4439,Cc1noc2c(Cl)c3c(cc12)CC1(C(=O)NC(=O)NC1=O)C1C(C)OC(C)CN31,0.03
4440,CN(Cc1ccc(-c2ccc(N3CCOc4ncnc(N)c4C3=O)cc2)c(Cl)c1)C(=O)CN,0.49
4441,CC(Oc1ccccc1)c1cc(C(=O)N(C)CCO)cn2c(=O)cc(N3CCOCC3)nc12,0.26
4442,COC(CC(=O)NC1C(=O)N2C1SC(C)(C)C2C(=O)O)c1ccc(Cl)s1,0.1606666666666666
4443,CCCCCn1cc(C(=O)NC23CC4CC(CC(C4)C2)C3)c(=O)c(-c2ccncc2)c1C,0.0699999999999999
4444,O=C1C(N2CCC(c3ccc(O)cc3)CC2)CCN1Cc1ccc(F)cc1,0.0999999999999999
4445,CCN1CCCC1CNC(=O)c1c(O)c(Cl)cc(Cl)c1OC,0.06
4446,CN(C)C(=O)c1cc2cnc(Nc3ccc(N4CCNCC4)cn3)nc2n1C1CCCC1,0.3
4447,O=S1(=O)OC(c2ccc(O)cc2)(c2ccc(O)cc2)c2ccccc21,0.142
4448,CCN=S1(=O)NC(=O)c2ccccc21,0.41
4449,O=C(O)COc1ccc(C(=O)c2cccs2)c(Cl)c1Cl,0.01
4450,OCC1OC(Oc2ccc(N3CCc4ccccc43)cc2Cl)C(O)C(O)C1O,0.01
4451,CC1(C)CCC(CN2CCN(c3ccc(C(=O)NS(=O)(=O)c4ccc(NCC5CCOCC5)c([N+](=O)[O-])c4)c(Oc4cnc5[nH]ccc5c4)c3)CC2)=C(c2ccc(Cl)cc2)C1,0.0009999999999998
4452,COc1cc2nc(N3CCN(C(=O)C4CCCO4)CC3)[nH]c(=N)c2cc1OC,0.0999999999999999
4453,COC(=O)c1ccccc1C(=O)OC,0.6559999999999999
4454,O=C(C1CC2(CCN(C3CCOCC3)CC2)C1)N1CCN(C2CCC2)CC1,0.51
4455,CCCCCCc1ccc(Oc2ccccc2C)c(O)c1,0.0023999999999999
4456,Cc1ccc(C2CC(C(F)(F)F)n3ncc(C(O)=NCc4ccc(F)cn4)c3N2)nc1,0.1809999999999999
4457,CCCN1C2CC34c5ccccc5N(C)C3C1CC(C(C=O)CC)C2C4O,0.4
4458,CONC(=O)N(Cc1ccsc1)C1CCN(C(C)CCNC(=O)c2c(C)cc(C(=O)NC(C)C)nc2C)CC1,0.42
4459,COc1c(Nc2ccc(S(C)(=O)=O)cc2F)ncnc1OC1CC2COCC(C1)N2C(=O)OC1(C)CC1,0.145
4460,OCCCc1cc(-c2cncc(OCC3CCN3)c2)on1,0.996
4461,COP(N)(=O)SC,0.396
4462,CCC(C)(CC)c1cc(NC(=O)c2c(OC)cccc2OC)on1,0.0594249999999999
4463,N#Cc1ccc2ccc(=O)n(CCN3CCC(NCc4cc5c(cn4)OCCO5)C(F)C3)c2c1,0.1999999999999999
4464,COC1CN(c2nc(C(=O)O)cs2)CCC1N=C(O)c1[nH]c(C)c(Cl)c1Cl,0.022
4465,O=C(NCc1ccc(N2C3CCCC2CC3)c(C(F)(F)F)c1)Nc1cccc2[nH]ncc12,0.03
4466,CC(C)(C)c1cc(C(C)(C)C)c(NC(=O)c2c[nH]c3ccccc3c2=O)cc1O,0.01
4467,O=C1C(N=C(O)c2cc3sc(Cl)c(Cl)c3[nH]2)Cc2ccccc2N1CC(O)CO,0.9992
4468,CCCCOC(=O)CCCCCCCCC(=O)OCCCC,7.05e-08
4469,O=C(NC1Cc2ccccc2N(CCO)C1=O)c1cc2sc(Cl)c(Cl)c2[nH]1,0.0002999999999999
4470,CC(CO)Nc1nc(SCc2cccc(F)c2F)[nH]c2nc(=N)cnc1-2,0.052
4471,CCOC(=O)C(C)N=C(O)C1CCn2c(C(=O)c3ccccc3)ccc21,0.8109999999999999
4472,CN1Cc2c(N)cccc2C(c2ccccc2)C1,0.3783333333333333
4473,Cc1cc(-c2ccc(N)c(C)c2)ccc1N,0.1426999999999999
4474,Cc1ccc(C(=O)Nc2ccc(CN3CCN(C)CC3)c(C(F)(F)F)c2)cc1C#Cc1cnc2cccnn12,0.0073
4475,NC1(C(=O)NC(CCO)c2ccc(Cl)cc2)CCN(c2ncnc3[nH]ccc23)CC1,0.2229999999999999
4476,CCNC1CN(CCCOC)S(=O)(=O)c2sc(S(N)(=O)=O)cc21,0.4
4477,CC(C)(ON=C(C(=O)NC1C(=O)N(S(=O)(=O)O)C1COC(=O)CNC(=O)c1cc(=O)c(O)cn1O)c1csc(N)n1)C(=O)O,0.5700000000000001
4478,Cc1cccc(Nc2cc(Cl)nc(SCC(=O)O)n2)c1C,0.0054769999999999
4479,COc1ccc(F)c(F)c1C1CCN(c2ccn3c(CC4CC4)nnc3c2Cl)CC1,0.01
4480,CC(C)N1CCN(C(=O)C2CC23CCN(C2CCOCC2)CC3)CC1,0.87
4481,CC(C)Nc1nc2cc(Cl)c(Cl)cc2n1C1OC(CO)C(O)C1O,0.02
4482,CC(=O)N1CCN(Cc2ccnc(Nc3ncc(C#N)s3)c2)CC1,0.1059999999999999
4483,CCOc1cc2ncc(C#N)c(Nc3ccc(OCc4ccccn4)c(Cl)c3)c2cc1NC(=O)C=CCN(C)C,0.01
4484,COc1cc(N2CCN(C(C)=O)CC2)ccc1Nc1ncc(Cl)c(-c2cnc3ccccn23)n1,0.2664999999999999
4485,CN(C)c1ccc(-c2ccc(Cn3cc(C(=O)O)c(=O)c4cccc(F)c43)nc2)cn1,0.01
4486,CC1NCc2cc(-c3ccc4c(=O)c(C(=O)O)cn(C5CC5)c4c3OC(F)F)ccc21,0.2366666666666666
4487,CC1(c2cc(F)cc(F)c2)CNC2(CCCC2)C(=O)N1CC(O)=Nc1cnc2c(c1)CC1(C2)C(O)=Nc2ncccc21,0.35
4488,Nc1nc(C(F)(F)F)cc2c1nc(O)n2Cc1ccccc1,0.0699999999999999
4489,Cc1noc(C)c1S(=O)(=O)Nc1c(N2CCC(NCc3ccc(F)cc3)CC2)c(=O)c1=O,0.26
4490,COc1cc[nH+]c(CS(=O)c2nc3cc(OC(F)F)ccc3[nH]2)c1OC,0.02
4491,CCCCNC(=O)N1Cc2n[nH]c(NC(=O)C(C)c3ccc4ccccc4c3)c2C1,0.01
4492,COc1ccc2c(c1)N(CCN1CCC(NCc3cc4c(cn3)OCCO4)CC1)C(=O)CO2,0.18
4493,N#Cc1ccc(NCC(F)(F)c2ccccc2)c(F)c1CC(O)=NCCONC(=N)N,0.0629999999999999
4494,COc1cc(-c2cn(C3CCc4c(F)cccc4N(CC(F)(F)F)C3=O)nn2)ccc1-n1cnc(C)n1,0.024
4495,CNC(=O)N(C)c1nnc(C(C)(C)C)s1,0.41705
4496,CN1CCCC1Cc1c[nH]c2cc(CCS(=O)(=O)c3ccccc3)ccc12,0.15
4497,CCNC(=O)Nc1ccc(-c2nc3c(c(N4CCOCC4C)n2)CC2CCC3N2C(=O)COC)cc1,0.27
4498,Cc1cnc(C(O)=NCCc2ccc(S(=O)(=O)NC(O)=NC3CCCCC3)cc2)cn1,0.015
4499,Cc1ccc(C(CCC(N)C(=O)O)(c2ccccc2)c2ccccc2)cc1C,0.0509999999999999
4500,CCN(CCO)CCCOc1cc2ncnc(N=c3cc(CC(O)=Nc4cccc(F)c4F)[nH][nH]3)c2cc1OC,0.17
4501,Fc1ccc(-c2nc(N=c3cc[nH][nH]3)c3ccccc3n2)cc1,0.01
4502,CC(C)(c1ccc(Oc2ccc(N)cc2)cc1)c1ccc(Oc2ccc(N)cc2)cc1,2.48e-08
4503,Fc1ccc(CN2CCN(C3=Nn4c(nnc4C(F)(F)F)CC3)CC2)cc1,0.12
4504,COc1c(C)c2c(c(OC3OC(C(=O)[O-])C(O)C(O)C3O)c1CC=C(C)CCC(=O)[O-])C(=O)OC2,0.18
4505,Cc1nnc(SCC2=C(C(=O)O)N3C(=O)C(NC(=O)Cn4cnnn4)C3SC2)s1,0.17625
4506,Cc1cn(-c2ccc(-c3cn(C4CCc5c(F)cccc5N(CC(F)(F)F)C4=O)nn3)c(F)c2)cn1,0.013
4507,O=C1COc2ccc(CNC3CCN(CCN4C(=O)COc5ccc(F)cc54)CC3)nc2N1,0.17
4508,O=C(O)c1cc(=O)c2c(OCC(O)COc3cccc4oc(C(=O)O)cc(=O)c34)cccc2o1,0.3219999966666666
4509,CONC(=O)N(Cc1ccsc1)C1CCN(C(C)CCNC(=O)c2c(C)cc(Cl)nc2C)CC1,0.42
4510,CCN1CC(c2nc(C(=O)NCc3ccc(F)cc3)c(O)c3ncccc23)CC1=O,0.0109999999999998
4511,Cc1ccc(S(=O)(=O)Nc2c(C(=O)NC(C)C(C)(C)C)c(C)nn2-c2ccccc2)cc1,0.042
4512,CC1CN(C(C)CO)S(=O)(=O)c2ccc(C#Cc3cccc(F)c3)cc2OC1CN(C)C(=O)NC1CCCCC1,0.005
4513,CCn1nccc1Nc1ncnc2ccc(-c3cccc(N4CCOCC4)c3)cc12,0.0609999999999999
4514,Cc1cn2nc(-c3cc(=O)n4cc(N5CCNC6(CC6)C5)ccc4n3)cc(C)c2n1,0.1099999999999999
4515,CCC(C)C(C)(COC(N)=O)COC(N)=O,1.0
4516,CS(=O)c1nc2cc(Cl)c(Oc3cccc(Cl)c3Cl)cc2[nH]1,0.0159999999999999
4517,CCN(CC)C(=O)C1C=C2c3cccc4[nH]cc(c34)CC2N(C)C1,0.0999999999999999
4518,CCC(CC)OCC(=O)NC1C(=O)N2C1SC(C)(C)C2C(=O)O,0.52999999
4519,CC(OC1OCCN(Cc2n[nH]c(=O)[nH]2)C1c1ccc(F)cc1)c1cc(C(F)(F)F)cc(C(F)(F)F)c1,0.0500000003333333
4520,CN(C)CCN(CC1CCCN(C2Cc3ccccc3C2)C1)C(=O)c1ccc2ccccc2c1,0.0699999999999999
4521,COc1ccc2[nH]c3c(c2c1)CCNC31CSC2c3c(OC(C)=O)c(C)c4c(c3C(COC1=O)N1C(O)C3Cc5cc(C)c(OC)c(O)c5C(C21)N3C)OCO4,0.01
4522,CC(=O)OCCn1c([N+](=O)[O-])cnc1C,0.9769
4523,CC(C)(Oc1ccc(CCNC(=O)c2ccc(Cl)cc2)cc1)C(=O)O,0.0500000003333333
4524,Oc1c(Cl)cc(Cl)cc1Cl,0.01511
4525,CC12Cc3[nH]nc(C(=O)Nc4cnn(C(c5ccccc5)C5CCCCS5(=O)=O)c4)c3CC1C2(F)F,0.03
4526,CC(C)C(CO)NCc1c(C(O)=NC2CCCC(O)C2)noc1-c1ccc(C(F)(F)F)cc1,0.2559999999999999
4527,CC(Cn1ccc(-c2ccc(C#N)c(Cl)c2)n1)NC(=O)c1cc(C(C)O)[nH]n1,0.0799999999999999
4528,COC(=O)C1=C(C)NC(C)=C(C(=O)OC2CCCN(Cc3ccccc3)C2)C1c1cccc([N+](=O)[O-])c1,0.02
4529,c1ccc(C2(c3ccccc3)CC2C2=NCCN2)cc1,0.5
4530,NC(=O)c1cn(CC(=O)N2C(C(=O)Nc3cccc(Br)n3)CC3CC32)c2ccccc12,0.1309999999999999
4531,CNc1ccn2ncc(C(=O)Nc3cc(C)nn3-c3cccc(Cl)c3)c2n1,0.0159999999999999
4532,Cc1c(OCC(F)(F)F)cc[nH+]c1CS(=O)c1nc2ccccc2[nH]1,0.03
4533,O=C(NC1CCNCC1)C1CCC2CN1C(=O)N2OS(=O)(=O)O,0.78
4534,O=C(NCc1ccc(C(F)(F)F)cc1)Nc1cccc2cnccc12,0.02
4535,O=C1COc2ccccc2N1CCCN1CCC(N=C(O)Cc2ccccc2)CC1,0.28
4536,CS(=O)(=O)c1nc2cc(Cl)c(Oc3cccc(Cl)c3Cl)cc2[nH]1,0.012
4537,Cc1cn(-c2ccc(Cn3cc(C(=O)O)c(=O)c4cccnc43)cc2)cn1,0.2329999999999999
4538,Nc1ncnc2c1C(=O)N(c1ccc(-c3cc(Cl)ccc3Cl)cc1)CCO2,0.012
4539,Cc1cc(Cl)ccc1OC1CCN(CC(O)CN=C(O)c2c[nH]nc2C(F)(F)F)CC1,0.04
4540,CCC(C)CC(C)CCCCCCCCC(=O)NC1CC(O)C(NCCN)NC(=O)C2C(O)CCN2C(=O)C(C(O)CCN)NC(=O)C(C(O)C(O)c2ccc(O)cc2)NC(=O)C2CC(O)CN2C(=O)C(C(C)O)NC1=O,0.0328571428571428
4541,CCN(C(=O)Cc1ccc(S(C)(=O)=O)cc1)C1CCN(CCC(c2cc(F)cc(F)c2)C2CCN(S(C)(=O)=O)CC2)CC1,0.2899999999999999
4542,CC(=O)N1CCN(C)C(c2nc(C(O)=NCc3ccc(F)cc3)c(O)c(=O)n2C)C1,0.3
4543,CC(=O)N1CC2CC(c3ccc(OCCOc4c(Cl)cc(C)cc4Cl)cc3)=C(C(=O)N(Cc3cccc(C)c3C)C3CC3)C(C1)N2,0.01
4544,CCS(=O)(=O)N1CC(CC#N)(n2cc(-c3ncnc4[nH]ccc34)cn2)C1,0.5
4545,O=C(O)c1cn(-c2cc(F)ccc2F)c2cc(N3CCNCC3)c(F)cc2c1=O,0.6930000000000001
4546,Cc1nc(C)c(-c2ccc(C3CCC(CC(=O)O)CC3)cc2)nc1C(N)=O,0.047
4547,CC(C)n1nccc1-c1ncccc1COc1cccc(O)c1C=O,0.002
4548,Cc1cc(C#N)nc(C)c1C(O)=NCCC(C)N1CCC(N(Cc2ccsc2)C(=O)CC2CCOCC2)CC1,0.85
4549,COC1CCC(n2nc(C)c(C(=O)NC(C)C(C)(C)C)c2NS(=O)(=O)c2ccc(C)cc2)CC1,0.0729999999999999
4550,COC(=O)c1cccc(C)c1S(=O)(=O)NC(=O)Nc1nc(OCC(F)(F)F)nc(N(C)C)n1,0.3290999999999999
4551,Cc1cc(C)c(CNC(=O)c2c(C)n(C(C)c3cnn(C)c3)c3ccccc23)c(=O)[nH]1,0.02
4552,OC(c1cccnc1-c1cc(Cl)cc(Cl)c1)C(c1cccnc1)c1cccnc1,0.0799999999999999
4553,O=c1oc2ccccc2c(O)c1Cc1c(O)c2ccccc2oc1=O,0.01
4554,CCN(CC)C(=O)C1(c2ccccc2)CC1CN,0.8645454545454546
4555,COc1cc2c(cc1F)ncc(=O)n2CC(N)C1CCC(NCc2ncc3c(n2)N=C(O)CO3)CC1,0.56
4556,COc1ncc2ncc(=O)n(CCN3CCC(NCc4cc5c(cn4)OCCO5)CC3)c2n1,0.96
4557,COC1CN(CCn2c(=O)ccc3ccc(C#N)cc32)CCC1NCc1cc2c(cn1)OCCO2,0.13
4558,COc1ccc(N(Cc2cnccc2C)C2CCN(C(C)CCN=C(O)c3c(C)ccnc3C)CC2)cc1,0.05
4559,O=C1COCCN1c1ccc(COC2COc3nc([N+](=O)[O-])cn3C2)cc1,0.496
4560,Cc1c[nH]c2c(NC(=CC#N)NC3CCCCN(CC(=O)N4CCCC4)C3=O)cccc12,0.1999999999999999
4561,COc1ccc(CCN2CCC(N=c3[nH]c4ccccc4n3Cc3ccc(F)cc3)CC2)cc1,0.023
4562,CCOc1cc2nnc(C(=N)O)c(Nc3ccc(C)cc3F)c2cc1N1CCN(C)CC1,0.0159999999999999
4563,COc1nc(F)cnc1NS(=O)(=O)c1cccc(Cl)c1Cl,0.0059999999999998
4564,CN(C)C1C(=O)C(=C(N)O)C(=O)C2(O)C(=O)C3=C(O)c4c(O)ccc(Cl)c4C(C)(O)C3CC12,0.5
4565,CC(Oc1cccc(Cl)c1)C(=O)O,0.0220999999999999
4566,N#Cc1cc(F)c(C(O)=Nc2ccnc(N=C(O)C3CC3F)c2)c(Cl)c1,0.134
4567,CN(C)CC(C)(C)COc1cccc(-c2sc(Nc3cccnc3Oc3ccccc3C(C)(C)C)nc2C(F)(F)F)c1,0.0009999999999998
4568,Cc1ccc(C2CC(C(F)(F)F)n3ncc(C(=O)NCc4ccc(F)cn4)c3N2)nc1,0.1809999999999999
4569,CCCc1c(C(=O)Nc2cc(S(=O)(=O)N(C)C)ccc2C)cnn1-c1ccccc1,0.023
4570,CCN=C(O)Nc1cc(-c2nc(C(F)(F)F)cs2)c(-c2cncc(C(=N)O)c2)cn1,0.36
4571,CCC(O)(C(=O)O)c1cc2n(c(=O)c1CO)Cc1cc3c(CN(C)C)c(O)ccc3nc1-2,0.93066667
4572,COc1cc(C)c2c(Oc3cccc(C(F)(F)F)c3)c(OC)cc(NC(C)CCCN)c2n1,0.005
4573,Nc1c(Br)cc(Br)cc1CNC1CCC(O)CC1,0.0999999999999999
4574,CC(C)c1cccc(C(C)C)c1N1C(=O)c2ccc(O)cc2C1=O,0.0415
4575,CCNC(=O)Nc1ccc(-c2nc3c(c(N4CCOCC4C)n2)CCN(c2ncccn2)C3)cc1,0.02
4576,COC1CN(c2nc(-c3cncnc3)c(C(=O)O)s2)CCC1N=C(O)c1[nH]c(C)c(Cl)c1Cl,0.0109999999999998
4577,CCOC(=O)C(N)Cc1ccc(-c2cc(OC(c3ccc(Cl)cc3-n3ccc(C)n3)C(F)(F)F)nc(N)n2)cc1,0.01
4578,CC(Cn1ncnn1)Nc1ncc2cc(Oc3ccc(F)cc3F)c(=O)n(C)c2n1,0.0329999999999999
4579,COC1(C(=O)NC(C)c2ccc(-n3cc(F)cn3)nc2)CCC(c2nc(C)cc(Nc3cc(C)[nH]n3)n2)CC1,0.029
4580,CC(NC(C)(C)C)C(=O)c1cccc(Cl)c1,0.2192857142857142
4581,CN(C)Cc1nccn1-c1ccc(N2CCC(NS(=O)(=O)c3ccc4c(Cl)c[nH]c4c3)C2=O)c(F)c1,0.054
4582,CN1CC(OCc2ccccc2)CC1c1nc(C(=O)NCc2ccc(F)cc2)c(O)c(=O)n1C,0.05
4583,CN1CCCCC1CCN1c2ccccc2Sc2ccc(S(C)=O)cc21,0.96
4584,CN=C(O)C12CC1C(n1cnc3c(NC)nc(C#Cc4ccc(Br)s4)nc31)C(O)C2O,0.0266999999999999
4585,CC(CC(Cc1ccc(-c2ccccc2)cc1)NC(=O)CCC(=O)O)C(=O)O,0.06
4586,CNC(=O)c1cc(F)ccc1CNC(=O)c1nn2c(c1O)C(=O)N(C)CC2c1ccccc1,0.88
4587,CN(C)CCCNCc1cc(I)cc(C2CCCCC2)c1O,0.9483
4588,O=[N+]([O-])c1ccc(O)c([N+](=O)[O-])c1,0.0278433333333333
4589,CC(C)Oc1cc2[nH]cc(C(=N)O)c(=Nc3cccc(Cl)c3Cl)c2cc1N1CCN(C)CC1,0.0139999999999999
4590,CC(=CC(=O)OCCCCCCCCC(=O)O)CC1OCC(CC2OC2C(C)C(C)O)C(O)C1O,0.0399999996666666
4591,C=CC(=O)Nc1cccc(Nc2nc(Nc3ccc(N4CCN(C(C)=O)CC4)cc3OC)ncc2C(F)(F)F)c1,0.021
4592,NC(C(=O)NC1C(=O)N2C(C(=O)O)=C(Cl)CCC12)c1ccccc1,0.7458333333333332
4593,Cc1cccc([N+](=O)[O-])c1,0.07729
4594,CCn1nc(C(=O)O)c(=O)c2cc3c(cc21)OCO3,0.3583000033333333
4595,CNC(=O)c1ccc2c(c1)OCCc1cc(C(=O)N(C)c3ccc(C(=O)N(C)C)cc3Cl)sc1-2,0.03
4596,FC(F)(F)c1c(N2CCC(c3ccccc3)CC2)ccn2c(CC3CC3)nnc12,0.0018
4597,Cc1cc(Nc2ccc(C(F)(F)F)cc2)n2nc(CCO)nc2n1,0.3299999999999999
4598,CC(C)(C)NC(=O)NC(C(=O)N1CC2C(C1C(=O)NC(CC1CCC1)C(=O)C(N)=O)C2(C)C)C(C)(C)C,0.25
4599,CCOc1nc2cccc(C(=O)O)c2n1Cc1ccc(-c2ccccc2-c2noc(=O)[nH]2)cc1,0.01
4600,COC1CN(c2nc(C(O)=NC3COC(C)(C)OC3)c(C(=O)O)s2)CCC1N=C(O)c1[nH]c(C)c(Cl)c1Cl,0.0359999999999999
4601,C=C(Cl)Cl,0.428
4602,COC12CC(COC(=O)c3cncc(Br)c3)CN(C)C1Cc1cn(C)c3cccc2c13,0.0508333336666666
4603,COC1C(N(C)C(=O)c2ccccc2)CC2OC1(C)n1c3ccccc3c3c4c(c5c6ccccc6n2c5c31)C(=O)NC4,0.002
4604,CC(Oc1ccc(Cl)c(Cl)c1)C(=O)NC1C(=O)N2C1SC(C)(C)C2C(=O)O,0.0293333329999999
4605,CCc1c(CCCC(=O)O)cccc1-c1cnc(-c2ccc(OC(C)C)c(C#N)c2)s1,0.0009999999999999
4606,O=C(O)c1cc(CN2CCN(c3ccccc3)C(=O)C2)c2ccccn2c1=O,0.479
4607,O=C(Cn1cnc([N+](=O)[O-])n1)N1CCN(Cc2ccc(Cl)c(Cl)c2)CC1,0.0759999999999999
4608,NC(=O)c1cnc(NC2CCCCC2N)nc1Nc1cccc(-n2nccn2)c1,0.014
4609,CCN(CC)CCNC(=O)c1c(C)[nH]c(C=C2C(=O)Nc3ccc(F)cc32)c1C,0.04
4610,CC(C)CC(NC(=O)C(CCc1ccccc1)NC(=O)CN1CCOCC1)C(=O)NC(Cc1ccccc1)C(=O)NC(CC(C)C)C(=O)C1(C)CO1,0.0243999999999999
4611,CC(C)(C)c1ccc(S(=O)(=O)Nc2ccc(Cl)cc2-c2nccnc2NCCO)cc1,0.0159999999999999
4612,CCC(C)c1cc([N+](=O)[O-])cc([N+](=O)[O-])c1O,0.0004149
4613,Cc1cc(C)nc(NC(=O)NS(=O)(=O)c2ccccc2C(=O)OC2COC2)n1,0.0609499999999999
4614,COC1C=COC2(C)Oc3c(C)c(O)c4c(O)c(c(C=NN5CCN(C6CCCC6)CC5)c(O)c4c3C2=O)NC(=O)C(C)=CC=CC(C)C(O)C(C)C(O)C(C)C(O)C1C,0.0205
4615,CC(C(=O)OC1C[N+]2(CC(=N)O)CCC1CC2)(c1ccccc1)N1CCCCC1,0.362
4616,Cc1c(CC(=O)O)c2cccnc2n1S(=O)(=O)c1ccc(F)c(F)c1,0.1019999999999999
4617,O=C(O)c1ccc(-c2cccc(OC3OC(CO)C(O)C(O)C3O)c2)cc1,0.1899999999999999
4618,Cc1cc(COc2ccc(S(=O)(=O)N(C)C3(C(=O)NO)CN(C(=O)CC(C)C)C3)cc2)c2ccccc2n1,0.003
4619,O=C(NC1Cc2ccccc2N(CC(=O)N2CCC(O)CC2)C1=O)c1cc2cc(Cl)sc2[nH]1,0.4999999999999999
4620,Cc1ccc2c(=O)n(-c3ccc4c(cnn4C)c3)c(CCN3C(=O)c4ccccc4C3=O)nc2c1,0.02
4621,CC(C)N1C(=O)N(c2ccccc2)CSC1=NC(C)(C)C,0.0025
4622,CCC(C)(C)OC,0.8097
4623,Cn1c(NCCc2ccc(-c3ccc(F)cc3)cc2)nc2cc(Cl)ccc2c1=O,0.0009999999999998
4624,Clc1ccc(Cl)c(-c2c[nH]c(SCCc3c[nH]cn3)n2)c1,0.0803
4625,NC(Cn1c(=O)cnc2ccc(F)cc21)C1CCC(NCc2ncc3c(n2)N=C(O)CO3)CC1,0.73
4626,CC1(C)CCC(C)(C)c2cc(Cn3cccn3)c(C=Cc3ccc(C(=O)O)cc3)cc21,0.01
4627,N#Cc1ccc(NCc2cccc3cccnc23)c(F)c1CC(=O)NCCONC(=N)N,0.004
4628,Cc1c(Cl)ccc(OC2CCN(CC(O)CNC(=O)c3c[nH]c(=O)cc3C(F)(F)F)CC2)c1Cl,0.04
4629,Nc1ccc2ccccc2c1,0.1099
4630,COc1cc(-c2cnc3[nH]cc(-c4ccc5[nH]ccc5c4)c3c2)cc(OC)c1OC,0.002
4631,CC(=O)NC(CS)C(=O)O,0.17
4632,O=C1c2ccc(COc3cccc(F)c3)nc2CCN1c1ccc(F)cc1,0.0139999999999999
4633,Nc1ccncc1,0.9933333333333332
4634,CCCCC(C)(O)CC=CC1C(O)CC(=O)C1CCCCCCC(=O)O,0.0999999999999999
4635,O=C(OC1C[N+]2(CC(O)=Nc3cccc(F)c3)CCC1CC2)C1(C2=CC=CC2)CCCCCC1,0.003
4636,CC(=O)N1CCN(C2CCC(Nc3ncnn4ccc(C(C)C)c34)CC2)CC1,0.24
4637,O=S(=O)(c1ccc(C(F)(F)F)cn1)N1CCC2(CC1)OC(c1cc(Cl)cc[n+]1[O-])c1ccccc12,0.05
4638,COc1ccc(C(=CC(=O)N2CCOCC2)c2ccc(Cl)cc2)cc1OC,0.09415
4639,COc1ccc(N(Cc2cnccc2C)C2CCN(C(C)CCN=C(O)c3c(C)ccnc3Cl)CC2)cc1,0.12
4640,CC1(C)CCc2c(C(=O)Nc3cnn(C(c4ccccc4)C4CC[S+]([O-])CC4)c3)n[nH]c2C1,0.06
4641,CNC(=O)ON=CC(C)(C)SC,0.480975
4642,CNC1CCc2[nH]c3ccc(C(=N)O)cc3c2C1,0.35
4643,Cc1cc(Nc2ccc(SC(F)(F)F)cc2)n2ncnc2n1,0.039
4644,O=S(=O)(OCC(F)(F)F)C(F)(F)C(F)(F)C(F)(F)C(F)(F)F,0.0039
4645,CNC(C)Cc1ccc2c(c1)OCO2,0.4499999966666666
4646,COCCN(C)S(=O)(=O)c1ccc(C)c(C#Cc2cc(Cl)ccc2OCC(=O)O)c1,0.0059999999999998
4647,O=C1OC(c2ccccc2)CC(O)=C1Oc1ccccc1Cl,0.0059999999999998
4648,COc1ccc(-n2nc(C(F)(F)F)cc2C(O)=Nc2ccc(-c3ccccc3S(C)(=O)=O)cc2F)c(CN)c1,0.02
4649,COc1ccc(Nc2c(C#N)cnc3cc(OC)c(OC)cc23)cc1Cl,0.925
4650,Nc1nc(CC(=O)Nc2ccc(CCNCC(O)c3ccccc3)cc2)cs1,0.29
4651,Cc1cc(Nc2cc(F)c(C(F)(F)F)c(F)c2)n2ncnc2n1,0.034
4652,CC(Oc1cccc2ncnc(Nc3ccc4c(cnn4Cc4ccccn4)c3)c12)C(=O)N(C)C,0.1099999999999999
4653,Cc1ccc(C2CC(C(F)(F)F)n3ncc(C(O)=NCc4ccc(F)cn4)c3N2)cc1,0.01
4654,O=C(OCCF)C1C2CCC(CC1c1cccc(C=CI)c1)N2,0.9297142857142856
4655,CN(C)C(=O)c1cccc(S(=O)(=O)N2CSCC2C(=O)OC(Cc2c(Cl)c[n+]([O-])cc2Cl)c2ccc(OC(F)F)c(OCC3CC3)c2)c1,0.0017
4656,C=C1C(=O)OC2CC3(C)CCCC(=C)C3CC12,0.02
4657,CC1=C(C(=O)O)N2C(=O)C(NC(=O)C(N)c3ccc(O)cc3)C2SC1,0.584875
4658,CN1CCN(C(c2ccccc2)c2ccc(Cl)cc2)CC1,0.13
4659,NC(=O)Cc1ccc(-c2ccc(N3CCOc4ncnc(N)c4C3=O)cc2)c(Cl)c1,0.172
4660,O=C(O)c1cn(Cc2ccc(-c3cncnc3)cc2)c2c(F)cccc2c1=O,0.127
4661,O=C(N=c1nc2cccc(-c3ccc(CN4CCS(=O)(=O)CC4)cc3)n2[nH]1)C1CC1,0.6819999999999999
4662,CCCN1CCN(c2cc3c(cc2F)c(=O)c(C(=O)O)cn3-c2ccc(OC)cc2)CC1,0.4600000033333333
4663,Oc1cnc2c(c1)CCc1cc(Cl)ccc1C2=C1CCNCC1,0.13
4664,CC(C)N(CCC(C(=N)O)(c1ccccc1)c1ccccn1)C(C)C,0.425
4665,NC(=O)C1CCC2CN1C(=O)N2OS(=O)(=O)O,0.9301666666666666
4666,Cc1cc(Nc2ccc3c(c2)CCC3)n2ncnc2n1,0.0749999999999999
4667,CCOC(=O)CN=C(O)C1CCn2c(C(=O)c3ccccc3)ccc21,0.55
4668,N=C(N)N1CCc2ccccc2C1,0.1500000033333333
4669,Cc1cc(Br)ccc1C(=O)Nc1ccccn1,0.1190000000000001
4670,COc1cccc(OC)c1-c1nc(C(=O)NC(CC(C)C)C(=O)O)cn1-c1ccnc2cc(Cl)ccc12,0.013
4671,Cc1cccc(O)c1C,0.2086
4672,COc1ncnc(Cn2cc(C(O)=NCCF)c3ncccc32)c1C,0.0979999999999999
4673,CC(C)C(ON=C(C(=O)NC1C(=O)N(OS(=O)(=O)O)C1(C)C)c1nc(N)sc1Cl)c1cc(=O)c(O)cn1O,0.0023
4674,Cc1c(N(C)CS(=O)(=O)O)c(=O)n(-c2ccccc2)n1C,0.400000005
4675,CN1CCN(c2ccc3[nH]cc(C(=N)O)c(=Nc4ccc(Cl)cc4Cl)c3c2)CC1,0.018
4676,Cc1nc(=O)c(C#N)c(NCc2cccnc2)[nH]1,0.0486666666666666
4677,CN(C)C1C(=O)C(C(N)=O)=C(O)C2(O)C(O)=C3C(=O)c4c(O)cccc4C(C)(O)C3CC12,0.59333333
4678,COc1ccc(C)c2sc(NC(=O)c3ccncc3)nc12,0.01
4679,CC(CN(C)C)CN1c2ccccc2CCc2ccccc21,0.0504334418084415
4680,CCC(N=C(O)N1CCc2cnc(NC(C)CO)nc2C1)c1ccc(OC)c(Cl)c1,0.0809999999999999
4681,c1ccc2cc(NC3=NCC4(CN5CCC4CC5)O3)ncc2c1,0.2484999999999999
4682,COc1ccc(-c2ccn(CCC(C)(C(=O)NO)S(C)(=O)=O)c(=O)c2)c(F)c1,0.31
4683,NC(=O)c1cncc(-c2ccc(C3CCC(CCO)CC3)cc2)n1,0.028
4684,Cc1cc(Cl)nc(C)c1C(O)=NCCC(C)N1CCC(N(Cc2ccsc2)C(=O)CC2CCOCC2)CC1,0.8
4685,CN(C)c1ccc(C(=C2C=CC(=[N+](C)C)C=C2)c2ccc(N(C)C)cc2)cc1,0.0137999999999999
4686,COc1cc(C2Oc3cc(C4Oc5cc(O)cc(O)c5C(=O)C4O)ccc3OC2CO)ccc1O,0.05
4687,O=C(OC1CC2CC3CC(C1)N2CC3O)c1c[nH]c2ccccc12,0.2299999999999999
4688,CNC(=O)c1ccc(-c2cc(-c3ccc(S(C)(=O)=O)cc3)cnc2N)cc1,0.182
4689,OC1CNCCCC1n1c2ccc(C(F)(F)F)cc2c2cc(C(F)(F)F)ccc21,0.035
4690,CC(Cn1cnc2c(N)ncnc21)OCP(=O)(O)O,0.9323333366666668
4691,CNCC(O)c1ccc(O)c(OC)c1,0.95
4692,CC(CS)C(=O)N1CCCC1C(=O)O,0.7225974100974026
4693,COCCOc1cc2ncnc(-n3nc(-c4ccccn4)nc3N)c2cc1OCCOC,0.017
4694,CCCSc1nc(NC2CC2c2ccc(F)c(F)c2)c2nnn(C3CC(OCCO)C(O)C3O)c2n1,0.006
4695,COc1cccc(C(=O)NCC(=O)NC(C)c2ccccc2)c1,0.14
4696,O=C(NC1CCN(CCc2c[nH]c3ccccc23)CC1)c1ccccc1,0.1667777777777777
4697,CC(=O)Nc1cc(Nc2cc(NC3CC3)n3ncc(C#N)c3n2)c(F)cc1C,0.13
4698,CNC(C)C(O)=NC1CCCC2CC3CCN(CCC4CCCCC4)CC3N2C1=O,0.49
4699,COc1cc(C(=O)Nc2ccc(NC(=O)c3ccccn3)cc2)ccc1O,0.0159999999999999
4700,COC1C=COC2(C)Oc3c(C)c(O)c4c(c3C2=O)C(=O)C(=CNN2CCN(C3CCCC3)CC2)C(=C4O)NC(=O)C(C)=CC=CC(C)C(O)C(C)C(O)C(C)C(OC(C)=O)C1C,0.023
4701,CC(=O)NC(C)c1ccc(Nc2ncc3cc(-c4ccncc4)c(C)cc3n2)cc1,0.019
4702,CC1C(N=C(O)C(=NOC(C)(C)C(=O)O)c2csc(=N)[nH]2)C(=O)N1C(O)=NS(=O)(=O)N1CCC(N=C(O)c2cc(=O)c(O)c[nH]2)C1,0.3299999999999999
4703,c1cc(-c2ccc3ncnc(Nc4cccnn4)c3c2)cc(N2CCOCC2)c1,0.017
4704,Cc1cccc(N)c1,0.5489999999999999
4705,Clc1nc(Cl)c(Cl)c(Cl)c1Cl,4.42e-08
4706,COc1ccc(C23c4ccccc4C(=O)N2CCN3C(=O)c2cc(F)c(F)c(F)c2)cc1C,0.013
4707,Oc1ccccc1,0.6489333333333334
4708,CC(C)c1nnc(N2CCN(c3ncc(OCc4ccncc4C#N)cn3)C(C)C2)o1,0.0709999999999999
4709,CN(C)Cc1ccccc1C(=O)N(CCc1ccc(Cl)cc1)C1CCC2(CC1)OCCO2,0.004
4710,O=C1COCCN1c1ccc(C2CC(c3ccc([N+](=O)[O-])o3)=NO2)cc1,0.357
4711,FC(F)(F)c1ccc(Oc2ccc(-c3noc(-c4c[nH]cn4)n3)cc2)cc1,0.0649999999999999
4712,Cc1ccc2c(c1)c(-c1ccnc3cc(C(F)(F)F)ccc13)c(C)n2CC(=O)O,0.004
4713,Cc1[nH]c(=N)ccc1CN=C(O)Cn1c(C)cc(S(=O)(=O)c2cccs2)c(N)c1=O,0.6
4714,Cc1noc(C)c1S(=O)(=O)N=c1c(N2CCC(CCc3ccccc3)CC2)c(O)c1=O,0.005
4715,CCN1CC(n2nccc2-c2cc(Cl)ccc2Oc2ccc(S(=O)(=O)Nc3cscn3)cc2C#N)C1,0.0648
4716,CCc1ccccc1C(=O)N(C1CCC2(CC1)OCCO2)C(Cc1ccc(Cl)cc1)CN(C)C,0.004
4717,CC1CC2C3CCC4=CC(=O)C=CC4(C)C3(F)C(O)CC2(C)C1(O)C(=O)COP(=O)(O)O,0.3399999999999999
4718,CC(C(=O)O)c1cccc(Oc2ccccc2)c1,0.0076666666666666
4719,CN(C)C(=O)C1CCC(NC(=O)C(=O)Nc2ccc(Cl)cn2)C(NC(=O)c2nc3c(s2)C[NH+](C)CC3)C1,0.4499999999999999
4720,CNC(=O)N(Cc1ccsc1)C1CCN(C(C)CCNC(=O)c2c(C)cc(Cl)nc2C)CC1,0.4599999999999999
4721,Cc1cc(C#N)ccc1-c1cnn2c1CC(Oc1ncc(F)cn1)C2,0.13
4722,Cc1cc(N2CCCC(N)C2)c2c(n1)n(C)c(=O)n2Cc1ccccc1C#N,0.38
4723,CCc1cc(C(=O)NC2CC(C(N)=O)N(C(=O)c3coc4ccccc34)C2)n(CC)n1,0.013
4724,CCCCNC(=O)N1Cc2n[nH]c(NC(=O)Cc3ccc(N4CCCC4)cc3)c2C1,0.05
4725,CN(CC=CCN)CC1OC(n2cnc3c(N)nc(Cl)nc32)C(O)C1O,0.61
4726,Cc1cc2ncc(C(=O)NCC(C)(C)NCC(=O)N3CCCC3C#N)c(C)n2n1,0.7975
4727,COc1cc(-c2ccncc2)cc2cnc(Nc3ccc(C(C)NC(C)=O)cc3)nc12,0.034
4728,O=C(O)c1cn(Cc2ccc(-c3cccnc3)nn2)c2c(F)cccc2c1=O,0.3199999999999999
4729,COCCCCC(=NOCCN)c1ccc(C(F)(F)F)cc1,0.2227083333333332
4730,O=C(O)CCc1ccc(OCc2nc(-c3ccc(Cl)cc3)no2)cc1,0.0009999999999998
4731,CNC(=O)ON=C(SC)C(=O)N(C)C,0.7928999999999999
4732,CCC(=O)c1ccc2c(c1)N(CC(C)N(C)C)c1ccccc1S2,0.1899999999999999
4733,CC(C(=O)O)c1ccc(CC2CCCC2=O)cc1,0.0399999996666666
4734,OCC1OC(Oc2ccc(-c3ccccc3)cc2)C(O)C(O)C1O,0.0699999999999999
4735,Nc1nc(C(=NO)C(=O)NC2C(=O)N3C(C(=O)O)=C(C=C4CCN(C5CCNC5)C4=O)CSC23)ns1,0.62
4736,Cn1cnc(S(=O)(=O)N2CC3C(C2)C3(CNC(=O)c2ccc(Cl)cc2Cl)CC2CC2)c1,0.05
4737,Clc1ccc(CNc2ccnc(N3CCC4(CCN(CC5CCCN5)C4)CC3)n2)c(Cl)c1,0.0679999999999999
4738,CC1C(N=C(O)C(=NOC(C)(C)C(=O)O)c2csc(=N)[nH]2)C(=O)N1C(O)=NS(=O)(=O)N1CC(N=C(O)C(CCS(C)(=O)=O)N=C(O)c2cc(=O)c(O)c[nH]2)CC1=O,0.21
4739,CC(c1ccc(-c2ccc(F)cc2F)cc1)N1CCC(CCO)(c2ccc(F)cc2)OC1=O,0.01
4740,CC(C)(C)N1CC(C(=O)N2CCC(c3ccnn3-c3ccc(F)c(Cl)c3)CC2)C(c2ccc(F)cc2F)C1,0.18
4741,COc1ccc2ncc(=O)n(CCN3CCC(NCc4ccc5c(n4)NC(=O)CO5)C(O)C3)c2c1,0.05
4742,CC1(C)CC(=O)c2c(C(F)(F)F)nn(-c3ccc(C(N)=O)c(NC4CCC(O)CC4)c3)c2C1,0.0679999999999999
4743,Cc1ccc(-c2c(Cl)nc(C#N)n2S(=O)(=O)N(C)C)cc1,0.051
4744,O=C(NCc1ccc(S(=O)(=O)c2cccc(C(F)(F)F)c2)cc1)c1cc2ccncc2s1,0.004
4745,Cc1noc2c1-c1sc(C)c(C)c1C(c1ccc(=N)[nH]c1)=NC2CC(=N)O,0.0059999999999998
4746,CS(=O)(=O)NC(=O)c1cc(Oc2ccc(C(F)(F)F)cc2Cl)ccc1[N+](=O)[O-],0.017
4747,CCNC(=O)Nc1cc(-c2nc(C(F)(F)F)cs2)c(-c2cc(-c3n[nH]c(=O)o3)cnc2N2C3CCC2CN(C)C3)cn1,0.2109999999999999
4748,COCCC(=O)NC(C)c1ccc(Nc2ncc3cc(-c4ccncc4)ccc3n2)cc1,0.0145
4749,CC(C(=O)O)c1ccc(N2Cc3ccccc3C2=O)cc1,0.0133333333333333
4750,CCN1CCN(CC(=O)Nc2ccc(-c3cccc4c(=O)cc(N5CCOCC5)oc34)c3sc4ccccc4c23)CC1,0.0359999999999999
4751,N#Cc1ccc(-c2ccc(CC(C#N)NC(=O)C3CCCCC3N)cc2)cc1,0.0699999999999999
4752,CC(C)N(CCC(c1ccccc1)c1cc(CO)ccc1O)C(C)C,0.5
4753,COc1ccc2ccc(=O)n(CC(N)C3CCC(NCc4ncc5c(n4)N=C(O)CO5)CC3)c2c1,0.71
4754,CC1=C(C(=O)O)N2C(=O)C(NC(=O)C(N)C3=CCC=CC3)C2SC1,0.9090178571428572
4755,CC1=NNC(=O)N(N=Cc2cccnc2)C1,0.99490375
4756,COc1ccc(CC2(O)c3ccccc3C3=NCCN32)cc1,0.0999999999999999
4757,Cc1c[nH]c2c(NC(NC3CCCCN(CC(=O)N4CCCC4)C3=O)=C(C#N)C#N)cccc12,0.2299999999999999
4758,CC(O)(C#Cc1ccc2c(c1)N(c1nc(N)ncc1Cl)CC2)c1nccs1,0.754
4759,OCC1OC(Oc2ccc(-c3cnc4[nH]ccc4c3)cc2Cl)C(O)C(O)C1O,0.0999999999999999
4760,COc1ccc(CNC(=O)c2sc3nc(C)cc(C)c3c2N)cc1,0.5485
4761,CN(C)C(=O)c1cc(F)ccc1CN=C(O)c1nc(C(C)(C)C)n(C)c(=O)c1O,0.18
4762,CCOC(=O)C(CCc1ccccc1)NC(C)C(=O)N1C(C(=O)O)CC2CCCCC21,0.1688888888888888
4763,CC(C)Cc1sc(N)nc1-c1ccc(P(=O)(O)O)o1,0.0699999999999999
4764,OC(=Nc1cccc(C(F)(F)F)c1)c1ccccn1,0.013
4765,COc1ccc(N(Cc2cccc(C#N)n2)C2CCN(C(C)CCN=C(O)c3c(C)cc(Cl)nc3C)CC2)cc1,0.16
4766,N=c1[nH]c2cccnc2n1CC(O)c1cccc(Cl)c1Cl,0.118
4767,COc1ccc(-n2c(CCN3C(=O)c4cccc(-c5ccncc5)c4C3=O)nc3ccccc3c2=O)cc1,0.0699999999999999
4768,CCN=C(O)Nc1ccc(-c2nc(N3CCOCC3)c3c(n2)C(C)(C)OC3=O)cc1,0.02
4769,C#CCC(C(O)=NC(C=CC(=O)OC1CCCC1)CC1CCN=C1O)n1cccc(NC(=O)c2cc(C)on2)c1=O,0.93
4770,COc1ccc2c(c1)N(CC(C)CN(C)C)c1ccccc1S2,0.027
4771,O=C(O)c1ccc(-c2nc(C(=O)c3c(Cl)cccc3C3CC3)n3cccnc23)cc1O,0.01
4772,O=C(NCCN1CCOCC1)c1ccc(Cl)cc1,0.7204761871428572
4773,CCC(C)(C)NCC(O)COc1ccccc1C(=O)CCc1ccccc1,0.0185041666666666
4774,CC(CO)NC(=O)c1c[nH]c2ncc(-c3nn(C)c4cc(Cl)ccc34)nc12,0.008
4775,OCCN1CCN(CCCN2c3ccccc3Sc3ccc(Cl)cc32)CC1,0.0744774994999999
4776,CCCOc1cc(OCCC)cc(-c2c[nH]c(SCCc3c[nH]cn3)n2)c1,0.0576999999999999
4777,Cn1cc(Cl)c(C(=O)N2CCN(CC(=O)c3ccc(F)cc3)CC2)n1,0.3066666666666667
4778,CN1CCC(=C2c3ccccc3CCn3c(C=O)cnc32)CC1,0.608
4779,CN1CCC(c2cn(-c3ccc(F)cc3)c3ccc(-c4cncnc4)cc23)CC1,0.0959999999999999
4780,CNC1(c2ccccc2Cl)CCCCC1=O,0.5385
4781,Cn1nccc1CCOc1ccc(C2CCN(c3ccc4nnc(C(F)(F)F)n4n3)CC2)cc1,0.0015999999999999
4782,CNC(=O)c1cc2c(Oc3ccc(Cl)cc3)cncc2s1,0.015
4783,CN1CCC23c4c5ccc(O)c4OC2C(=O)CCC3C1C5,0.8845238028571428
4784,O=C(NC(Cc1ccccc1)C(O)C(=O)N1CC(O)C(O)C1)c1cc2cc(Cl)ccc2[nH]1,0.0233999999999999
4785,O=C(O)C=Cc1ccc(NC(=O)C2(NC(=O)c3ccc4c(c3)nc(-c3ccoc3)n4C3CCCCC3)CCCC2)cc1,0.0379999999999999
4786,C=C1CCC2(O)C3Cc4ccc(O)c5c4C2(CCN3CC2CC2)C1O5,0.6345978802645503
4787,CCN(Cc1cc(Nc2cc(C)cn3c(-c4cc[nH]n4)cnc23)sn1)C(C)(C)CO,0.15
4788,CCOC(=O)C(c1c(O)oc2ccccc2c1=O)C1C(=O)c2ccccc2OC1O,0.0999999999999999
4789,CN1C2CCC1CC(OC(c1ccccc1)c1ccccc1)C2,0.05
4790,Cn1cc(C(=O)O)c2ccc(N3CCC(OCc4c(-c5c(Cl)cccc5Cl)noc4C4CC4)CC3)cc21,0.032
4791,CNC(C)C(O)=NC1CCCC2CC3CCN(CCc4cccc(C)c4)CC3N2C1=O,0.47
4792,CC(C)(C)N=C(O)C(c1cccnc1)N(C(=O)c1ccco1)c1ccc(C(C)(C)C)cc1,0.0329999999999999
4793,Cc1ccc(C(=O)NC2CC2)cc1-c1cc2cnn(-c3c(F)cccc3F)c2n(C)c1=O,0.079
4794,O=C(NC1C2CCN(CC2)C1Cc1cccnc1)c1cc2ccccc2o1,0.4
4795,CCCC(CCC)OCCCCCCN1CC(O)C(O)C(O)C1CO,0.0899999999999999
4796,CN(CCCN1c2ccccc2CCc2ccccc21)CC(=O)c1ccc(Cl)cc1,0.01
4797,Cc1ccc(S(=O)(=O)NC(=O)NC2C3CCC(C)(C2O)C3(C)C)cc1,0.0500000003333333
4798,Cc1ccc2c(c1)c(-c1ccnc3c(Cl)cccc13)c(C)n2CC(=O)O,0.0059999999999998
4799,O=C(O)c1cn(Cc2ccc(-c3ccccc3)cc2)c2c(c1=O)CCCC2,0.012
4800,CCc1cc(CC)n2nc(-c3ccc(OC)cc3)c(CC(=O)N(C)c3ccccc3)c2n1,0.0109999999999998
4801,O=C(COc1cccc(Cl)c1)NC1CCN(Cc2ccn(-c3ccc(C(F)(F)F)cc3)c2)CC1,0.012
4802,Cn1c(=O)c2c(ncn2CC2OCCO2)n(C)c1=O,0.52
4803,CC1(C)SC2C(NC(=O)C(c3ccccc3)S(=O)(=O)O)C(=O)N2C1C(=O)O,0.5
4804,OCC1OC(n2cnc3c2N=CNCC3O)CC1O,0.9633333333333334
4805,O=C(NC1Cc2ccccc2N(CCO)C1=O)c1cc2cc(Cl)ccc2[nH]1,0.0006
4806,OC(=Nc1ccnc(N=C(O)C2CC2F)c1)c1c(Cl)cccc1Cl,0.025
4807,C=CCC1(O)CCC2C3CCC4=CCCCC4C3CCC21C,0.13
4808,OCC1C(O)C(O)C(O)CN1CCCCCCOc1cc(F)ccc1F,0.26
4809,CN1CCC(OC(c2ccccc2)c2ccccc2)CC1,0.01
4810,CON=C(C(=O)NC1C(=O)N2C(C(=O)O)=C(COC(N)=O)CSC12)c1ccco1,0.6214
4811,CC(=O)N1C2C=C(CN3C4CCC3CC(Nc3ccc5ccc(C(F)(F)F)cc5n3)C4)CC1CCC2,0.0159999999999999
4812,N#Cc1ccc(NCC(F)(F)c2ccccn2)c(F)c1CC(O)=NCc1ccc(=N)[nH]c1,0.15
4813,Cc1cc(Cl)ccc1OC1CCN(CC(O)CN=C(O)c2cnc(O)cc2C(F)(F)F)CC1,0.14
4814,O=C(c1ccc(F)cc1)C1CCN(CCn2c(=O)[nH]c3ccccc3c2=O)CC1,0.0513000003333333
4815,CCc1cc(Sc2nc(C(=O)O)c[nH]2)nc(C2CCCCC2C(=O)[N]Cc2ccc(Cl)c(Cl)c2)n1,0.015
4816,O=C1OC(c2ccc(O)cc2)(c2ccc(O)cc2)c2ccccc21,0.03118
4817,N=C(O)c1cnccn1,0.9
4818,COP(=S)(OC)Oc1ccc([N+](=O)[O-])c(C)c1,0.0025
4819,CC(=O)N(O)CCCCCNC(=O)CCC(=O)N(O)CCCCCNC(=O)CCC(=O)N(O)CCCCCN,0.9
4820,C=CCN1CC(C(=O)N(CCCN(C)C)C(=O)NCC)CC2c3cccc4[nH]cc(c34)CC21,0.58999999
4821,CC1COCCN1c1cc(C2(S(C)(=O)=O)CC2)nc(-c2cncc3[nH]ccc23)n1,0.26
4822,CC(CO)Nc1cc(NS(=O)(=O)N(C)C)nc(SCc2ccccc2)n1,0.019
4823,CC(C)OP(=S)(OC(C)C)SCCNS(=O)(=O)c1ccccc1,0.0060249999999999
4824,COc1cc(Cl)c(OC)cc1Cl,0.5771
4825,O=[N+]([O-])c1ccc([N+](=O)[O-])cc1,0.6696
4826,CCC(C)(C)C(=O)Nc1cccc(NC(=O)c2ccccc2Br)c1,0.05
4827,O=C(O)c1cn(-c2ccc([N+](=O)[O-])cc2)c2cc(N3CCNCC3)c(F)cc2c1=O,0.6999999966666666
4828,Cc1cnc(NCCc2ccccn2)c(=O)n1CC(=O)NCc1cc(Cl)ccc1OCC(=O)NC1CCCNC1,0.12
4829,COC1CN(c2nc(-c3nccs3)c(C(=O)O)s2)CCC1N=C(O)c1[nH]c(C)c(Cl)c1Cl,0.01
4830,CC(=O)N1CCCn2nc(CN3CCOc4ccccc43)cc21,0.35
4831,COc1cc2ccc(Br)cc2cc1C(c1cccc(OC)c1F)C(O)(CCN(C)C)c1cccc2c1CCC2,0.0
4832,Cc1cccc(Nc2cc(=NC3CCCCC3N)[nH]nc2C(N)=O)n1,0.0959999999999999
4833,CC1=C2CC3C(CC=C4CC(O)CCC43C)C2CCC12OC1CC(C)CNC1C2C,0.0741
4834,Cc1ccccc1C(=O)Nc1cccc(NC(=O)CC(C)C)c1,0.04
4835,Nc1cccc(-c2ccc(Cn3cc(C(=O)O)c(=O)c4cccc(F)c43)cn2)c1,0.0649999999999999
4836,Fc1ccc(Oc2ncnc3[nH]ccc23)cc1,0.1099999999999999
4837,Cc1cc(Cl)c(OCCOc2ccc(C3=C(C(=O)N(Cc4cccc(C)c4C)C4CC4)C4CNCC(C3)N4)cc2)c(Cl)c1,0.01
4838,CCC(CC)[N+]12CCC(CC1)C(OC(=O)C(C)(c1ccccc1)N1CCCCC1)C2,0.421
4839,CC(N)C(O)c1cccc(O)c1,0.55
4840,CN(C)Cc1ccccc1-c1ccc(NC(=O)Nc2cccnc2Oc2ccccc2C(C)(C)C)c(F)c1,0.0015
4841,Cc1ccc(S(=O)(=O)Nc2c(C(O)=NC(C)C(C)(C)C)c(C)nn2-c2ccccc2)cc1,0.0265
4842,CC(=O)N1CCCn2nc(CN(C)c3ccccc3)cc21,0.4599999999999999
4843,CCCc1oc(CCC(=O)O)c(C(=O)O)c1C,0.01
4844,c1cc(Nc2ncnc3ccc(-c4ccnc(N5CCOCC5)n4)cc23)ccn1,0.03
4845,CS(=O)(=O)NCC1CCCC2(S(=O)(=O)c3ccc(C(F)(F)F)cc3)c3c(F)ccc(F)c3OCC12,0.019
4846,CC1(C)SC2C(NC(=O)C(C(=O)O)c3ccccc3)C(=O)N2C1C(=O)O,0.5134632001298701
4847,CCc1ccc(Cc2cc(C3SC(CO)C(O)C(O)C3O)c(OC)cc2C)cc1,0.017
4848,COc1nccnc1NS(=O)(=O)c1cccc(Cl)c1Cl,0.0109999999999998
4849,COC1C=COC2(C)Oc3c(C)c(O)c4c(c3C2=O)C(=O)C(=CNN2CCN(C)CC2)C(=C4O)NC(=O)C(C)=CC=CC(C)C(O)C(C)C(O)C(C)C(OC(C)=O)C1C,0.195
4850,CC(Nc1ncnc2nc[nH]c12)c1cc2cccc(Cl)c2c(=O)n1-c1ccccc1,0.02
4851,COCCOCC(CC1(C(=O)NC2CCC(C(=O)O)CC2)CCCC1)C(=O)O,0.8723000000000001
4852,Cc1ccc(C2CC(C(F)(F)F)n3ncc(C(O)=NCc4ccc(F)cc4)c3N2)cc1,0.01
4853,CCCCCCCCCCCCN1CCCC1=O,0.0125
4854,CN(C)CCc1c[nH]c2ccc(CS(=O)(=O)N3CCCC3)cc12,0.636704074074074
4855,N#CC1CCCN1C(=O)CNC12CC3CC(CC(O)(C3)C1)C2,0.9115
4856,O=c1ncnc2[nH][nH]cc1-2,0.9675
4857,COc1cc2[nH]cc(C(=N)O)c(=Nc3ccc(F)cc3F)c2cc1OC,0.0559999999999999
4858,CCOP(=S)(OCC)Oc1ncn(-c2ccccc2)n1,0.049
4859,CC(C)CC1(C(=O)c2ccc3[nH]ncc3c2)CCCN1,0.8
4860,O=S(O)CNc1ccc(S(=O)(=O)c2ccc(NCS(=O)O)cc2)cc1,0.31
4861,COc1c(C)cnc(Cn2cnc3c(Cl)nc(N)nc32)c1C,0.1140000000000001
4862,CC1CN(c2nc(C(F)(F)F)no2)CCN1c1ncc(OCc2ccncc2C#N)cn1,0.01
4863,CC(=O)OC1(C(C)=O)CCC2C3CCC4=CC(=O)CCC4=C3C(c3ccc(N(C)C)cc3)CC21C,0.06
4864,Cc1ccc(NC(=O)C[N+]23CCC(CC2)C(OC(=O)C2(C4=CC=CC4)CCCCCC2)C3)nn1,0.0999999999999999
4865,Oc1ccc2ccc(OCCCCN3CCN(c4cccc5sccc45)CC3)cc2n1,0.01
4866,COC1CCC2(C=Cc3ccc4ccc(nc4c3)C(C)NC(=O)C3CCCN(N3)C(=O)C(C)NC(=O)C(C(C)C)OC2=O)CC1,0.1099999999999999
4867,CC(C(=O)OC1C[N+]2(CC(=O)Nc3cncc(Cl)n3)CCC1CC2)(c1cccs1)N1CCCCC1,0.029
4868,FC(F)(Cl)C(F)(Cl)Cl,0.3621999999999999
4869,CS(=O)(=O)Nc1ccc2c(ccn2-c2ccc(OC3OC(CO)C(O)C(O)C3O)c(Cl)c2)c1,0.06
4870,N#Cc1ccc2[nH]cc(CCCCN3CCN(c4ccc5oc(C(N)=O)cc5c4)CC3)c2c1,0.0266666666666666
4871,CC(=O)N1CCN(C2CCN(C(=O)N(C)C(C)c3cc(C(F)(F)F)cc(C(F)(F)F)c3)C(c3ccc(F)cc3C)C2)CC1,0.3366666666666666
4872,CN1CCN(C(=O)c2cc3cc(Cl)ccc3[nH]2)CC1,0.2299999999999999
4873,O=C1c2cc(Cl)ccc2-n2c1nc1ncccc1c2=O,0.0509999999999999
4874,COc1c(N2CC(N)C3(CC3)C2)c(F)cc2c(=O)c(C(=O)O)cn(C3CC3F)c12,0.5820000000000001
4875,CC(C)c1ccc(NC(=O)c2cccs2)c(-c2nc3ccccc3[nH]c2=O)c1,0.004
4876,O=C(NC1Cc2ccccc2N(CC(O)CO)C1=O)c1cc2cc(Cl)sc2[nH]1,0.5
4877,Oc1ccc(CCCCNCC(O)c2ccc(O)c(O)c2)cc1,0.42
4878,Cc1nnc2n1-c1sc(Br)cc1C(c1ccccc1Cl)=NC2,0.0946666666666666
4879,CC1C(N=C(O)C(=NOC(C)(C)C(=O)O)c2csc(=N)[nH]2)C(=O)N1C(O)=NS(=O)(=O)Nc1cc(O)c(O)cn1,0.2299999999999999
4880,Cc1ccc(N2CC(COc3ccc(-c4noc(C)n4)cc3)C2)nn1,0.06
4881,Cc1c(F)cc(C(=O)NC2CC2)cc1-c1c(F)cn2c(C(C)(C)C)nnc2c1F,0.2099999999999999
4882,CNCc1nccn1-c1ccc(N2CCC(NS(=O)(=O)C=Cc3ccc(Cl)s3)C2=O)c(F)c1,0.1140000000000001
4883,OC(=NCC(O)CN1CCC(Oc2ccc(Cl)c(Cl)c2)CC1)c1cnc(O)c2ccccc12,0.02
4884,CCCc1ccc(CCC)c(-c2c[nH]c(SCCc3c[nH]cn3)n2)c1,0.0437
4885,O=C(CC1C(=O)Nc2ccccc2N1S(=O)(=O)c1ccc2ccccc2c1)NCCc1ccc(-c2ncc[nH]2)cc1,0.015
4886,O=C(Nc1cccc(C(F)(F)F)c1)c1ccccn1,0.013
4887,Cc1ccccc1OCC(O)CNCCOc1ccc(C(N)=O)cc1,0.0897879474285714
4888,COc1cccc(-c2ccc(Cn3cc(C(=O)O)c(=O)c4cccc(F)c43)nc2)c1,0.022
4889,CC(C)(C)C(O)(CCc1ccc(Cl)cc1)Cn1cncn1,0.0659999999999999
4890,CC(=O)Nc1ccc2ccn(-c3cc(NCCN4CCOCC4)n4ncc(C#N)c4n3)c2c1,0.1099999999999999
4891,CNc1nc(C)c2cc(-c3cnc(OC)c(NS(=O)(=O)c4ccc(F)cc4F)c3)cc(OC3CCOCC3)c2n1,0.0454000000000001
4892,c1ccc2c(c1)-c1cccc3cccc-2c13,0.014095
4893,CN1CCC23c4c5ccc(O)c4OC2C(O)C=CC3C1C5,0.6675892907142857
4894,CC1(NC(=O)c2ccc(C#Cc3cccc(F)c3)cn2)COC1,0.035
4895,NC(N)=NC(=O)Cc1c(Cl)cccc1Cl,0.29
4896,CNC(C)C(O)=NC1CCCC2CC3CCN(CCc4ccc(C(F)(F)F)cc4)CC3N2C1=O,0.18
4897,CN(C)CCC(c1ccc(Cl)cc1)c1ccccn1,0.3506666666666667
4898,COc1cc(-c2cn(C3CCc4c(F)cccc4N(CC(F)(F)F)C3=O)nn2)ccc1-n1cnc(C)c1,0.009
4899,O=C(O)CC1OC(c2cccc(Cl)c2)C(c2ccc(Cl)cc2)N(CC2CC2)C1=O,0.042
4900,CC(=O)NC1C(=O)N2C1SC(C)(C)C2C(=O)O,0.8450000066666666
4901,COc1ccc2ncc(=O)n(CC(N)C3CCC(NCc4ncc5c(n4)NC(=O)CO5)CC3)c2c1,0.6
4902,CCC(=CC(=NO)C(N)=O)C(C)[N+](=O)[O-],3.07e-06
4903,O=C1NC(c2ccccc2)CC(O)=C1Oc1ccccc1Cl,0.022
4904,COc1cc2nnc(C(=N)O)c(Nc3cc(C)ccc3F)c2cc1OC,0.0309999999999999
4905,CS(=O)(=O)c1ccccc1-c1ccc(Cn2cc(C(=O)O)c(=O)c3cccc(F)c32)nc1,0.142
4906,COc1cc(CN2CCOC(COc3cccc(F)c3)C2)ccc1Cl,0.0109999999999998
4907,C=CC(=O)N1CCN(c2nc(=O)n(-c3c(C)ccnc3C(C)C)c3nc(-c4c(O)cccc4F)c(F)cc23)C(C)C1,0.1099999999999999
4908,CC1CC2C3CC(F)C4=CC(=O)C=CC4(C)C3(F)C(O)CC2(C)C1(OC(=O)c1ccco1)C(=O)SCF,0.004
4909,COC1(NC(=O)CSC(F)F)C(=O)N2C(C(=O)O)=C(CSc3nnnn3CCO)COC21,0.64
4910,CCc1cc(N2CCC(NC)C2)nc(N)n1,0.26
4911,O=C(O)CN1C(=O)C(NC(=O)c2cc3sc(Cl)c(Cl)c3[nH]2)Cc2ccccc21,0.0012
4912,Cc1ccc(F)cc1Cn1c(N2CCCC(C)(N)C2)cc2c1c(=O)n(C)c(=O)n2C,0.049
4913,CCCN(CCC)C(=O)SCC,0.0025
4914,CN1CCOCC1c1nc(C(O)=NCc2ccc(F)cc2)c(O)c(=O)n1C,0.505
4915,COc1cc(C(c2cc3cc(C#N)ccc3cc2OC)C(O)(CCN(C)C)c2cccc3ccoc23)cc(OC(C)C)n1,0.0
4916,O=C(CSc1nnc(-c2ccccc2)c(-c2ccccc2)n1)N1CCc2ccccc21,0.05
4917,Cc1nnc(-c2ccccc2)c(=O)n1N,0.693
4918,COC1(NC(=O)C(C(=O)O)c2ccc(O)cc2)C(=O)N2C(C(=O)O)=C(CSc3nnnn3C)COC21,0.4449206349206349
4919,Cc1ccc(-c2cc(-c3ccc(S(C)(=O)=O)cc3)cnc2N)c2cccnc12,0.0559999999999999
4920,CN(C)C(=O)N1CCN(Cc2ccnc(N=c3[nH]cc(C#N)s3)c2)CC1,0.0409999999999999
4921,Cc1nc(CSc2nc(NC(C)CO)c3sc(O)nc3n2)cs1,0.0087
4922,Fc1cccc(-c2nc3cnn(Cc4cc(-c5ccc(C(F)(F)F)cc5C(F)(F)F)no4)cc-3n2)c1F,0.002
4923,CC1(C)SC2C(NC(=O)C(N)c3cccc(O)c3)C(=O)N2C1C(=O)O,0.8303333266666666
4924,Cn1ccnc1S,0.999575
4925,CC(C)(C)N1CC(C(=O)N2CCC(c3nnnn3-c3ccc(Cl)cc3)CC2)C(c2ccc(F)cc2F)C1,0.3199999999999999
4926,CSc1ccc(-c2cc(CN3CCSCC3)c(C)n2-c2ccc(F)cc2)cc1,0.007
4927,COc1cc(C2c3cc4c(cc3C(OC3OC5COC(C)OC5C(O)C3N)C3COC(=O)C23)OCO4)cc(OC)c1O,0.013
4928,O=C(O)CCn1c(=O)oc2cc(OC3CC3)c(Cl)cc21,0.0309999999999999
4929,CC1C(NC(=O)C(=NOC(C)(C)C(=O)O)c2nc(N)sc2Cl)C(=O)N1C(=O)NS(=O)(=O)n1nc(-c2cc(=O)c(O)c[nH]2)n(CCCS(C)(=O)=O)c1=O,0.06
4930,O=[N+]([O-])c1cnc(N=C(O)c2ccccc2O)s1,0.05
4931,NC(CC(=O)N1CCN(C(=O)c2ccccn2)CC1)Cc1cc(F)c(F)cc1F,0.497
4932,Cn1cc(NC(=O)c2cc(NC(=O)c3cc(NC(=O)c4nsc(Cl)c4Cl)cn3C)cn2C)cc1C(=O)NCCC(=N)N,0.1099999999999999
4933,CC1(C(O)=NC(Cc2ccc(-c3ccccc3C#N)cc2)C(=O)O)CCCN1S(=O)(=O)c1cc(Cl)cc(Cl)c1,0.005
4934,CCC1OC(=O)C(C)C(OC2CC(C)(OC)C(O)C(C)O2)C(C)C(OC2OC(C)CC(N(C)C)C2O)C(C)(OC)CC(C)C(=O)C(C)C(O)C1(C)O,0.53
4935,O=C(O)c1cn(Cc2ccc(-n3ccnc3)cc2)c2c(c1=O)C(O)CCC2,0.591
4936,CCCN(CCOc1c(Cl)cc(Cl)cc1Cl)C(=O)n1ccnc1,0.0220999999999999
4937,CC(CCc1cc(-c2ccccc2)on1)(C(=O)NO)S(C)(=O)=O,0.0159999999999999
4938,Cn1ccc(CCC[N+]23CCC(CC2)C(OC(=O)C2(C4=CC=CC4)CCCCCC2)C3)n1,0.06
4939,Cn1c(=O)c2ccc(-c3cncnc3)cc2n2nc(-c3ccccc3)cc12,0.008
4940,COc1ccc(N(Cc2cnccc2C)C2CCN(C(C)CCNC(=O)c3c(C)ccnc3C)CC2)cc1,0.05
4941,CNC(C)C(O)=NC1CCCC2CC3CCN(CCc4ccc(F)cc4)CC3N2C1=O,0.48
4942,CCCCCCCCn1sccc1=O,0.0282099999999999
4943,CC(O)=Nc1ccc2ccn(-c3cc(NCCN4CCCC4)n4ncc(C#N)c4n3)c2c1,0.0559999999999999
4944,COC1C=COC2(C)Oc3c(C)c(O)c4c(O)c(c5c(c4c3C2=O)NC2(CCN(CC(C)C)CC2)N=5)=NC(=O)C(C)=CC=CC(C)C(O)C(C)C(O)C(C)C(OC(C)=O)C1C,0.2225
4945,CN1CCN(CC(=O)N2c3ccccc3C(=O)Nc3cccnc32)CC1,0.8983333266666667
4946,O=C1C(NS(=O)(=O)C=Cc2ccc(Cl)s2)CCN1c1ccc(-n2ccnc2CN2CCC(F)C2)cc1F,0.06
4947,Cc1c(CC2=NN(Cc3ccc(F)cc3F)C(=O)CC2)c2cc(F)ccc2n1CC(=O)O,0.02
4948,CCOc1cc(N=C(O)C2(N=C(O)c3ccc4c(C5CCCC5)c(-c5ncc(Cl)cn5)n(C)c4c3)CCC2)ccc1C=CC(=O)O,0.004
4949,CC(=O)Oc1ccccc1C(=O)O,0.5314285664285714
4950,COc1ccc(CNCC23CC4CC(CC(C4)C2)C3)c(O)c1,0.956
4951,O=C(Nc1ccc(F)cc1)N1N=C(c2ccncc2)CC1c1ccc(F)cc1,0.02
4952,COc1nc(C)nc(Cl)c1NC1=NCCN1,0.9341071428571428
4953,O=C1c2ccc(COc3ccccc3)nc2CCN1c1ccc(F)cc1,0.0209999999999999
4954,CC(=O)N1CCC(NC(=O)NC23CC4CC(CC(C4)C2)C3)CC1,0.5
4955,Oc1ccc2cc(OCCCCc3nnnn3C3CCCCC3)ccc2n1,0.03
4956,COC(C(=O)NC1C(=O)N2C1SC(C)(C)C2C(=O)O)c1cc(Cl)c(Cl)c(Cl)c1,0.0383333329999999
4957,CNC(=O)Oc1ccc2c(c1)C1(C)CCN(C)C1N2C,0.6596666666666667
4958,Cc1nc(C)c(-c2ccc(-c3ccc(C(C)C(=O)O)cc3Cl)cc2)nc1C(=N)O,0.008
4959,CCc1cc2c(cc1CC)CC(NCC(O)c1ccc(O)c3nc(O)ccc13)C2,0.0434999999999999
4960,CC(CS(C)(=O)=O)Nc1n[nH]c2nc(Oc3ccc(F)cc3F)ncc12,0.187
4961,O=C(O)c1ccccc1O,0.1500000099999999
4962,OCC(N=C(O)N1CCc2cnc(NC3CCOCC3)nc2C1)c1ccc(Cl)c(F)c1,0.3379999999999999
4963,Cc1ccc(O)c(C(O)=NC2CCC(NC(=O)c3cc(F)cnc3Oc3cccc(-c4ccc(CN5CC(C)NC(C)C5)cc4CN4CCOCC4)c3)CC2)c1,0.013
4964,Cc1nc(C)c(-c2ccc(-c3ccc(C(C)C(=O)O)cc3Cl)c(F)c2)nc1C(N)=O,0.007
4965,COC(O)=NC(C(=O)N1CC(C)CC1c1ncc(-c2ccc(-c3ccc(-c4ccc5nc(C6CC(C)CN6C(=O)C(N=C(O)OC)C(C)C)[nH]c5c4)cc3)cc2)[nH]1)C(C)C,0.0139999999999999
4966,COc1ccc2c3c1OC1C(O)C=CC4C(C2)N(C)CCC341,0.7941666716666667
4967,O=C(O)CCn1c2c(c3ccccc31)CC(NS(=O)(=O)c1ccc(F)cc1)CC2,0.0245
4968,COc1cc(C=CC(=O)CC(=O)C=Cc2ccc(O)c(OC)c2)ccc1O,4.14e-08
4969,Cc1cc(C(=O)NC2CCC(NC(=O)c3cc(F)cnc3Oc3cccc(-c4cc(O)cc(CN5CC(C)NC(C)C5)c4)c3)CC2)nn1C,0.35
4970,Cc1csc(NC(=O)c2cc(C(F)(F)c3cncnc3)cc3cccnc23)n1,0.014
4971,O=C1C(N=C(O)c2cc3cc(Cl)ccc3[nH]2)Cc2ccccc2N1CCO,0.9994
4972,COc1cc2nccc(Oc3ccc4c(C(N)=O)cccc4c3)c2cc1OC,0.008
4973,CCC(C)=O,0.8744
4974,CCOC(=O)C1(c2ccccc2)CCN(C)CC1,0.4193181793181817
4975,COc1cc2c(cc1Cc1cccc(Cl)c1F)c(=O)c(C(=O)O)cn2C(CO)C(C)C,0.0183333333333333
4976,CC(N=C(O)N1CCc2cnc(Nc3cnn(C)c3)nc2C1)c1ccc(Cl)c(Cl)c1,0.018
4977,CCCSC(=O)N(CCC)CCC,0.01908
4978,COC(C(=O)NC1C(=O)N2C1SC(C)(C)C2C(=O)O)c1cccc(F)c1,0.3499999966666666
4979,O=C1CN=C(c2ccccc2)c2cc(F)ccc2N1,0.139
4980,Cc1cc(Cl)nc(C)c1C(=O)NCCC(C)N1CCC(N(Cc2ccsc2)C(=O)NCc2ccc(C(=O)O)cc2)CC1,0.42
4981,CC(C)CCn1c(=O)c(C2=NS(=O)(=O)c3cc(OCC(=N)O)ccc3N2)c(O)c2cccnc21,0.01
4982,O=C(O)Cc1ccccc1Oc1ccc(Cl)cc1Cl,0.01
4983,CCc1c(N(CC)C2CCOCC2)cc2oc(C3CCN(C(C)C)CC3)cc2c1C(=O)NCc1c(C)cc(C)[nH]c1=O,0.0609999999999999
4984,O=C(NC1Cc2ccccc2N(CC(O)CO)C1=O)c1cc2sc(Cl)c(Cl)c2[nH]1,0.0008
4985,CC=Cc1ccc(O)c(OC)c1,0.0
4986,CC1(C)SC2C(NC(=O)c3ccc4ccccc4c3)C(=O)N2C1C(=O)O,0.0406666663333333
4987,CCC1(CC)CC(C(=O)NCc2ccc(C(=N)N)cc2)n2c1c(Cl)nc(NC1CCC1)c2=O,0.0679999999999999
4988,CONC(=O)C1C(O)C2(O)c3c(OC)cc(OC)cc3OC2(c2ccc(OC)cc2)C1c1ccccc1,0.18
4989,COc1cc(-c2cn(C)c(=O)c3cnccc23)cc(OC)c1CN(C)C,0.69
4990,Cc1ccc(-c2ncccn2)c(C(=O)N2CC(COc3ccc(F)cn3)CCC2C)c1,0.025
4991,COc1cc(-c2ccc(F)c(C)c2)c(F)cc1-n1c(=O)ccc2cc(S(=O)(=O)Nc3ccon3)ccc21,0.004
4992,OC(=NCCNCC(O)COc1ccc(O)cc1)N1CCOCC1,0.97
4993,O=C(NCCNCC(O)COc1ccc(O)cc1)N1CCOCC1,0.97000001
4994,Cc1cc(C)c(CNC(=O)c2c(C)n(C(C)c3ccccn3)c3ccccc23)c(=O)[nH]1,0.02
4995,CCCCSc1cc(I)cc(CNCCCN(C)C)c1O,0.9238
4996,Cc1ccnc2c1N=C(O)c1cccnc1N2C1CC1,0.4
4997,Cc1cc(CC(NC(=O)N2CCC(c3cc4ccccc4[nH]c3=O)CC2)C(=O)N2CCN(C3CCN(C)CC3)CC2)cc2cn[nH]c12,0.37
4998,Cc1cccc(-c2noc(C3CC(=O)N(c4ccc(F)cc4)C3)n2)c1,0.0069999999999999
4999,COC(=O)C(ON=C(C(=O)NC1C(=O)N(OS(=O)(=O)O)C1(C)C)c1csc(N)n1)c1cc(=O)c(O)cn1O,0.0060999999999999
5000,O=C1CC2OCC=C3CN4CCC56c7ccccc7N1C5C2C3CC46,0.4435
5001,Cc1cc2c(C(C)C)c(O)c(O)c(C=O)c2c(O)c1-c1c(C)cc2c(C(C)C)c(O)c(O)c(C=O)c2c1O,0.01
5002,Clc1ccccc1,0.2830249999999999
5003,CNC(=O)C12CC1C(n1cnc3c(NC)nc(C#Cc4ccc(Br)s4)nc31)C(O)C2O,0.0267
5004,CC(C)C1=C(C(=O)Nc2ccccc2)C(c2ccccc2)=C(c2ccc(F)cc2)[NH+]1CCC(O)CC(O)CC(=O)[O-],0.02
5005,COc1cc(NC(=O)c2ccccn2)ccc1F,0.0509999999999999
5006,CCc1nc(C(N)=O)c(Nc2ccc(N3CCC(N4CCN(C)CC4)CC3)c(OC)c2)nc1NC1CCOCC1,0.06
5007,c1ccc(N=Nc2ccccc2)cc1,2.8e-06
5008,CN(Cc1ccccc1)C(=O)C(N=C(O)c1cc2cc(NC(=O)c3ccccc3-c3ccc(C(F)(F)F)cc3)ccc2n1C)c1ccccc1,0.0097
5009,CCNc1ccccc1,0.214
5010,CCS(=O)(=O)N=C(O)c1ccc2c(C3CCCCC3)c(-c3ccoc3)n(CC(=O)N(C)C)c2c1,0.992
5011,COc1ccc2c(c1)c(CC(=O)OCC(=O)O)c(C)n2C(=O)c1ccc(Cl)cc1,0.0999999999999999
5012,CN(C)c1cc(N=C(O)CNC(C)(C)C)c(O)c2c1CC1CC3C(N(C)C)C(O)=C(C(=N)O)C(=O)C3(O)C(O)=C1C2=O,0.047
5013,O=C(O)CC1CCC(c2ccc(NC(=O)c3nnc(Nc4ccc(F)c(F)c4)o3)cc2)CC1,0.003
5014,CON(C)C(=O)Nc1ccc(Cl)cc1,0.205
5015,CC1c2cccc(O)c2C(O)=C2C(=O)C3(O)C(=O)C(=C(N)O)C(=O)C(N(C)C)C3C(O)C21,0.1166666666666666
5016,Cc1ccn(-c2ccc(Cn3cc(C(=O)O)c(=O)c4ccncc43)cc2)n1,0.125
5017,CCC1CN(C(=O)NCC(F)(F)F)CC1c1cnc2cnc3[nH]ccc3n12,0.48
5018,CC(C)CNCc1c(C(=O)NC2CCCC(O)C2)noc1-c1ccc(C(F)(F)F)cc1,0.177
5019,COc1cccc2c(-c3c(C)n(CC(=O)O)c4ccc(C)cc34)ccnc12,0.018
5020,CCCc1ccc(COc2ccc3c(c2)CCC(CN2CC(C(=O)O)C2)=C3C)c(OC)c1,0.032
5021,Cn1nnc(-c2ccc(-c3ccc(N4CC(CO)OC4=O)cc3F)cn2)n1,0.1549999999999999
5022,CC1(C)C2CC=C(CN3CCC(Nc4nc(-c5cc(C(F)(F)F)cc(C(F)(F)F)c5)ns4)CC3)C1C2,0.003
5023,CC(C)NC(=O)N1CC(=O)N(c2cc(Cl)cc(Cl)c2)C1=O,0.0025
5024,COC1C=COC2(C)Oc3c(C)c(O)c4c(c3C2=O)C2=NC3(CCN(CC(C)C)CC3)NC2=C(N=C(O)C(C)=CC=CC(C)C(O)C(C)C(O)C(C)C(OC(C)=O)C1C)C4=O,0.29
5025,CC(=O)Oc1ccc2c3c1OC1C(OC(C)=O)C=CC4C(C2)N(C)CCC341,0.99933
5026,CCOP(=S)(OCC)OP(=S)(OCC)OCC,0.0206
5027,Cc1ccc(-c2cnccc2-c2cnc(NC(=O)C(C)C)s2)c(Cl)c1,0.0
5028,O=C(CCn1cnc([N+](=O)[O-])n1)Nc1cccc(-c2ccccc2)c1,0.0374999999999999
5029,COc1ccc2c(c1)N(CCN1CCC(NCc3cc4c(cn3)OCCO4)CC1)C(=O)CS2,0.0899999999999999
5030,CC1c2nnn(-c3ncccn3)c2CCN1C(=O)c1cccc(C(F)(F)F)c1Cl,0.084
5031,O=C(c1ccccc1Cl)c1c[nH]c2ncc(-c3cnn(C4CCNCC4)c3)cc12,0.1099999999999999
5032,CN1CCN(CC(N=C(O)CC2CNC(=O)c3cc(-c4cccc(Cl)c4)cn32)C2CCCCC2)CC1,0.03
5033,O=S(=O)(O)C(F)(F)C(F)(F)C(F)(F)C(F)(F)F,0.019315
5034,CCS(=O)(=O)N1CCCc2ccc(NC(=O)c3ccccc3Br)cc21,0.02
5035,COC(C(=O)NC1C(=O)N2C1SC(C)(C)C2C(=O)O)c1cccc([N+](=O)[O-])c1,0.4000000033333333
5036,CS(=O)(=O)c1cc(C(F)(F)F)ccc1C(=O)c1cnoc1C1CC1,0.0168999999999999
5037,ClC1=C(Cl)C2(Cl)C3C(Cl)C=CC3C1(Cl)C2(Cl)Cl,0.043315
5038,CC1C(N=C(O)C(=NOC(C)(C)C(=O)O)c2csc(=N)[nH]2)C(=O)N1S(=O)(=O)O,0.4399999999999999
5039,O=c1cc(-c2ccnc(NC3CCOCC3)n2)ccn1C(CO)c1ccc(Cl)c(F)c1,0.0374999999999999
5040,COc1cc2nccc(Oc3ccc(NC(=O)C4(C(=O)Nc5ccc(F)cc5)CC4)cc3)c2cc1OC,0.003
5041,c1nc(NC2CCC(N3CCOCC3)CC2)c2c(C3CCOCC3)c[nH]c2n1,0.76
5042,CCOC(=O)Nc1ccc(NCc2ccc(F)cc2)cc1N,0.1999999999999999
5043,O=C(C[N+]12CCC(CC1)C(OC(=O)C1(C3=CC=CC3)CCCCCC1)C2)Nc1cnccn1,0.0749999999999999
5044,CCS(=O)(=O)c1ccc(-c2cc(C(F)(F)F)ccc2OCC(=O)O)c(C)c1,0.0459999999999999
5045,COCCNc1nonc1C(=NO)Nc1ccc(F)c(Br)c1,0.009
5046,CCN1CCN(Cc2ccc(Nc3ncc(F)c(-c4cc(F)c5nc(C)n(C(C)C)c5c4)n3)nc2)CC1,0.036
5047,CCN=C(O)Nc1nc2cc(-c3ccc4cnnn4c3)c(=O)n(C(C)C)c2s1,0.14
5048,COc1cc2c(Nc3ncc(CC(O)=Nc4cccc(F)c4)s3)ncnc2cc1OCCCN1CCC(CO)CC1,0.02
5049,CC(C)Cc1ccc(C(C)C(=O)OCC(O)CO)cc1,0.77
5050,CN1C(=C(O)Nc2ccccn2)C(=O)c2ccccc2S1(=O)=O,0.01
5051,NC(=O)CCC1NC(=O)C(c2ccccc2)NC(=O)C(Cc2ccc(O)cc2)NC(=O)C(N)CSSCC(C(=O)N2CCCC2C(=O)NC(CCCN=C(N)N)C(=O)NCC(N)=O)NC(=O)C(CC(N)=O)NC1=O,0.98000001
5052,CC1(c2cc(NC(=O)c3ccc(C#N)cn3)ccc2F)N=C(N)COC1F,0.41
5053,OC(CN1c2ccccc2N(Cc2cccc(OC(F)(F)F)c2)CC1c1cccc(OC(F)(F)C(F)F)c1)C(F)(F)F,0.015
5054,Cc1nn(C)c2ccc(N3CCN(C(=O)C4CCCCC4C(O)=NC4(C#N)CC4)C(C)C3)cc12,0.25
5055,CNC(=O)N1CCc2c(c(N3CCCc4cc(-c5cnn(C)c5)c(C(F)F)cc43)nn2C2CCOCC2)C1,0.16
5056,CCOP(=O)(O)C1=CC(OC(CC)CC)C(N=C(C)O)C(NC(=N)N)C1,0.86
5057,C=C1CC2C3C=C(C)C4=CC(=O)CCC4(C)C3CCC2(C)C1(OC(C)=O)C(C)=O,0.0232
5058,O=C(O)c1cc(CN2CCC(c3nc4ccccc4[nH]3)CC2)c2ccccn2c1=O,0.18
5059,O=C(O)CC(CCCCCCc1ccc2c(n1)NCCC2)c1cncnc1,0.06
5060,Cn1cc(S(=O)(=O)N2CCC3=Cc4c(cnn4-c4ccc(F)cc4)CC3(C(=O)c3cc(C(F)(F)F)ccn3)C2)cn1,0.0109999999999998
5061,CC1(C)CCn2nc(COc3ccccc3)cc2C1=O,0.0999999999999999
5062,CSC1=NC(C)(c2ccccc2)C(=O)N1Nc1ccccc1,0.0241
5063,O=C(Nc1c(Cl)cncc1Cl)c1ccc(OC(F)F)c(OCC2CC2)c1,0.01
5064,CC1C(N=C(O)C(=NOC(C)(C)C(=O)O)c2csc(=N)[nH]2)C(=O)N1C(O)=NS(=O)(=O)N1CC(NCc2cc(=O)c(O)c[nH]2)CC1=O,0.4
5065,COC1C=COC2(C)Oc3c(C)c(O)c4c(O)c(c(C=NN5CCN(C)CC5)c(O)c4c3C2=O)N=C(O)C(C)=CC=CC(C)C(O)C(C)C(O)C(C)C(OC(C)=O)C1C,0.1716666667
5066,CC1(c2cc(F)cc(F)c2)CNC2(CCCC2)C(=O)N1CC(=O)Nc1ccc2c(c1)CC1(C2)C(=O)Nc2ncccc21,0.1059999999999999
5067,O=C(OC1C[N+]2(CC(O)=NCCCN=C(O)c3ccccn3)CCC1CC2)C1(C2=CC=CC2)CCCCCC1,0.0259999999999999
5068,Cc1cc(-n2cnc3ccc(NC(C)c4ncc(F)cn4)nc32)n[nH]1,0.39
5069,N#CC1(c2ccccn2)CCN(Cc2cc(C(=O)NC3CCOCC3)c(=O)n3ccccc23)CC1,0.4966666666666666
5070,COc1ccc(-c2cc(CCC(C)(C(=O)NO)S(C)(=O)=O)on2)c(F)c1,0.072
5071,CCCCCCCCc1ccc(CCC(N)(CO)COP(=O)(O)O)cc1,0.003
5072,O=C(O)CC(O)CC(O)C=Cc1c(C2CC2)nc2ccccc2c1-c1ccc(F)cc1,0.0075
5073,CC1(COc2ccc(N3CCC(Oc4ccc(OC(F)(F)F)cc4)CC3)cc2)Cn2cc([N+](=O)[O-])nc2O1,0.005
5074,Cc1cc(Nc2ccc(C(C)(C)C)c(F)c2)n2ncnc2n1,0.0359999999999999
5075,Cc1cc(Nc2nccc3nc(-c4c(Cl)cc(C#N)cc4Cl)[nH]c23)ncn1,0.028
5076,Oc1cc(Cl)c(Cl)cc1Cl,0.0053109999999999
5077,COc1cnc2ccn(C(C)c3nnc4c(F)cc(-c5cnn(C)c5)cn34)c(=O)c2c1,0.309
5078,Cc1cc(Oc2cccc(Cn3ccnc3)c2)cc(C)c1Cl,0.002
5079,COc1cc(C(O)CN)ccc1O,0.95
5080,Cc1c(CC(=O)O)c2cccnc2n1S(=O)(=O)c1ccc(Cl)c(Cl)c1,0.0659999999999999
5081,Cc1ccc2c(-c3cnc4[nH]cc(C(O)=NC(C)(C)CO)c4n3)nn(CCCN(C)C)c2c1,0.12
5082,CC(=O)N1CCC(CN2CCC(NC(=O)Nc3cc(C(F)(F)F)cc(C(F)(F)F)c3)CC2)CC1,0.05
5083,OC(=NCC(O)CN1CCC(Oc2ccc(Cl)c(Cl)c2)CC1)c1c[nH]nc1C1CC1,0.04
5084,CC(C)(S)C(N)C(=O)O,0.1999999999999999
5085,CC(C)C(=O)N1CCC(NC(=O)Nc2ccc(OC(F)(F)F)cc2)CC1,0.1099999999999999
5086,Cn1c(=O)c(-c2cc(C(=O)NC3CC3)ccc2Cl)cc2cnn(-c3c(F)cccc3F)c21,0.0379999999999999
5087,C=CC1CC1(N=C(O)C1CC2CN1C(=O)C(C(C)C)NC(C(F)(F)F)CCCCCCc1cccc3c1CN(C3)C(=O)O2)C(O)=NS(=O)(=O)C1CC1,0.019
5088,CC(CO)Nc1cc(NS(=O)(=O)N2CCCC2)nc(SCc2cccc(F)c2F)n1,0.0059999999999998
5089,CCC(C)C(C(CC(=O)N1CCCC1C(OC)C(C)C(O)=NC(Cc1ccccc1)c1nccs1)OC)N(C)C(=O)C(N=C(O)C(C)(C)N)C(C)C,0.0699999999999999
5090,Clc1ccc(CN2CCOC(COc3ccccc3)C2)cc1,0.007
5091,CCOc1ccc(-n2ncc(-c3ccc4cc(CCN5CCCC5C)ccc4n3)c2C)nn1,0.1766666666666666
5092,CCC(C)C(=O)OC1CC(C)C=C2C=CC(C)C(CCC(O)CC(O)CC(=O)O)C21,0.0438071428571428
5093,CN1CC(F)(F)CC1c1nc(C(=O)NCc2ccc(F)cc2)c(O)c(=O)n1C,0.12
5094,CC(C)CN(CC(OP(=O)(O)O)C(Cc1ccccc1)NC(=O)OC1CCOC1)S(=O)(=O)c1ccc(N)cc1,0.0999999999999999
5095,CS(=O)(=O)c1ccc(-c2cnc(N)c(-c3ccc(C(F)(F)F)c(F)c3)c2)cc1,0.052
5096,Cc1cn(Cc2ccc(Cl)cc2Cl)c2c(-c3nnc(NS(=O)(=O)c4cc(Cl)c(Cl)s4)o3)cc(F)cc12,0.002
5097,O=C(NCCc1ccccc1Cl)c1cc(-n2ncc(=O)[nH]c2=O)ccc1Cl,0.005
5098,CCC(CC)OC1C=C(C(=O)O)CC(N)C1N=C(C)O,0.97
5099,Cc1cc(NS(=O)(=O)c2ccc(N)cc2)no1,0.2452380985714285
5100,CN1CCC2(CC1)CN=C(O)c1cc(-c3ccnc(N=C(O)c4cccc(OC(F)(F)F)c4)c3)[nH]c12,0.027
5101,CP(=O)(O)CCC(N)C(=O)O,0.990000005
5102,CN(C)c1ccc(O)c2c1CC1CC3C(N(C)C)C(=O)C(C(N)=O)=C(O)C3(O)C(=O)C1=C2O,0.2483333333333333
5103,O=C(O)c1cc(Cc2ccccc2)c2ccccn2c1=O,0.0
5104,O=C(O)c1ccccc1-c1c2ccc(=O)cc-2oc2cc(O)ccc12,0.1277777777777777
5105,COc1cc2nnc(C(=N)O)c(Nc3ccc(F)cc3F)c2cc1N1CCN(C)CC1,0.0959999999999999
5106,CC1(C)SC2C(NC(=O)Cc3ccccc3)C(=O)N2C1C(=O)O,0.3866476190476191
5107,COCCON=C(O)N(Cc1ccsc1)C1CCN(C(C)CCN=C(O)c2c(C)cc(Cl)nc2C)CC1,0.43
5108,C=CC1CN2CCC1CC2C(O)c1ccnc2ccc(OC)cc12,0.2108849974999999
5109,COC(=O)c1ccccc1O,0.107
5110,CSC(=O)c1c(C(F)F)nc(C(F)(F)F)c(C(=O)SC)c1CC(C)C,0.0037965
5111,COc1c(C)cnc(Cn2cc(C#CCC(C)(C)O)c3c(Cl)[nH]c(=N)nc32)c1C,0.0329999999999999
5112,c1cnc2c(Nc3ccc4c(C5CC5)n[nH]c4c3)n[nH]c2c1,0.0309999999999999
5113,COc1ccc(-c2c(-c3ccnc(NC(C)=O)c3)[nH]c3cccnc23)nc1,0.24
5114,CCOC(=O)C(CCc1ccccc1)NC1CCCN2CCCC(C(=O)O)N2C1=O,0.75
5115,CC(CO)Nc1nc(SCc2cccc(F)c2F)nc2nc(NS(C)(=O)=O)sc12,0.0109999999999998
5116,CC(O)c1nc2cnc3[nH]ccc3c2n1C1CCC(NCC(F)(F)F)C1,0.4399999999999999
5117,Cc1ccc(C(O)=Nc2cccc(C(F)(F)F)c2)cc1-c1ccc2nc(=NCCN3CCOCC3)[nH]cc2c1,0.05
5118,COCCOc1ccc(C2CC(C(F)(F)F)n3ncc(C(O)=NCc4ccc(F)cc4)c3N2)cc1,0.019
5119,CN1CCC2(CC1)CNC(=O)c1cc(-c3ccnc(NC(=O)c4ccc5ccccc5c4)c3)[nH]c12,0.005
5120,COC(=O)c1ccc(-c2ccc(Cl)c(OC3OC(CO)C(O)C(O)C3O)c2)cc1,0.04
5121,CCOC(=O)COc1cc(-c2nn(C)c(OC(F)F)c2Cl)c(F)cc1Cl,0.435
5122,CC1NC(=O)C(C(C)C)NC(=O)C(C)(C)C=Cc2ccc3ccc(nc3c2)C(C)OC(=O)C2CCCN(N2)C1=O,0.1899999999999999
5123,COC(=O)c1ccc(-c2ccc(OC3OC(CO)C(O)C(O)C3O)cc2Cl)cc1,0.05
5124,Sc1nc2ccccc2[nH]1,0.4
5125,COC1CC(OC2C(C)C(=O)OC(C)C(C)C(O)C(C)C(=O)C3(CO3)CC(C)C(OC3OC(C)CC(N(C)C)C3O)C2C)OC(C)C1O,0.3987666666666667
5126,Cc1c[nH]c(=NCC(F)(F)c2ccccc2)c(=O)n1CC(O)=NCCONC(=N)N,0.3299999999999999
5127,Nc1c(Cl)cc([N+](=O)[O-])cc1Cl,0.0025
5128,CC(C)Cc1ccc(C(C)C(=O)OC(C)C)cc1,0.35
5129,Cc1c(Cc2ccc(=O)n(Cc3ccccc3)n2)c2cc(Cl)ccc2n1CC(=O)O,0.02
5130,CC(N)C12CC3CC(CC(C3)C1)C2,0.6000000066666668
5131,FCCn1cc(-c2ccncc2)c(-c2ccc(OCc3ccc4ccccc4n3)cc2)n1,0.005
5132,COc1ccc(-c2cc(N3CC(N)C(c4cc(F)c(F)cc4F)C3)ncn2)cn1,0.06
5133,COCC(=O)NC1C(=O)N2C1SC(C)(C)C2C(=O)O,0.9298333366666668
5134,COCCCOc1cc[nH+]c(CS(=O)c2nc3ccccc3[nH]2)c1C,0.04
5135,Cc1cc(=Nc2ncc3c(n2)CN(C(O)=NC(C)c2ccc(Cl)c(Cl)c2)CC3)cc[nH]1,0.0059999999999998
5136,Cc1nnc(SCC2=C(C(=O)O)N3C(=O)C(N=C(O)Cn4cnnn4)C3SC2)s1,0.145
5137,CC1CS(=O)(=O)CCN1N=Cc1ccc([N+](=O)[O-])o1,0.5800000000000001
5138,CC(=O)CC(c1ccc([N+](=O)[O-])cc1)c1c(O)oc2ccccc2c1=O,0.015
5139,COc1ccc(NC(=O)c2cc(Oc3cncc(F)c3)cn3ccnc23)nc1,0.028
5140,N#Cc1cc2c(cn1)[nH]c1ncc(-c3ccc(CN4CCC5(CC4)COC5)cc3)cc12,0.049
5141,COc1ccccc1N,0.4532
5142,Cc1nnc2sc(C(=O)NCc3ccc(S(=O)(=O)C(F)(F)F)cc3)c(N)c2c1C,0.019
5143,CN1CCN(C(=O)c2ccc(-c3ccc4ncc(-c5ccc(C#N)cc5)n4c3)cc2)CC1,0.003
5144,COC(=O)N(C(=O)N1COC2(C(=O)OC)Cc3cc(Cl)ccc3C2=N1)c1ccc(OC(F)(F)F)cc1,0.0025
5145,CC12Cc3[nH]nc(C(=O)Nc4cnn(C(c5ccccc5)C5CCS(=O)(=O)CC5)c4)c3CC1C2,0.03
5146,CNc1ccc(C=Cc2ccc(OCCOCCOCCF)cc2)cc1,0.015
5147,CC(C(=O)OC1C[N+]2(Cc3noc(-c4ccccc4)n3)CCC1CC2)(c1cccs1)N1CCCCC1,0.022
5148,CNC(=O)C=C(C)OP(=O)(OC)OC,0.898
5149,O=C(O)c1cc(CN2CCN(c3ccc(Br)cc3)CC2)c2ccccn2c1=O,0.0649999999999999
5150,N#Cc1ccc(-c2ccc(CC(C#N)NC(=O)C3CCCCCC3N)cc2)cc1,0.03
5151,COc1ccc2ncc(F)c(C(O)CN3CCC(NCc4cc5c(cn4)OCCO5)CC3)c2n1,0.312875
5152,CCCNc1cc(C(=O)NC(CCC(=O)O)C(=O)N2CCN(C(=O)OCC)CC2)nc(-c2ccccc2)n1,0.015
5153,COC1=CC=C2N=C(S(=O)Cc3ncc(C)c(OC)c3C)N=C2C1,0.05
5154,CCNC(=O)Nc1ccc(-c2nc(N3CCOCC3C)c3c(n2)C(C)(CCN(C)C)OC3)cc1,0.41
5155,CC(N=C(O)c1cc(F)cc(CN2C(=N)NC(C)(C(C)C)CC2=O)c1)c1ccccc1,0.0579999999999999
5156,CCC1NC(=O)C(NC(=O)c2ncccc2O)C(C)OC(=O)C(c2ccccc2)NC(=O)C2CC(=O)C(CSC3CN4CCC3CC4)CN2C(=O)C(Cc2ccc(N(C)C)cc2)N(C)C(=O)C2CCCN2C1=O,0.3406666666666667
5157,CC(Oc1cc(-n2cnc3ccc(OCC4CCN(C)CC4)cc32)sc1C(N)=O)c1ccccc1C(F)(F)F,0.023
5158,CCc1cc(CC)n2nc(-c3ccc(OC)cc3)c(CC(=O)N(CC)c3ccccc3)c2n1,0.0059999999999998
5159,Cc1ccc(N=C(O)c2cccc(N(C)C)c2)cc1NC(=O)c1ccc(OCc2ccccn2)cc1,0.0065
5160,CC(ON=C(C(=O)NC1C(=O)N(OS(=O)(=O)O)C1(C)C)c1nc(N)sc1Cl)c1cc(=O)c(O)cn1O,0.002
5161,O=C(O)c1cn(Cc2ccc(N3CCOC3=O)cc2)c2cccc(F)c2c1=O,0.2239999999999999
5162,CC(C)CC(O)=Nc1n[nH]c2c1CN(C(=O)C1CCN(C)CC1)C2(C)C,0.4599999999999999
5163,Cc1cc(Nc2ccc3c(c2)CCCC3)n2ncnc2n1,0.045
5164,COn1cc(C(=O)O)c(=O)c2cc3c(cc21)OCO3,0.14
5165,Oc1ccc(-c2nc(-c3ccc(Oc4ccc(C(F)(F)F)cc4)cc3)no2)cc1,0.0009999999999998
5166,CS(=O)(=O)c1ccc(C(O)C(COC(=O)CN)NC(=O)C(Cl)Cl)cc1,0.27
5167,O=C1C(N=C(O)c2cc3cc(Cl)ccc3[nH]2)Cc2ccccc2N1CC(O)CO,0.998
5168,CC(C)N=C(O)c1cc(F)ccc1CN=C(O)c1nc(C(C)(C)C)n(C)c(=O)c1O,0.01
5169,CC(O)=Nc1ccc2ccn(-c3cc(NCCCCO)n4ncc(C#N)c4n3)c2c1,0.0409999999999999
5170,CS(=O)(=O)N1CCN(Cc2cc3nc(-c4cnc(=N)[nH]c4)nc(N4CCOCC4)c3s2)CC1,0.49
5171,CN(C)CCC=C1c2ccccc2Sc2ccc(Cl)cc21,0.01
5172,Cc1onc(C(=O)N2C3CCC2CC(Nc2cc(=O)n(C)c4cc(F)c(F)cc24)C3)c1C,0.03
5173,CN(C)C1C(O)=C(C(=N)O)C(=O)C2(O)C(O)=C3C(=O)c4c(O)cccc4C(C)(O)C3CC12,0.78
5174,NS(=O)(=O)c1cc(F)ccc1CNC(=O)c1nc(N2CCCCS2(=O)=O)c2cccnc2c1O,0.02
5175,CCN(CC)C(=O)c1ccc(C2=CC3(CCNCC3)Oc3ccccc32)c(O)c1,0.365
5176,COC(O)=C1C(C)=NC(C)=C(C(=O)OCCN2CCN(C(c3ccccc3)c3ccccc3)CC2)C1c1cccc([N+](=O)[O-])c1,0.01
5177,CC12CCC(=O)C=C1CCC1C2C(=O)CC2(C)C1CCC2(O)C(=O)CO,0.4487
5178,Cc1cccc(Cl)c1Nc1nc2cc(C(=O)Nc3cc(C(F)F)ccc3F)c3c(c2[nH]1)CC(C)(C)O3,0.0008
5179,COc1ccc(-c2ccc(S(=O)(=O)NC(C(=O)O)C3CCCC4(C3)OCCO4)cc2)cc1,0.0104999999999999
